JobNumber,Tier1_Description,Tier2_Description,Tier3_Description,Tier4_Description,Tier5_Description,Tier6_Description,Tier7_Description,Tier8_Description,Tier9_Description,Tier10_Description,Tier11_Description,Tier12_Description,Active,DateEntered,DateChanged,JobDescription,JobAttention,JobAddress1,JobAddress2,JobCity,JobState,JobZip,TypeID,MarkUpPercent,MarkUpMethod,JobSalesTaxStateID,JobSalesTaxCountyID,JobSalesTaxCityID,ServicesTaxable,ProductsTaxable,HolidayMethod,UseDatedTiers,DiscontinueDate,DiscontinueReasonID,SplitShiftMethod,SplitShiftStartTime,TimesheetTypeID,SupervisorID,HoursCategoryID,HoursWorkedFrom1,HoursWorkedTo1,HoursToDeduct1,HoursWorkedFrom2,HoursWorkedTo2,HoursToDeduct2,HoursWorkedFrom3,HoursWorkedTo3,HoursToDeduct3,TimeKeepingJob,ATMJob,PrintTimesheet,PrintJobCostReport,PrintJobCostScreen,Notes,JobPayrollTaxStateID,AccrualTypeID,Salutation,ContactNameFirst,ContactNameLast,ContactTitle,Phone1,Phone1Description,Phone2,Phone2Description,Phone3,Phone3Description,Directions,Keys,ReviewDate,DateToStart,TaxesInsuranceID,ForceBudgetsToActual,ForceBudgetsDateFrom,ForceBudgetsDateTo,PONumber,ForceActualToBudgets,ParentJobNumber,TypeDescription,TIDescription,DiscontinueReason,Supervisor,AccrualType,HoursCategory,CompanyNumber,CompanyName,customernumber,customername,LocationDescription,JobSalesTaxStateDesc,JobSalesTaxCountyDesc,JobSalesTaxCityDesc,JobPayrollTaxStateDesc,ServicesTaxableDesc,ProductsTaxableesc,HolidayMethodDesc,TimesheetTypeDesc,CustomLabel1,CustomLabel2,CustomLabel3,CustomLabel4,CustomLabel5,CustomLabel6,CustomLabel7,CustomLabel8,CustomLabel9,CustomLabel10,CustomLabel11,CustomLabel12,CustomLabel13,CustomLabel14,CustomLabel15,CustomLabel16,CustomLabel17,CustomLabel18,CustomLabel19,CustomLabel20,CustomLabel21,CustomLabel22,CustomLabel23,CustomLabel24,CustomLabel25,CustomLabel26,CustomLabel27,CustomLabel28,CustomLabel29,CustomLabel30,CustomLabel31,CustomLabel32,CustomLabel33,CustomLabel34,CustomLabel35,CustomLabel36,CustomLabel37,CustomLabel38,CustomLabel39,UserCode1,UserCode2,UserCode3,UserCode4,UserCode5,UserCode6,UserCode7,UserCode8,UserCode9,UserCode10,UserCode11,UserCode12,UserCode13,UserCode14,UserCode15,UserCode16,UserCode17,UserCode18,UserCode19,UserCode20,UserCode21,UserCode22,UserCode23,UserCode24,UserCode25,UserCode26,UserCode27,UserCode28,UserCode29,UserCode30,UserCode31,UserCode32,UserCode33,UserCode34,UserCode35,UserCode36,UserCode37,UserCode38,UserCode39,TTJobNumber,TaxabilityByJob,SalesTaxL1,SalesTaxL2,SalesTaxL3,StateGovtType,CountyGovtType,CityGovtType,Local1GovtType,Local2GovtType,Local3GovtType,SDC1,SDC2,SDC3,SDC4,SDC5,SDC6,SDC7,SDC8,SDC9,SDC10,SDC11,SDC12,ServiceExpirationDate,HasContacts,Taxable,TaxExemptID,TaxExemptExpirationDate
128,Duluth,Georgia,Southeast,Contract Janitorial,House Account,Self-Service,None,None,None,None,None,None,True,4/24/2025 3:21:23 PM,5/28/2025 12:50:59 PM,York & Gaskill (McGahren),,1815 Satellite Blvd Ste 404,,Duluth,GA,30097-5239,5,,1,3,,,True,False,1,False,,,1,,6,26,1,,,,,,,,,,True,True,True,True,True,,8,,,,,,,,,,,,,,,,6,False,,,,False,,Internal Department,GA - Operations,,Silvestre Perez,,Operations,1,Crane Integrated Facility Services Inc.,,,Main,GA,,,GA,Yes,No,Standard,TeamTime,,,,,,,,,,,,,,,,,,,,,,,,,,,,,,,,,,,,,,,,,,,,,,,,,,,,,,,,,,,,,,,,,,,,,,,,,,,,,,,128,True,,,,State,,,,,,City,State,Region,Service,Contract Owner,Service Provider,Manager,Reporting Super,Reviewing Super,Tier 10,Tier 11,Tier 12,,0,True,,
127,White Settlement,Texas,Southwest,Contract Janitorial,House Account,Self-Service,None,None,None,None,None,None,True,4/24/2025 3:21:23 PM,4/28/2026 7:53:59 AM,WS-West Elementary,,8901 White Settlement Rd,,White Settlement,TX,76108-2023,1,,1,9,,,True,False,1,False,,,1,,6,56,1,,,,,,,,,,True,True,True,True,True,,29,,,,,,,,,,,,,,,,15,False,,,,False,112,Education,TX - Operations,,Waymond Robinson,,Operations,1,Crane Integrated Facility Services Inc.,,,Main,TX,,,TX,Yes,No,Standard,TeamTime,,,,,,,,,,,,,,,,,,,,,,,,,,,,,,,,,,,,,,,,,,,,,,,,,,,,,,,,,,,,,,,,,,,,,,,,,,,,,,,127,True,,,,State,,,,,,City,State,Region,Service,Contract Owner,Service Provider,Manager,Reporting Super,Reviewing Super,Tier 10,Tier 11,Tier 12,,0,True,,
126,White Settlement,Texas,Southwest,Contract Janitorial,House Account,Self-Service,None,None,None,None,None,None,True,4/24/2025 3:21:23 PM,4/28/2026 7:53:47 AM,WS-Virtual Academy of N Texas,,401 S Cherry Ln,,White Settlement,TX,76108-2521,1,,1,9,,,True,False,1,False,,,1,,6,56,1,,,,,,,,,,True,True,True,True,True,,29,,,,,,,,,,,,,,,,15,False,,,,False,112,Education,TX - Operations,,Waymond Robinson,,Operations,1,Crane Integrated Facility Services Inc.,,,Main,TX,,,TX,Yes,No,Standard,TeamTime,,,,,,,,,,,,,,,,,,,,,,,,,,,,,,,,,,,,,,,,,,,,,,,,,,,,,,,,,,,,,,,,,,,,,,,,,,,,,,,126,True,,,,State,,,,,,City,State,Region,Service,Contract Owner,Service Provider,Manager,Reporting Super,Reviewing Super,Tier 10,Tier 11,Tier 12,,0,True,,
125,White Settlement,Texas,Southwest,Contract Janitorial,House Account,Self-Service,None,None,None,None,None,None,True,4/24/2025 3:21:23 PM,4/28/2026 7:53:39 AM,WS-Transportation Facility,,1313 Mary K Ln,,White Settlement,TX,76108-3139,1,,1,9,,,True,False,1,False,,,1,,6,56,1,,,,,,,,,,True,True,True,True,True,,29,,,,,,,,,,,,,,,,15,False,,,,False,112,Education,TX - Operations,,Waymond Robinson,,Operations,1,Crane Integrated Facility Services Inc.,,,Main,TX,,,TX,Yes,No,Standard,TeamTime,,,,,,,,,,,,,,,,,,,,,,,,,,,,,,,,,,,,,,,,,,,,,,,,,,,,,,,,,,,,,,,,,,,,,,,,,,,,,,,125,True,,,,State,,,,,,City,State,Region,Service,Contract Owner,Service Provider,Manager,Reporting Super,Reviewing Super,Tier 10,Tier 11,Tier 12,,0,True,,
124,White Settlement,Texas,Southwest,Contract Janitorial,House Account,Self-Service,None,None,None,None,None,None,True,4/24/2025 3:21:23 PM,4/28/2026 7:53:33 AM,WS-Tannahill Intermediate,,701 American Flyer Blvd,,Fort Worth,TX,76108-4687,1,,1,9,,,True,False,1,False,,,1,,6,56,1,,,,,,,,,,True,True,True,True,True,,29,,,,,,,,,,,,,,,,15,False,,,,False,112,Education,TX - Operations,,Waymond Robinson,,Operations,1,Crane Integrated Facility Services Inc.,,,Main,TX,,,TX,Yes,No,Standard,TeamTime,,,,,,,,,,,,,,,,,,,,,,,,,,,,,,,,,,,,,,,,,,,,,,,,,,,,,,,,,,,,,,,,,,,,,,,,,,,,,,,124,True,,,,State,,,,,,City,State,Region,Service,Contract Owner,Service Provider,Manager,Reporting Super,Reviewing Super,Tier 10,Tier 11,Tier 12,,0,True,,
123,White Settlement,Texas,Southwest,Contract Janitorial,House Account,Self-Service,None,None,None,None,None,None,True,4/24/2025 3:21:23 PM,4/28/2026 7:53:24 AM,WS-Spec Prog/Fam Resource Ctr,,8500 Rockway St,,White Settlement,TX,76108-1324,1,,1,9,,,True,False,1,False,,,1,,6,56,1,,,,,,,,,,True,True,True,True,True,,29,,,,,,,,,,,,,,,,15,False,,,,False,112,Education,TX - Operations,,Waymond Robinson,,Operations,1,Crane Integrated Facility Services Inc.,,,Main,TX,,,TX,Yes,No,Standard,TeamTime,,,,,,,,,,,,,,,,,,,,,,,,,,,,,,,,,,,,,,,,,,,,,,,,,,,,,,,,,,,,,,,,,,,,,,,,,,,,,,,123,True,,,,State,,,,,,City,State,Region,Service,Contract Owner,Service Provider,Manager,Reporting Super,Reviewing Super,Tier 10,Tier 11,Tier 12,,0,True,,
122,White Settlement,Texas,Southwest,Contract Janitorial,House Account,Self-Service,None,None,None,None,None,None,True,4/24/2025 3:21:23 PM,4/28/2026 7:53:17 AM,WS-Ops Auxiliary Buildings,,1316 Mary K Ln,,White Settlement,TX,76108-3138,1,,1,9,,,True,False,1,False,,,1,,6,56,1,,,,,,,,,,True,True,True,True,True,,29,,,,,,,,,,,,,,,,15,False,,,,False,112,Education,TX - Operations,,Waymond Robinson,,Operations,1,Crane Integrated Facility Services Inc.,,,Main,TX,,,TX,Yes,No,Standard,TeamTime,,,,,,,,,,,,,,,,,,,,,,,,,,,,,,,,,,,,,,,,,,,,,,,,,,,,,,,,,,,,,,,,,,,,,,,,,,,,,,,122,True,,,,State,,,,,,City,State,Region,Service,Contract Owner,Service Provider,Manager,Reporting Super,Reviewing Super,Tier 10,Tier 11,Tier 12,,0,True,,
121,White Settlement,Texas,Southwest,Contract Janitorial,House Account,Self-Service,None,None,None,None,None,None,True,4/24/2025 3:21:23 PM,4/28/2026 7:53:08 AM,WS-North Elementary,,9850 Legacy Dr,,Fort Worth,TX,76108-4190,1,,1,9,,,True,False,1,False,,,1,,6,56,1,,,,,,,,,,True,True,True,True,True,,29,,,,,,,,,,,,,,,,15,False,,,,False,112,Education,TX - Operations,,Waymond Robinson,,Operations,1,Crane Integrated Facility Services Inc.,,,Main,TX,,,TX,Yes,No,Standard,TeamTime,,,,,,,,,,,,,,,,,,,,,,,,,,,,,,,,,,,,,,,,,,,,,,,,,,,,,,,,,,,,,,,,,,,,,,,,,,,,,,,121,True,,,,State,,,,,,City,State,Region,Service,Contract Owner,Service Provider,Manager,Reporting Super,Reviewing Super,Tier 10,Tier 11,Tier 12,,0,True,,
120,White Settlement,Texas,Southwest,Contract Janitorial,House Account,Self-Service,None,None,None,None,None,None,True,4/24/2025 3:21:23 PM,4/28/2026 7:52:59 AM,WS-Maintenance & Operations,,8041 Gibbs Drive,,White Settlement,TX,76108,1,,1,9,,,True,False,1,False,,,1,,6,56,1,,,,,,,,,,True,True,True,True,True,,29,,,,,,,,,,,,,,,,15,False,,,,False,112,Education,TX - Operations,,Waymond Robinson,,Operations,1,Crane Integrated Facility Services Inc.,,,Main,TX,,,TX,Yes,No,Standard,TeamTime,,,,,,,,,,,,,,,,,,,,,,,,,,,,,,,,,,,,,,,,,,,,,,,,,,,,,,,,,,,,,,,,,,,,,,,,,,,,,,,120,True,,,,State,,,,,,City,State,Region,Service,Contract Owner,Service Provider,Manager,Reporting Super,Reviewing Super,Tier 10,Tier 11,Tier 12,,0,True,,
119,White Settlement,Texas,Southwest,Contract Janitorial,House Account,Self-Service,None,None,None,None,None,None,True,4/24/2025 3:21:23 PM,4/28/2026 7:52:53 AM,WS-Liberty Elementary,,7976 Whitney Dr,,White Settlement,TX,76108-2844,1,,1,9,,,True,False,1,False,,,1,,6,56,1,,,,,,,,,,True,True,True,True,True,,29,,,,,,,,,,,,,,,,15,False,,,,False,112,Education,TX - Operations,,Waymond Robinson,,Operations,1,Crane Integrated Facility Services Inc.,,,Main,TX,,,TX,Yes,No,Standard,TeamTime,,,,,,,,,,,,,,,,,,,,,,,,,,,,,,,,,,,,,,,,,,,,,,,,,,,,,,,,,,,,,,,,,,,,,,,,,,,,,,,119,True,,,,State,,,,,,City,State,Region,Service,Contract Owner,Service Provider,Manager,Reporting Super,Reviewing Super,Tier 10,Tier 11,Tier 12,,0,True,,
118,White Settlement,Texas,Southwest,Contract Janitorial,House Account,Self-Service,None,None,None,None,None,None,True,4/24/2025 3:21:23 PM,4/28/2026 7:52:37 AM,WS-Fine Arts Academy,,8301 Downe Dr,,White Settlement,TX,76108-3007,1,,1,9,,,True,False,1,False,,,1,,6,56,1,,,,,,,,,,True,True,True,True,True,,29,,,,,,,,,,,,,,,,15,False,,,,False,112,Education,TX - Operations,,Waymond Robinson,,Operations,1,Crane Integrated Facility Services Inc.,,,Main,TX,,,TX,Yes,No,Standard,TeamTime,,,,,,,,,,,,,,,,,,,,,,,,,,,,,,,,,,,,,,,,,,,,,,,,,,,,,,,,,,,,,,,,,,,,,,,,,,,,,,,118,True,,,,State,,,,,,City,State,Region,Service,Contract Owner,Service Provider,Manager,Reporting Super,Reviewing Super,Tier 10,Tier 11,Tier 12,,0,True,,
117,White Settlement,Texas,Southwest,Contract Janitorial,House Account,Self-Service,None,None,None,None,None,None,True,4/24/2025 3:21:23 PM,4/28/2026 7:52:28 AM,WS-DAEP Building,,728 Comal Ave,,White Settlement,TX,76108-1309,1,,1,9,,,True,False,1,False,,,1,,6,56,1,,,,,,,,,,True,True,True,True,True,,29,,,,,,,,,,,,,,,,15,False,,,,False,112,Education,TX - Operations,,Waymond Robinson,,Operations,1,Crane Integrated Facility Services Inc.,,,Main,TX,,,TX,Yes,No,Standard,TeamTime,,,,,,,,,,,,,,,,,,,,,,,,,,,,,,,,,,,,,,,,,,,,,,,,,,,,,,,,,,,,,,,,,,,,,,,,,,,,,,,117,True,,,,State,,,,,,City,State,Region,Service,Contract Owner,Service Provider,Manager,Reporting Super,Reviewing Super,Tier 10,Tier 11,Tier 12,,0,True,,
116,White Settlement,Texas,Southwest,Contract Janitorial,House Account,Self-Service,None,None,None,None,None,None,True,4/24/2025 3:21:23 PM,4/28/2026 7:52:19 AM,WS-Brewer Middle School,,1000 S Cherry Ln,,White Settlement,TX,76108-3215,1,,1,9,,,True,False,1,False,,,1,,6,56,1,,,,,,,,,,True,True,True,True,True,,29,,,,,,,,,,,,,,,,15,False,,,,False,112,Education,TX - Operations,,Waymond Robinson,,Operations,1,Crane Integrated Facility Services Inc.,,,Main,TX,,,TX,Yes,No,Standard,TeamTime,,,,,,,,,,,,,,,,,,,,,,,,,,,,,,,,,,,,,,,,,,,,,,,,,,,,,,,,,,,,,,,,,,,,,,,,,,,,,,,116,True,,,,State,,,,,,City,State,Region,Service,Contract Owner,Service Provider,Manager,Reporting Super,Reviewing Super,Tier 10,Tier 11,Tier 12,,0,True,,
115,White Settlement,Texas,Southwest,Contract Janitorial,House Account,Self-Service,None,None,None,None,None,None,True,4/24/2025 3:21:23 PM,4/28/2026 7:51:53 AM,WS-Brewer High School,,1025 W Loop 820 N,,Fort Worth,TX,76108-1055,1,,1,9,,,True,False,1,False,,,1,,6,56,1,,,,,,,,,,True,True,True,True,True,,29,,,,,,,,,,,,,,,,15,False,,,,False,112,Education,TX - Operations,,Waymond Robinson,,Operations,1,Crane Integrated Facility Services Inc.,,,Main,TX,,,TX,Yes,No,Standard,TeamTime,,,,,,,,,,,,,,,,,,,,,,,,,,,,,,,,,,,,,,,,,,,,,,,,,,,,,,,,,,,,,,,,,,,,,,,,,,,,,,,115,True,,,,State,,,,,,City,State,Region,Service,Contract Owner,Service Provider,Manager,Reporting Super,Reviewing Super,Tier 10,Tier 11,Tier 12,,0,True,,
114,White Settlement,Texas,Southwest,Contract Janitorial,House Account,Self-Service,None,None,None,None,None,None,True,4/24/2025 3:21:23 PM,4/28/2026 7:51:41 AM,WS-Blue Haze Elementary,,601 Blue Haze Dr,,Fort Worth,TX,76108-4061,1,,1,9,,,True,False,1,False,,,1,,6,56,1,,,,,,,,,,True,True,True,True,True,,29,,,,,,,,,,,,,,,,15,False,,,,False,112,Education,TX - Operations,,Waymond Robinson,,Operations,1,Crane Integrated Facility Services Inc.,,,Main,TX,,,TX,Yes,No,Standard,TeamTime,,,,,,,,,,,,,,,,,,,,,,,,,,,,,,,,,,,,,,,,,,,,,,,,,,,,,,,,,,,,,,,,,,,,,,,,,,,,,,,114,True,,,,State,,,,,,City,State,Region,Service,Contract Owner,Service Provider,Manager,Reporting Super,Reviewing Super,Tier 10,Tier 11,Tier 12,,0,True,,
148,White Settlement,Texas,Southwest,Contract Janitorial,House Account,Self-Service,None,None,None,None,None,None,True,8/25/2025 7:29:48 AM,4/28/2026 7:51:00 AM,WS-Additional Billing,,1025 W Loop 820 N,,Fort Worth,TX,76108-1055,1,,1,9,,,True,False,1,False,,,1,,6,56,1,7.0000,16.0000,0.5000,,,,,,,True,True,True,True,True,,29,,,,,,,,,,,,,,,,15,False,,,,False,112,Education,TX - Operations,,Waymond Robinson,,Operations,1,Crane Integrated Facility Services Inc.,,,Main,TX,,,TX,Yes,No,Standard,TeamTime,,,,,,,,,,,,,,,,,,,,,,,,,,,,,,,,,,,,,,,,,,,,,,,,,,,,,,,,,,,,,,,,,,,,,,,,,,,,,,,148,True,,,,State,,,,,,City,State,Region,Service,Contract Owner,Service Provider,Manager,Reporting Super,Reviewing Super,Tier 10,Tier 11,Tier 12,,0,True,,
113,White Settlement,Texas,Southwest,Contract Janitorial,House Account,Self-Service,None,None,None,None,None,None,True,4/24/2025 3:21:23 PM,4/29/2026 8:11:02 AM,WS - Administration,,8224 White Settlement Rd,,White Settlement,TX,76108-1603,1,,1,9,,,True,False,1,False,,,1,,6,56,1,,,,,,,,,,True,True,True,True,True,,29,,,,,,,,,,,,,,,,15,False,,,,False,112,Education,TX - Operations,,Waymond Robinson,,Operations,1,Crane Integrated Facility Services Inc.,,,Main,TX,,,TX,Yes,No,Standard,TeamTime,,,,,,,,,,,,,,,,,,,,,,,,,,,,,,,,,,,,,,,,,,,,,,,,,,,,,,,,,,,,,,,,,,,,,,,,,,,,,,,113,True,,,,State,,,,,,City,State,Region,Service,Contract Owner,Service Provider,Manager,Reporting Super,Reviewing Super,Tier 10,Tier 11,Tier 12,,0,True,,
Tax,WT System Job,WT System Job,WT System Job,WT System Job,WT System Job,WT System Job,Gabriel Vasquez,WT System Job,None,None,None,None,False,11/13/2017 11:54:33 AM,6/12/2019 2:16:43 PM,WinTeam Use - Tax Allocation,,Company Address,,Omaha,NE,68131,0,,1,1,,,False,False,1,True,1/1/2019,1,1,,,0,5,,,,,,,,,,False,False,False,False,False,,22,,,,,,,,,,,,,,,,1,False,,,,False,,None,WT System Job,Contract Expired,None,,WT System Job,1,Crane Integrated Facility Services Inc.,,,Main,FL,,,NE,No,No,Standard,,,,,,,,,,,,,,,,,,,,,,,,,,,,,,,,,,,,,,,,,,,,,,,,,,,,,,,,,,,,,,,,,,,,,,,,,,,,,,,,,False,,,,State,,,,,,City,State,Region,Service,Contract Owner,Service Provider,Manager,Reporting Super,Reviewing Super,Tier 10,Tier 11,Tier 12,,0,True,,
Tax2,WT System Job,WT System Job,WT System Job,WT System Job,WT System Job,WT System Job,Gabriel Vasquez,WT System Job,None,None,None,None,False,2/26/2025 1:27:28 PM,2/26/2025 1:27:28 PM,WinTeam Use - Tax Allocation,,Company Address,,Omaha,NE,68131,0,,1,1,,,False,False,1,True,1/1/2019,1,1,,,0,5,,,,,,,,,,False,False,False,False,False,,22,,,,,,,,,,,,,,,,1,False,,,,False,,None,WT System Job,Contract Expired,None,,WT System Job,2,Crane West Opco LLC,,,Main,FL,,,NE,No,No,Standard,,,,,,,,,,,,,,,,,,,,,,,,,,,,,,,,,,,,,,,,,,,,,,,,,,,,,,,,,,,,,,,,,,,,,,,,,,,,,,,,,False,,,,State,,,,,,City,State,Region,Service,Contract Owner,Service Provider,Manager,Reporting Super,Reviewing Super,Tier 10,Tier 11,Tier 12,,0,True,,
Tax3,WT System Job,WT System Job,WT System Job,WT System Job,WT System Job,WT System Job,Gabriel Vasquez,WT System Job,None,None,None,None,False,4/28/2026 9:09:44 AM,4/28/2026 9:09:44 AM,WinTeam Use - Tax Allocation,,Company Address,,Omaha,NE,68131,0,,1,1,,,False,False,1,True,1/1/2019,1,1,,,0,5,,,,,,,,,,False,False,False,False,False,,22,,,,,,,,,,,,,,,,1,False,,,,False,,None,WT System Job,Contract Expired,None,,WT System Job,3,Crane Southwest Opco LLC,,,Main,FL,,,NE,No,No,Standard,,,,,,,,,,,,,,,,,,,,,,,,,,,,,,,,,,,,,,,,,,,,,,,,,,,,,,,,,,,,,,,,,,,,,,,,,,,,,,,,,False,,,,State,,,,,,City,State,Region,Service,Contract Owner,Service Provider,Manager,Reporting Super,Reviewing Super,Tier 10,Tier 11,Tier 12,,0,True,,
FA,WT System Job,WT System Job,WT System Job,WT System Job,WT System Job,WT System Job,Gabriel Vasquez,WT System Job,None,None,None,None,False,10/10/2022 4:21:18 PM,10/10/2022 4:21:38 PM,WinTeam Use - FA Gain/Loss,,Company Address,,Omaha,NE,68131,0,,1,1,,,False,False,1,True,1/1/2019,1,1,,,0,5,,,,,,,,,,False,False,False,False,False,,22,,,,,,,,,,,,,,,,1,False,,,,False,,None,WT System Job,Contract Expired,None,,WT System Job,1,Crane Integrated Facility Services Inc.,,,Main,FL,,,NE,No,No,Standard,,,,,,,,,,,,,,,,,,,,,,,,,,,,,,,,,,,,,,,,,,,,,,,,,,,,,,,,,,,,,,,,,,,,,,,,,,,,,,,,,False,,,,State,,,,,,City,State,Region,Service,Contract Owner,Service Provider,Manager,Reporting Super,Reviewing Super,Tier 10,Tier 11,Tier 12,,0,True,,
AR/AP,WT System Job,WT System Job,WT System Job,WT System Job,WT System Job,WT System Job,Gabriel Vasquez,WT System Job,None,None,None,None,False,11/13/2017 11:55:08 AM,6/12/2019 2:16:00 PM,WinTeam Use - AR/AP Discount & Finance Charge,,Company Address,,Omaha,NE,68131,0,,1,1,,,False,False,1,True,1/1/2019,1,1,,,0,5,,,,,,,,,,False,False,False,False,False,,22,,,,,,,,,,,,,,,,1,False,,,,False,,None,WT System Job,Contract Expired,None,,WT System Job,1,Crane Integrated Facility Services Inc.,,,Main,FL,,,NE,No,No,Standard,,,,,,,,,,,,,,,,,,,,,,,,,,,,,,,,,,,,,,,,,,,,,,,,,,,,,,,,,,,,,,,,,,,,,,,,,,,,,,,,,False,,,,State,,,,,,City,State,Region,Service,Contract Owner,Service Provider,Manager,Reporting Super,Reviewing Super,Tier 10,Tier 11,Tier 12,,0,True,,
AR/AP2,WT System Job,WT System Job,WT System Job,WT System Job,WT System Job,WT System Job,Gabriel Vasquez,WT System Job,None,None,None,None,False,2/26/2025 1:26:32 PM,2/26/2025 1:26:32 PM,WinTeam Use - AR/AP Discount & Finance Charge,,Company Address,,Omaha,NE,68131,0,,1,1,,,False,False,1,True,1/1/2019,1,1,,,0,5,,,,,,,,,,False,False,False,False,False,,22,,,,,,,,,,,,,,,,1,False,,,,False,,None,WT System Job,Contract Expired,None,,WT System Job,2,Crane West Opco LLC,,,Main,FL,,,NE,No,No,Standard,,,,,,,,,,,,,,,,,,,,,,,,,,,,,,,,,,,,,,,,,,,,,,,,,,,,,,,,,,,,,,,,,,,,,,,,,,,,,,,,,False,,,,State,,,,,,City,State,Region,Service,Contract Owner,Service Provider,Manager,Reporting Super,Reviewing Super,Tier 10,Tier 11,Tier 12,,0,True,,
AR/AP3,WT System Job,WT System Job,WT System Job,WT System Job,WT System Job,WT System Job,Gabriel Vasquez,WT System Job,None,None,None,None,False,4/28/2026 9:11:11 AM,4/28/2026 9:11:11 AM,WinTeam Use - AR/AP Discount & Finance Charge,,Company Address,,Omaha,NE,68131,0,,1,1,,,False,False,1,True,1/1/2019,1,1,,,0,5,,,,,,,,,,False,False,False,False,False,,22,,,,,,,,,,,,,,,,1,False,,,,False,,None,WT System Job,Contract Expired,None,,WT System Job,3,Crane Southwest Opco LLC,,,Main,FL,,,NE,No,No,Standard,,,,,,,,,,,,,,,,,,,,,,,,,,,,,,,,,,,,,,,,,,,,,,,,,,,,,,,,,,,,,,,,,,,,,,,,,,,,,,,,,False,,,,State,,,,,,City,State,Region,Service,Contract Owner,Service Provider,Manager,Reporting Super,Reviewing Super,Tier 10,Tier 11,Tier 12,,0,True,,
401K,WT System Job,WT System Job,WT System Job,WT System Job,WT System Job,WT System Job,Gabriel Vasquez,WT System Job,None,None,None,None,False,10/7/2022 12:50:07 PM,10/10/2022 4:19:39 PM,WinTeam Use - 401k,,Company Address,,Omaha,NE,68131,0,,1,1,,,False,False,1,True,1/1/2019,1,1,,,0,5,,,,,,,,,,False,False,False,False,False,,22,,,,,,,,,,,,,,,,1,False,,,,False,,None,WT System Job,Contract Expired,None,,WT System Job,1,Crane Integrated Facility Services Inc.,,,Main,FL,,,NE,No,No,Standard,,,,,,,,,,,,,,,,,,,,,,,,,,,,,,,,,,,,,,,,,,,,,,,,,,,,,,,,,,,,,,,,,,,,,,,,,,,,,,,,,False,,,,State,,,,,,City,State,Region,Service,Contract Owner,Service Provider,Manager,Reporting Super,Reviewing Super,Tier 10,Tier 11,Tier 12,,0,True,,
401K2,WT System Job,WT System Job,WT System Job,WT System Job,WT System Job,WT System Job,Gabriel Vasquez,WT System Job,None,None,None,None,False,2/26/2025 1:26:59 PM,2/26/2025 1:26:59 PM,WinTeam Use - 401k,,Company Address,,Omaha,NE,68131,0,,1,1,,,False,False,1,True,1/1/2019,1,1,,,0,5,,,,,,,,,,False,False,False,False,False,,22,,,,,,,,,,,,,,,,1,False,,,,False,,None,WT System Job,Contract Expired,None,,WT System Job,2,Crane West Opco LLC,,,Main,FL,,,NE,No,No,Standard,,,,,,,,,,,,,,,,,,,,,,,,,,,,,,,,,,,,,,,,,,,,,,,,,,,,,,,,,,,,,,,,,,,,,,,,,,,,,,,,,False,,,,State,,,,,,City,State,Region,Service,Contract Owner,Service Provider,Manager,Reporting Super,Reviewing Super,Tier 10,Tier 11,Tier 12,,0,True,,
401K3,WT System Job,WT System Job,WT System Job,WT System Job,WT System Job,WT System Job,Gabriel Vasquez,WT System Job,None,None,None,None,False,4/28/2026 9:09:15 AM,4/28/2026 9:09:15 AM,WinTeam Use - 401k,,Company Address,,Omaha,NE,68131,0,,1,1,,,False,False,1,True,1/1/2019,1,1,,,0,5,,,,,,,,,,False,False,False,False,False,,22,,,,,,,,,,,,,,,,1,False,,,,False,,None,WT System Job,Contract Expired,None,,WT System Job,3,Crane Southwest Opco LLC,,,Main,FL,,,NE,No,No,Standard,,,,,,,,,,,,,,,,,,,,,,,,,,,,,,,,,,,,,,,,,,,,,,,,,,,,,,,,,,,,,,,,,,,,,,,,,,,,,,,,,False,,,,State,,,,,,City,State,Region,Service,Contract Owner,Service Provider,Manager,Reporting Super,Reviewing Super,Tier 10,Tier 11,Tier 12,,0,True,,
111,Alpharetta,Georgia,Southeast,Contract Janitorial,House Account,Self-Service,None,None,None,None,None,None,True,4/24/2025 3:21:23 PM,5/28/2025 12:50:47 PM,Wikoff Color,,1055 Union Center Dr,,Alpharetta,GA,30004-5697,5,,1,3,,,True,False,1,False,,,1,,6,26,1,,,,,,,,,,True,True,True,True,True,,8,,,,,,,,,,,,,,,,6,False,,,,False,,Internal Department,GA - Operations,,Silvestre Perez,,Operations,1,Crane Integrated Facility Services Inc.,,,Main,GA,,,GA,Yes,No,Standard,TeamTime,,,,,,,,,,,,,,,,,,,,,,,,,,,,,,,,,,,,,,,,,,,,,,,,,,,,,,,,,,,,,,,,,,,,,,,,,,,,,,,111,True,,,,State,,,,,,City,State,Region,Service,Contract Owner,Service Provider,Manager,Reporting Super,Reviewing Super,Tier 10,Tier 11,Tier 12,,0,True,,
704,Seattle,Washington,Northwest,Contract Janitorial,SMFM,3rd Party Subcontractor,Geff Borges,None,None,None,None,None,True,2/24/2026 12:38:24 PM,2/24/2026 3:05:09 PM,Whole Foods - WSL,,2210 Westlake Ave,,Seattle,WA,98121-2713,11,,1,3,,,False,False,1,True,,,1,,1,43,1,,,,,,,,,,True,True,False,True,True,,,5,,,,,,,,,,,,,,3/1/2026,6,False,,,,False,,Retail,GA - Operations,,Joemaine Spears,Semi-Monthly,Operations,1,Crane Integrated Facility Services Inc.,,,Whole Foods,GA,,,WA,No,No,Standard,eHub Mobile Timekeeping,,,,,,,,,,,,,,,,,,,,,,,,,,,,,,,,,,,,,,,,,,,,,,,,,,,,,,,,,,,,,,,,,,,,,,,,,,,,,,,,False,,,,State,,,,,,City,State,Region,Service,Contract Owner,Service Provider,Manager,Reporting Super,Reviewing Super,Tier 10,Tier 11,Tier 12,,0,True,,
712,Cupertino,California,West,Contract Janitorial,SMFM,3rd Party Subcontractor,Joemaine Spears,None,None,None,None,None,True,5/22/2026 12:02:18 PM,5/22/2026 12:03:07 PM,Whole Foods - STC,,20955 Stevens Creek Blvd,,Cupertino,CA,95014-2107,11,,1,3,,,False,False,1,True,,,1,,1,43,1,,,,,,,,,,True,True,False,True,True,,,5,,,,,,,,,,,,,,6/1/2026,6,False,,,,False,,Retail,GA - Operations,,Joemaine Spears,Semi-Monthly,Operations,2,Crane West Opco LLC,,,Whole Foods,GA,,,CA,No,No,Standard,eHub Mobile Timekeeping,,,,,,,,,,,,,,,,,,,,,,,,,,,,,,,,,,,,,,,,,,,,,,,,,,,,,,,,,,,,,,,,,,,,,,,,,,,,,,,,False,,,,State,,,,,,City,State,Region,Service,Contract Owner,Service Provider,Manager,Reporting Super,Reviewing Super,Tier 10,Tier 11,Tier 12,,0,True,,
702,Seattle,Washington,Northwest,Contract Janitorial,SMFM,3rd Party Subcontractor,Geff Borges,None,None,None,None,None,True,2/24/2026 12:32:23 PM,2/24/2026 3:04:56 PM,Whole Foods - RSQ,,1026 NE 64th St,,Seattle,WA,98115-6656,11,,1,3,,,False,False,1,True,,,1,,1,43,1,,,,,,,,,,True,True,False,True,True,,,5,,,,,,,,,,,,,,3/1/2026,6,False,,,,False,,Retail,GA - Operations,,Joemaine Spears,Semi-Monthly,Operations,1,Crane Integrated Facility Services Inc.,,,Whole Foods,GA,,,WA,No,No,Standard,eHub Mobile Timekeeping,,,,,,,,,,,,,,,,,,,,,,,,,,,,,,,,,,,,,,,,,,,,,,,,,,,,,,,,,,,,,,,,,,,,,,,,,,,,,,,,False,,,,State,,,,,,City,State,Region,Service,Contract Owner,Service Provider,Manager,Reporting Super,Reviewing Super,Tier 10,Tier 11,Tier 12,,0,True,,
705,Redmond,Washington,Northwest,Contract Janitorial,SMFM,3rd Party Subcontractor,Geff Borges,None,None,None,None,None,True,2/24/2026 12:40:47 PM,2/24/2026 3:04:45 PM,Whole Foods - RMD,,17991 Redmond Way,,Redmond,WA,98052-4907,11,,1,3,,,False,False,1,True,,,1,,1,43,1,,,,,,,,,,True,True,False,True,True,,,5,,,,,,,,,,,,,,3/1/2026,6,False,,,,False,,Retail,GA - Operations,,Joemaine Spears,Semi-Monthly,Operations,1,Crane Integrated Facility Services Inc.,,,Whole Foods,GA,,,WA,No,No,Standard,eHub Mobile Timekeeping,,,,,,,,,,,,,,,,,,,,,,,,,,,,,,,,,,,,,,,,,,,,,,,,,,,,,,,,,,,,,,,,,,,,,,,,,,,,,,,,False,,,,State,,,,,,City,State,Region,Service,Contract Owner,Service Provider,Manager,Reporting Super,Reviewing Super,Tier 10,Tier 11,Tier 12,,0,True,,
701,Norcross,Georgia,Southeast,Janitorial Project,Crane,3rd Party Subcontractor,None,None,None,None,None,None,True,2/24/2026 12:35:42 PM,2/24/2026 12:35:57 PM,Whole Foods - Project - Crane West,,6325 Regency Pkwy Ste 840,,Norcross,GA,30071-2339,11,,1,3,,,False,False,1,True,,,1,,1,0,1,,,,,,,,,,True,True,False,True,True,,,5,,,,,,,,,,,,,,,6,False,,,,False,,Retail,GA - Operations,,None,Semi-Monthly,Operations,2,Crane West Opco LLC,,,Whole Foods,GA,,,GA,No,No,Standard,eHub Mobile Timekeeping,,,,,,,,,,,,,,,,,,,,,,,,,,,,,,,,,,,,,,,,,,,,,,,,,,,,,,,,,,,,,,,,,,,,,,,,,,,,,,,,False,,,,State,,,,,,City,State,Region,Service,Contract Owner,Service Provider,Manager,Reporting Super,Reviewing Super,Tier 10,Tier 11,Tier 12,,0,True,,
700,Norcross,Georgia,Southeast,Janitorial Project,Crane,3rd Party Subcontractor,None,None,None,None,None,None,True,2/24/2026 12:34:31 PM,2/24/2026 12:35:09 PM,Whole Foods - Project - Crane IFS,,6325 Regency Pkwy Ste 840,,Norcross,GA,30071-2339,11,,1,3,,,False,False,1,True,,,1,,1,0,1,,,,,,,,,,True,True,False,True,True,,,5,,,,,,,,,,,,,,,6,False,,,,False,,Retail,GA - Operations,,None,Semi-Monthly,Operations,1,Crane Integrated Facility Services Inc.,,,Whole Foods,GA,,,GA,No,No,Standard,eHub Mobile Timekeeping,,,,,,,,,,,,,,,,,,,,,,,,,,,,,,,,,,,,,,,,,,,,,,,,,,,,,,,,,,,,,,,,,,,,,,,,,,,,,,,,False,,,,State,,,,,,City,State,Region,Service,Contract Owner,Service Provider,Manager,Reporting Super,Reviewing Super,Tier 10,Tier 11,Tier 12,,0,True,,
706,Lynnwood,Washington,Northwest,Contract Janitorial,SMFM,3rd Party Subcontractor,Geff Borges,None,None,None,None,None,True,2/24/2026 12:43:24 PM,2/24/2026 3:04:19 PM,Whole Foods - LNW,,2800 196th St SW,,Lynnwood,WA,98036-6923,11,,1,3,,,False,False,1,True,,,1,,1,43,1,,,,,,,,,,True,True,False,True,True,,,5,,,,,,,,,,,,,,3/1/2026,6,False,,,,False,,Retail,GA - Operations,,Joemaine Spears,Semi-Monthly,Operations,1,Crane Integrated Facility Services Inc.,,,Whole Foods,GA,,,WA,No,No,Standard,eHub Mobile Timekeeping,,,,,,,,,,,,,,,,,,,,,,,,,,,,,,,,,,,,,,,,,,,,,,,,,,,,,,,,,,,,,,,,,,,,,,,,,,,,,,,,False,,,,State,,,,,,City,State,Region,Service,Contract Owner,Service Provider,Manager,Reporting Super,Reviewing Super,Tier 10,Tier 11,Tier 12,,0,True,,
711,Long Beach,California,West,Contract Janitorial,SMFM,3rd Party Subcontractor,Joemaine Spears,None,None,None,None,None,True,5/22/2026 12:00:07 PM,5/22/2026 12:00:57 PM,Whole Foods - LBR,,6400 E Pacific Coast Hwy,,Long Beach,CA,90803,11,,1,3,,,False,False,1,True,,,1,,1,43,1,,,,,,,,,,True,True,False,True,True,,,5,,,,,,,,,,,,,,6/1/2026,6,False,,,,False,,Retail,GA - Operations,,Joemaine Spears,Semi-Monthly,Operations,2,Crane West Opco LLC,,,Whole Foods,GA,,,CA,No,No,Standard,eHub Mobile Timekeeping,,,,,,,,,,,,,,,,,,,,,,,,,,,,,,,,,,,,,,,,,,,,,,,,,,,,,,,,,,,,,,,,,,,,,,,,,,,,,,,,False,,,,State,,,,,,City,State,Region,Service,Contract Owner,Service Provider,Manager,Reporting Super,Reviewing Super,Tier 10,Tier 11,Tier 12,,0,True,,
708,Kirkland,Washington,Northwest,Contract Janitorial,SMFM,3rd Party Subcontractor,Geff Borges,None,None,None,None,None,True,2/24/2026 12:51:34 PM,2/24/2026 3:04:06 PM,Whole Foods - KRK,,12501 120th Ave NE,,Kirkland,WA,98034-7501,11,,1,3,,,False,False,1,True,,,1,,1,43,1,,,,,,,,,,True,True,False,True,True,,,5,,,,,,,,,,,,,,3/1/2026,6,False,,,,False,,Retail,GA - Operations,,Joemaine Spears,Semi-Monthly,Operations,1,Crane Integrated Facility Services Inc.,,,Whole Foods,GA,,,WA,No,No,Standard,eHub Mobile Timekeeping,,,,,,,,,,,,,,,,,,,,,,,,,,,,,,,,,,,,,,,,,,,,,,,,,,,,,,,,,,,,,,,,,,,,,,,,,,,,,,,,False,,,,State,,,,,,City,State,Region,Service,Contract Owner,Service Provider,Manager,Reporting Super,Reviewing Super,Tier 10,Tier 11,Tier 12,,0,True,,
710,Oakland,California,West,Contract Janitorial,SMFM,3rd Party Subcontractor,Joemaine Spears,None,None,None,None,None,True,5/22/2026 11:57:28 AM,5/22/2026 11:59:19 AM,Whole Foods - HAR,,230 Bay Pl,,Oakland,CA,94612-3805,11,,1,3,,,False,False,1,True,,,1,,1,43,1,,,,,,,,,,True,True,False,True,True,,,5,,,,,,,,,,,,,,6/1/2026,6,False,,,,False,,Retail,GA - Operations,,Joemaine Spears,Semi-Monthly,Operations,2,Crane West Opco LLC,,,Whole Foods,GA,,,CA,No,No,Standard,eHub Mobile Timekeeping,,,,,,,,,,,,,,,,,,,,,,,,,,,,,,,,,,,,,,,,,,,,,,,,,,,,,,,,,,,,,,,,,,,,,,,,,,,,,,,,False,,,,State,,,,,,City,State,Region,Service,Contract Owner,Service Provider,Manager,Reporting Super,Reviewing Super,Tier 10,Tier 11,Tier 12,,0,True,,
707,University Place,Washington,Northwest,Contract Janitorial,SMFM,3rd Party Subcontractor,Geff Borges,None,None,None,None,None,True,2/24/2026 12:45:11 PM,2/24/2026 3:03:57 PM,Whole Foods - CHB,,3515 Bridgeport Way W,,Tacoma,WA,98466-4487,11,,1,3,,,False,False,1,True,,,1,,1,43,1,,,,,,,,,,True,True,False,True,True,,,5,,,,,,,,,,,,,,3/1/2026,6,False,,,,False,,Retail,GA - Operations,,Joemaine Spears,Semi-Monthly,Operations,1,Crane Integrated Facility Services Inc.,,,Whole Foods,GA,,,WA,No,No,Standard,eHub Mobile Timekeeping,,,,,,,,,,,,,,,,,,,,,,,,,,,,,,,,,,,,,,,,,,,,,,,,,,,,,,,,,,,,,,,,,,,,,,,,,,,,,,,,False,,,,State,,,,,,City,State,Region,Service,Contract Owner,Service Provider,Manager,Reporting Super,Reviewing Super,Tier 10,Tier 11,Tier 12,,0,True,,
709,Brea,California,West,Contract Janitorial,SMFM,3rd Party Subcontractor,Joemaine Spears,None,None,None,None,None,True,5/22/2026 11:55:20 AM,5/22/2026 11:56:46 AM,Whole Foods - BRE,,3301 E Imperial Hwy,,Brea,CA,92823-6387,11,,1,3,,,False,False,1,True,,,1,,1,43,1,,,,,,,,,,True,True,False,True,True,,,5,,,,,,,,,,,,,,6/1/2026,6,False,,,,False,,Retail,GA - Operations,,Joemaine Spears,Semi-Monthly,Operations,2,Crane West Opco LLC,,,Whole Foods,GA,,,CA,No,No,Standard,eHub Mobile Timekeeping,,,,,,,,,,,,,,,,,,,,,,,,,,,,,,,,,,,,,,,,,,,,,,,,,,,,,,,,,,,,,,,,,,,,,,,,,,,,,,,,False,,,,State,,,,,,City,State,Region,Service,Contract Owner,Service Provider,Manager,Reporting Super,Reviewing Super,Tier 10,Tier 11,Tier 12,,0,True,,
703,Bellevue,Washington,Northwest,Contract Janitorial,SMFM,3rd Party Subcontractor,Geff Borges,None,None,None,None,None,True,2/24/2026 12:33:05 PM,2/24/2026 3:03:44 PM,Whole Foods - BLV,,888 116th Ave NE,,Bellevue,WA,98004-4607,11,,1,3,,,False,False,1,True,,,1,,1,43,1,,,,,,,,,,True,True,False,True,True,,,5,,,,,,,,,,,,,,3/1/2026,6,False,,,,False,,Retail,GA - Operations,,Joemaine Spears,Semi-Monthly,Operations,1,Crane Integrated Facility Services Inc.,,,Whole Foods,GA,,,WA,No,No,Standard,eHub Mobile Timekeeping,,,,,,,,,,,,,,,,,,,,,,,,,,,,,,,,,,,,,,,,,,,,,,,,,,,,,,,,,,,,,,,,,,,,,,,,,,,,,,,,False,,,,State,,,,,,City,State,Region,Service,Contract Owner,Service Provider,Manager,Reporting Super,Reviewing Super,Tier 10,Tier 11,Tier 12,,0,True,,
112,White Settlement,Texas,Southwest,Contract Janitorial,House Account,Self-Service,None,None,None,None,None,None,True,4/24/2025 3:21:23 PM,4/28/2026 7:50:29 AM,White Settlement Independent School District,,8224 White Settlement Rd,,White Settlement,TX,76108-1603,10,,1,9,,,True,False,1,False,,,1,,6,56,1,8.0000,16.0000,0.5000,16.0000,24.0000,0.5000,,,,True,True,True,True,True,,29,,,,,,,,,,,,,,,,15,False,,,,False,,Parent Job,TX - Operations,,Waymond Robinson,,Operations,1,Crane Integrated Facility Services Inc.,,,Main,TX,,,TX,Yes,No,Standard,TeamTime,,,,,,,,,,,,,,,,,,,,,,,,,,,,,,,,,,,,,,,,,,,,,,,,,,,,,,,,,,,,,,,,,,,,,,,,,,,,,,,112,True,,,,State,,,,,,City,State,Region,Service,Contract Owner,Service Provider,Manager,Reporting Super,Reviewing Super,Tier 10,Tier 11,Tier 12,,0,True,,
153,Beaver Dam,Wisconson,Midwest,Janitorial Project,Crane,3rd Party Subcontractor,None,None,None,None,None,None,True,9/3/2025 2:47:26 PM,,WDS Construction,,100 Tower Dr,,Beaver Dam,WI,53916-9178,0,,1,11,,,False,False,1,True,,,1,,1,0,1,,,,,,,,,,True,True,False,True,True,,,,,,,,,,,,,,,,,,17,False,,,,False,,None,WI - Operations,,None,,Operations,1,Crane Integrated Facility Services Inc.,,,Main,WI,,,WI,No,No,Standard,eHub Mobile Timekeeping,,,,,,,,,,,,,,,,,,,,,,,,,,,,,,,,,,,,,,,,,,,,,,,,,,,,,,,,,,,,,,,,,,,,,,,,,,,,,,,,False,,,,State,,,,,,City,State,Region,Service,Contract Owner,Service Provider,Manager,Reporting Super,Reviewing Super,Tier 10,Tier 11,Tier 12,,0,True,,
110,Atlanta,Georgia,Southeast,Contract Janitorial,House Account,Self-Service,None,None,None,None,None,None,True,4/24/2025 3:21:23 PM,5/28/2025 1:23:07 PM,Village Place @ Brookhaven,,1418 Dresden Drive,,Brookhaven,GA,30319,5,,1,3,,,True,False,1,False,,,1,,6,26,1,,,,,,,,,,True,True,True,True,True,,8,,,,,,,,,,,,,,,,6,False,,,,False,,Internal Department,GA - Operations,,Silvestre Perez,,Operations,1,Crane Integrated Facility Services Inc.,,,Main,GA,,,GA,Yes,No,Standard,TeamTime,,,,,,,,,,,,,,,,,,,,,,,,,,,,,,,,,,,,,,,,,,,,,,,,,,,,,,,,,,,,,,,,,,,,,,,,,,,,,,,110,True,,,,State,,,,,,City,State,Region,Service,Contract Owner,Service Provider,Manager,Reporting Super,Reviewing Super,Tier 10,Tier 11,Tier 12,,0,True,,
109,Duluth,Georgia,Southeast,Contract Janitorial,House Account,Self-Service,None,None,None,None,None,None,True,4/24/2025 3:21:23 PM,5/28/2025 12:50:46 PM,Victaulic Company,,2700 Breckinridge Blvd Ste B,,Duluth,GA,30096-4972,5,,1,3,,,True,False,1,False,,,1,,6,26,1,,,,,,,,,,True,True,True,True,True,,8,,,,,,,,,,,,,,,,6,False,,,,False,,Internal Department,GA - Operations,,Silvestre Perez,,Operations,1,Crane Integrated Facility Services Inc.,,,Main,GA,,,GA,Yes,No,Standard,TeamTime,,,,,,,,,,,,,,,,,,,,,,,,,,,,,,,,,,,,,,,,,,,,,,,,,,,,,,,,,,,,,,,,,,,,,,,,,,,,,,,109,True,,,,State,,,,,,City,State,Region,Service,Contract Owner,Service Provider,Manager,Reporting Super,Reviewing Super,Tier 10,Tier 11,Tier 12,,0,True,,
108,Norcross,Georgia,Southeast,Contract Janitorial,House Account,Self-Service,None,None,None,None,None,None,True,4/24/2025 3:21:23 PM,5/28/2025 12:50:45 PM,US Celluar,,2900 Courtyards Dr,,Peachtree Corners,GA,30071-1554,5,,1,3,,,True,False,1,False,,,1,,6,26,1,,,,,,,,,,True,True,True,True,True,,8,,,,,,,,,,,,,,,,6,False,,,,False,,Internal Department,GA - Operations,,Silvestre Perez,,Operations,1,Crane Integrated Facility Services Inc.,,,Main,GA,,,GA,Yes,No,Standard,TeamTime,,,,,,,,,,,,,,,,,,,,,,,,,,,,,,,,,,,,,,,,,,,,,,,,,,,,,,,,,,,,,,,,,,,,,,,,,,,,,,,108,True,,,,State,,,,,,City,State,Region,Service,Contract Owner,Service Provider,Manager,Reporting Super,Reviewing Super,Tier 10,Tier 11,Tier 12,,0,True,,
107,Suwanee,Georgia,Southeast,Contract Janitorial,House Account,Self-Service,None,None,None,None,None,None,False,4/24/2025 3:21:23 PM,1/27/2026 3:18:34 PM,United Pump & Control,,305 Shawnee North Dr Ste 300,,Suwanee,GA,30024-2299,5,,1,3,,,True,False,1,False,8/31/2025,3,1,,6,26,1,,,,,,,,,,True,True,True,True,True,,8,,,,,,,,,,,,,,,,6,False,,,,False,,Internal Department,GA - Operations,Early Contract Termination,Silvestre Perez,,Operations,1,Crane Integrated Facility Services Inc.,,,Main,GA,,,GA,Yes,No,Standard,TeamTime,,,,,,,,,,,,,,,,,,,,,,,,,,,,,,,,,,,,,,,,,,,,,,,,,,,,,,,,,,,,,,,,,,,,,,,,,,,,,,,107,True,,,,State,,,,,,City,State,Region,Service,Contract Owner,Service Provider,Manager,Reporting Super,Reviewing Super,Tier 10,Tier 11,Tier 12,8/31/2025,0,True,,
106,Alpharetta,Georgia,Southeast,Contract Janitorial,House Account,Self-Service,None,None,None,None,None,None,False,4/24/2025 3:21:23 PM,1/27/2026 3:17:37 PM,TUV America,,5945 Cabot Pkwy Ste 100,,Alpharetta,GA,30005-1779,5,,1,3,,,True,False,1,False,7/31/2025,3,1,,6,26,1,,,,,,,,,,True,True,True,True,True,,8,,,,,,,,,,,,,,,,6,False,,,2000057391,False,,Internal Department,GA - Operations,Early Contract Termination,Silvestre Perez,,Operations,1,Crane Integrated Facility Services Inc.,,,Main,GA,,,GA,Yes,No,Standard,TeamTime,,,,,,,,,,,,,,,,,,,,,,,,,,,,,,,,,,,,,,,,,,,,,,,,,,,,,,,,,,,,,,,,,,,,,,,,,,,,,,,106,True,,,,State,,,,,,City,State,Region,Service,Contract Owner,Service Provider,Manager,Reporting Super,Reviewing Super,Tier 10,Tier 11,Tier 12,7/31/2025,0,True,,
105,Marietta,Georgia,Southeast,Contract Janitorial,House Account,Self-Service,None,None,None,None,None,None,True,4/24/2025 3:21:23 PM,5/28/2025 12:50:35 PM,Terminix - Marietta,,1000 Williams Dr Ste 1014,,Marietta,GA,30066-6146,5,,1,3,,,True,False,1,False,,,1,,6,26,1,,,,,,,,,,True,True,True,True,True,,8,,,,,,,,,,,,,,,,6,False,,,,False,,Internal Department,GA - Operations,,Silvestre Perez,,Operations,1,Crane Integrated Facility Services Inc.,,,Main,GA,,,GA,Yes,No,Standard,TeamTime,,,,,,,,,,,,,,,,,,,,,,,,,,,,,,,,,,,,,,,,,,,,,,,,,,,,,,,,,,,,,,,,,,,,,,,,,,,,,,,105,True,,,,State,,,,,,City,State,Region,Service,Contract Owner,Service Provider,Manager,Reporting Super,Reviewing Super,Tier 10,Tier 11,Tier 12,,0,True,,
104,Norcross,Georgia,Southeast,Contract Janitorial,House Account,Self-Service,None,None,None,None,None,None,True,4/24/2025 3:21:23 PM,5/28/2025 12:59:13 PM,Technical Engineering Solution,,3075 Northwoods Cir NW Ste B,,Norcross,GA,30071,5,,1,3,,,True,False,1,False,,,1,,6,26,1,,,,,,,,,,True,True,True,True,True,,8,,,,,,,,,,,,,,,,6,False,,,,False,,Internal Department,GA - Operations,,Silvestre Perez,,Operations,1,Crane Integrated Facility Services Inc.,,,Main,GA,,,GA,Yes,No,Standard,TeamTime,,,,,,,,,,,,,,,,,,,,,,,,,,,,,,,,,,,,,,,,,,,,,,,,,,,,,,,,,,,,,,,,,,,,,,,,,,,,,,,104,True,,,,State,,,,,,City,State,Region,Service,Contract Owner,Service Provider,Manager,Reporting Super,Reviewing Super,Tier 10,Tier 11,Tier 12,,0,True,,
99999,xCorporate/Overhead,xCorporate/Overhead,Corporate/Overhead,Corporate/Overhead,Corporate/Overhead,Corporate/Overhead,Jeff Abbott,Corporate/Overhead,None,None,None,None,True,1/9/2018 11:09:36 AM,5/28/2025 1:33:34 PM,TeamTime Last Resort Job,,6325 Regency Pkwy Ste 840,,Norcross,GA,30071-2339,0,,1,1,,,False,False,1,True,,,1,,6,0,1,,,,,,,,,,True,True,True,False,False,,22,,,,,,,,,,,,,,,,3,False,,,,False,,None,(State)  - Operations,,None,,Operations,1,Crane Integrated Facility Services Inc.,,,Main,FL,,,GA,No,No,Standard,TeamTime,,,,,,,,,,,,,,,,,,,,,,,,,,,,,,,,,,,,,,,,,,,,,,,,,,,,,,,,,,,,,,,,,,,,,,,,,,,,,,,99999,False,,,,State,,,,,,City,State,Region,Service,Contract Owner,Service Provider,Manager,Reporting Super,Reviewing Super,Tier 10,Tier 11,Tier 12,,0,True,,
103,Marietta,Georgia,Southeast,Contract Janitorial,House Account,Self-Service,None,None,None,None,None,None,True,4/24/2025 3:21:23 PM,5/28/2025 12:50:32 PM,Taylor Construction,,1701 Ashborough Rd SE,,Marietta,GA,30067-8925,5,,1,3,,,True,False,1,False,,,1,,6,26,1,,,,,,,,,,True,True,True,True,True,,8,,,,,,,,,,,,,,,,6,False,,,,False,,Internal Department,GA - Operations,,Silvestre Perez,,Operations,1,Crane Integrated Facility Services Inc.,,,Main,GA,,,GA,Yes,No,Standard,TeamTime,,,,,,,,,,,,,,,,,,,,,,,,,,,,,,,,,,,,,,,,,,,,,,,,,,,,,,,,,,,,,,,,,,,,,,,,,,,,,,,103,True,,,,State,,,,,,City,State,Region,Service,Contract Owner,Service Provider,Manager,Reporting Super,Reviewing Super,Tier 10,Tier 11,Tier 12,,0,True,,
102,Suwanee,Georgia,Southeast,Contract Janitorial,House Account,Self-Service,None,None,None,None,None,None,True,4/24/2025 3:21:23 PM,5/28/2025 12:56:25 PM,"Talley, Inc",,3100 Shawnee Industrial Way Ste 100,,Suwanee,GA,30024-4616,5,,1,3,,,True,False,1,False,,,1,,6,26,1,,,,,,,,,,True,True,True,True,True,,8,,,,,,,,,,,,,,,,6,False,,,,False,,Internal Department,GA - Operations,,Silvestre Perez,,Operations,1,Crane Integrated Facility Services Inc.,,,Main,GA,,,GA,Yes,No,Standard,TeamTime,,,,,,,,,,,,,,,,,,,,,,,,,,,,,,,,,,,,,,,,,,,,,,,,,,,,,,,,,,,,,,,,,,,,,,,,,,,,,,,102,True,,,,State,,,,,,City,State,Region,Service,Contract Owner,Service Provider,Manager,Reporting Super,Reviewing Super,Tier 10,Tier 11,Tier 12,,0,True,,
101,Norcross,Georgia,Southeast,Contract Janitorial,House Account,Self-Service,None,None,None,None,None,None,True,4/24/2025 3:21:23 PM,5/28/2025 12:50:30 PM,Systel,,2100 Norcross Pkwy Ste 100,,Norcross,GA,30071-3669,5,,1,3,,,True,False,1,False,,,1,,6,26,1,,,,,,,,,,True,True,True,True,True,,8,,,,,,,,,,,,,,,,6,False,,,,False,,Internal Department,GA - Operations,,Silvestre Perez,,Operations,1,Crane Integrated Facility Services Inc.,,,Main,GA,,,GA,Yes,No,Standard,TeamTime,,,,,,,,,,,,,,,,,,,,,,,,,,,,,,,,,,,,,,,,,,,,,,,,,,,,,,,,,,,,,,,,,,,,,,,,,,,,,,,101,True,,,,State,,,,,,City,State,Region,Service,Contract Owner,Service Provider,Manager,Reporting Super,Reviewing Super,Tier 10,Tier 11,Tier 12,,0,True,,
100,Norcross,Georgia,Southeast,Contract Janitorial,House Account,Self-Service,None,None,None,None,None,None,True,4/24/2025 3:21:23 PM,5/28/2025 12:50:27 PM,Superior Industries,,3985 Steve Reynolds Blvd Bldg F,,Norcross,GA,30093-3094,5,,1,3,,,True,False,1,False,,,1,,6,26,1,,,,,,,,,,True,True,True,True,True,,8,,,,,,,,,,,,,,,,6,False,,,,False,,Internal Department,GA - Operations,,Silvestre Perez,,Operations,1,Crane Integrated Facility Services Inc.,,,Main,GA,,,GA,Yes,No,Standard,TeamTime,,,,,,,,,,,,,,,,,,,,,,,,,,,,,,,,,,,,,,,,,,,,,,,,,,,,,,,,,,,,,,,,,,,,,,,,,,,,,,,100,True,,,,State,,,,,,City,State,Region,Service,Contract Owner,Service Provider,Manager,Reporting Super,Reviewing Super,Tier 10,Tier 11,Tier 12,,0,True,,
99,Norcross,Georgia,Southeast,Contract Janitorial,House Account,Self-Service,None,None,None,None,None,None,True,4/24/2025 3:21:23 PM,,Sun Coast Restoration & Waterp,,3125 Medlock Bridge Rd,,Norcross,GA,30071-1423,5,,1,3,,,True,False,1,False,,,1,,6,26,1,,,,,,,,,,True,True,True,True,True,,8,,,,,,,,,,,,,,,,6,False,,,,False,,Internal Department,GA - Operations,,Silvestre Perez,,Operations,1,Crane Integrated Facility Services Inc.,,,Main,GA,,,GA,Yes,No,Standard,TeamTime,,,,,,,,,,,,,,,,,,,,,,,,,,,,,,,,,,,,,,,,,,,,,,,,,,,,,,,,,,,,,,,,,,,,,,,,,,,,,,,99,True,,,,State,,,,,,City,State,Region,Service,Contract Owner,Service Provider,Manager,Reporting Super,Reviewing Super,Tier 10,Tier 11,Tier 12,,0,True,,
98,Norcross,Georgia,Southeast,Contract Janitorial,House Account,Self-Service,None,None,None,None,None,None,True,4/24/2025 3:21:23 PM,,"Spotswood, Cotton, Welsh",,6235 Atlantic Blvd,,Norcross,GA,30071-1308,5,,1,3,,,True,False,1,False,,,1,,6,26,1,,,,,,,,,,True,True,True,True,True,,8,,,,,,,,,,,,,,,,6,False,,,,False,,Internal Department,GA - Operations,,Silvestre Perez,,Operations,1,Crane Integrated Facility Services Inc.,,,Main,GA,,,GA,Yes,No,Standard,TeamTime,,,,,,,,,,,,,,,,,,,,,,,,,,,,,,,,,,,,,,,,,,,,,,,,,,,,,,,,,,,,,,,,,,,,,,,,,,,,,,,98,True,,,,State,,,,,,City,State,Region,Service,Contract Owner,Service Provider,Manager,Reporting Super,Reviewing Super,Tier 10,Tier 11,Tier 12,,0,True,,
97,Duluth,Georgia,Southeast,Contract Janitorial,House Account,Self-Service,None,None,None,None,None,None,True,4/24/2025 3:21:23 PM,,Southeastern Railway Museum,,3595 Buford Hwy,,Duluth,GA,30096-3706,5,,1,3,,,True,False,1,False,,,1,,6,26,1,,,,,,,,,,True,True,True,True,True,,8,,,,,,,,,,,,,,,,6,False,,,,False,,Internal Department,GA - Operations,,Silvestre Perez,,Operations,1,Crane Integrated Facility Services Inc.,,,Main,GA,,,GA,Yes,No,Standard,TeamTime,,,,,,,,,,,,,,,,,,,,,,,,,,,,,,,,,,,,,,,,,,,,,,,,,,,,,,,,,,,,,,,,,,,,,,,,,,,,,,,97,True,,,,State,,,,,,City,State,Region,Service,Contract Owner,Service Provider,Manager,Reporting Super,Reviewing Super,Tier 10,Tier 11,Tier 12,,0,True,,
96,Flowery Branch,Georgia,Southeast,Contract Janitorial,House Account,Self-Service,None,None,None,None,None,None,True,4/24/2025 3:21:23 PM,5/28/2025 1:05:27 PM,Smiles Forever-Flowery Branch,,6050 Spout Springs Road,,Flowery Branch,GA,30542,3,,1,3,,,True,False,1,False,,,1,,6,26,1,,,,,,,,,,True,True,True,True,True,,8,,,,,,,,,,,,,,,,6,False,,,,False,,Healthcare,GA - Operations,,Silvestre Perez,,Operations,1,Crane Integrated Facility Services Inc.,,,Main,GA,,,GA,Yes,No,Standard,TeamTime,,,,,,,,,,,,,,,,,,,,,,,,,,,,,,,,,,,,,,,,,,,,,,,,,,,,,,,,,,,,,,,,,,,,,,,,,,,,,,,96,True,,,,State,,,,,,City,State,Region,Service,Contract Owner,Service Provider,Manager,Reporting Super,Reviewing Super,Tier 10,Tier 11,Tier 12,,0,True,,
95,Loganville,Georgia,Southeast,Contract Janitorial,House Account,Self-Service,None,None,None,None,None,None,True,4/24/2025 3:21:23 PM,5/28/2025 12:50:24 PM,Smiles Forever - Loganville,,2101 Baker Carter Dr Ste 100,,Loganville,GA,30052-7466,3,,1,3,,,True,False,1,False,,,1,,6,26,1,,,,,,,,,,True,True,True,True,True,,8,,,,,,,,,,,,,,,,6,False,,,,False,,Healthcare,GA - Operations,,Silvestre Perez,,Operations,1,Crane Integrated Facility Services Inc.,,,Main,GA,,,GA,Yes,No,Standard,TeamTime,,,,,,,,,,,,,,,,,,,,,,,,,,,,,,,,,,,,,,,,,,,,,,,,,,,,,,,,,,,,,,,,,,,,,,,,,,,,,,,95,True,,,,State,,,,,,City,State,Region,Service,Contract Owner,Service Provider,Manager,Reporting Super,Reviewing Super,Tier 10,Tier 11,Tier 12,,0,True,,
94,Duluth,Georgia,Southeast,Contract Janitorial,House Account,Self-Service,None,None,None,None,None,None,True,4/24/2025 3:21:23 PM,5/28/2025 1:04:21 PM,Smiles Forever - Duluth,,2282 Meadow Church Road,,Duluth,GA,30096,3,,1,3,,,True,False,1,False,,,1,,6,26,1,,,,,,,,,,True,True,True,True,True,,8,,,,,,,,,,,,,,,,6,False,,,,False,,Healthcare,GA - Operations,,Silvestre Perez,,Operations,1,Crane Integrated Facility Services Inc.,,,Main,GA,,,GA,Yes,No,Standard,TeamTime,,,,,,,,,,,,,,,,,,,,,,,,,,,,,,,,,,,,,,,,,,,,,,,,,,,,,,,,,,,,,,,,,,,,,,,,,,,,,,,94,True,,,,State,,,,,,City,State,Region,Service,Contract Owner,Service Provider,Manager,Reporting Super,Reviewing Super,Tier 10,Tier 11,Tier 12,,0,True,,
93,Dacula,Georgia,Southeast,Contract Janitorial,House Account,Self-Service,None,None,None,None,None,None,True,4/24/2025 3:21:23 PM,5/28/2025 12:50:22 PM,Smiles Forever - Dacula,,3635 Braselton Hwy Ste A,,Dacula,GA,30019-5933,3,,1,3,,,True,False,1,False,,,1,,6,26,1,,,,,,,,,,True,True,True,True,True,,8,,,,,,,,,,,,,,,,6,False,,,,False,,Healthcare,GA - Operations,,Silvestre Perez,,Operations,1,Crane Integrated Facility Services Inc.,,,Main,GA,,,GA,Yes,No,Standard,TeamTime,,,,,,,,,,,,,,,,,,,,,,,,,,,,,,,,,,,,,,,,,,,,,,,,,,,,,,,,,,,,,,,,,,,,,,,,,,,,,,,93,True,,,,State,,,,,,City,State,Region,Service,Contract Owner,Service Provider,Manager,Reporting Super,Reviewing Super,Tier 10,Tier 11,Tier 12,,0,True,,
92,Norcross,Georgia,Southeast,Contract Janitorial,House Account,Self-Service,None,None,None,None,None,None,True,4/24/2025 3:21:23 PM,5/28/2025 12:50:20 PM,Ryder Last Mile,,6376 Corley Rd Ste B,,Peachtree Corners,GA,30071-1704,5,,1,3,,,True,False,1,False,,,1,,6,26,1,,,,,,,,,,True,True,True,True,True,,8,,,,,,,,,,,,,,,,6,False,,,,False,,Internal Department,GA - Operations,,Silvestre Perez,,Operations,1,Crane Integrated Facility Services Inc.,,,Main,GA,,,GA,Yes,No,Standard,TeamTime,,,,,,,,,,,,,,,,,,,,,,,,,,,,,,,,,,,,,,,,,,,,,,,,,,,,,,,,,,,,,,,,,,,,,,,,,,,,,,,92,True,,,,State,,,,,,City,State,Region,Service,Contract Owner,Service Provider,Manager,Reporting Super,Reviewing Super,Tier 10,Tier 11,Tier 12,,0,True,,
91,Kennesaw,Georgia,Southeast,Contract Janitorial,House Account,Self-Service,None,None,None,None,None,None,True,4/24/2025 3:21:23 PM,5/28/2025 1:02:04 PM,Ridenour Summit Office,,1300 Ridenour Boulevard,,Kennesaw,GA,30152,5,,1,3,,,True,False,1,False,,,1,,6,26,1,,,,,,,,,,True,True,True,True,True,,8,,,,,,,,,,,,,,,,6,False,,,,False,,Internal Department,GA - Operations,,Silvestre Perez,,Operations,1,Crane Integrated Facility Services Inc.,,,Main,GA,,,GA,Yes,No,Standard,TeamTime,,,,,,,,,,,,,,,,,,,,,,,,,,,,,,,,,,,,,,,,,,,,,,,,,,,,,,,,,,,,,,,,,,,,,,,,,,,,,,,91,True,,,,State,,,,,,City,State,Region,Service,Contract Owner,Service Provider,Manager,Reporting Super,Reviewing Super,Tier 10,Tier 11,Tier 12,,0,True,,
160,Norcross,Georgia,Southeast,Contract Janitorial,Crane,Self-Service,Brad Jester,None,None,None,None,None,True,3/6/2026 12:49:04 PM,,Revolution Auto Parts,,6325 Regency Pkwy Ste 830,,Norcross,GA,30071-2339,6,,1,3,,,False,False,1,True,,,1,,1,26,1,,,,,,,,,,True,True,False,True,True,,,5,,,,,,,,,,,,,,,6,False,,,,False,,Office,GA - Operations,,Silvestre Perez,Semi-Monthly,Operations,1,Crane Integrated Facility Services Inc.,,,Main,GA,,,GA,No,No,Standard,eHub Mobile Timekeeping,,,,,,,,,,,,,,,,,,,,,,,,,,,,,,,,,,,,,,,,,,,,,,,,,,,,,,,,,,,,,,,,,,,,,,,,,,,,,,,160,False,,,,State,,,,,,City,State,Region,Service,Contract Owner,Service Provider,Manager,Reporting Super,Reviewing Super,Tier 10,Tier 11,Tier 12,,0,True,,
90,Lawrenceville,Georgia,Southeast,Contract Janitorial,House Account,Self-Service,None,None,None,None,None,None,True,4/24/2025 3:21:23 PM,7/7/2025 7:45:06 AM,Renewal by Anderson - Atlanta,,2005 Newpoint Pkwy Ste 100,,Lawrenceville,GA,30043-5593,5,,1,3,,,True,False,1,False,,,1,,6,26,1,,,,,,,,,,True,True,True,True,True,,8,,,,,,,,,,,,,,,,6,False,,,,False,,Internal Department,GA - Operations,,Silvestre Perez,,Operations,1,Crane Integrated Facility Services Inc.,,,Main,GA,,,GA,Yes,No,Standard,TeamTime,,,,,,,,,,,,,,,,,,,,,,,,,,,,,,,,,,,,,,,,,,,,,,,,,,,,,,,,,,,,,,,,,,,,,,,,,,,,,,,90,True,,,,State,,,,,,City,State,Region,Service,Contract Owner,Service Provider,Manager,Reporting Super,Reviewing Super,Tier 10,Tier 11,Tier 12,,0,True,,
89,Norcross,Georgia,Southeast,Contract Janitorial,House Account,Self-Service,None,None,None,None,None,None,True,4/24/2025 3:21:23 PM,5/28/2025 12:49:55 PM,Reliable Automatic Sprinkler,,4150 Shackleford Rd Ste 500,,Norcross,GA,30093-6510,5,,1,3,,,True,False,1,False,,,1,,6,26,1,,,,,,,,,,True,True,True,True,True,,8,,,,,,,,,,,,,,,,6,False,,,,False,,Internal Department,GA - Operations,,Silvestre Perez,,Operations,1,Crane Integrated Facility Services Inc.,,,Main,GA,,,GA,Yes,No,Standard,TeamTime,,,,,,,,,,,,,,,,,,,,,,,,,,,,,,,,,,,,,,,,,,,,,,,,,,,,,,,,,,,,,,,,,,,,,,,,,,,,,,,89,True,,,,State,,,,,,City,State,Region,Service,Contract Owner,Service Provider,Manager,Reporting Super,Reviewing Super,Tier 10,Tier 11,Tier 12,,0,True,,
143,Norcross,Georgia,Southeast,Contract Janitorial,Crane,Self-Service,None,None,None,None,None,None,True,6/24/2025 7:33:52 AM,12/9/2025 1:13:50 PM,Rehab Medical - Norcross,,5875 Peachtree Industrial Blvd.,,Peachtree Corners,GA,30092,6,,1,3,,,False,False,1,True,,,1,,6,26,1,,,,,,,,,,True,True,False,True,True,,,5,,,,,,,,,,,,,,,6,False,,,,False,,Office,GA - Operations,,Silvestre Perez,Semi-Monthly,Operations,1,Crane Integrated Facility Services Inc.,,,Main,GA,,,GA,No,No,Standard,TeamTime,,,,,,,,,,,,,,,,,,,,,,,,,,,,,,,,,,,,,,,,,,,,,,,,,,,,,,,,,,,,,,,,,,,,,,,,,,,,,,,143,False,,,,State,,,,,,City,State,Region,Service,Contract Owner,Service Provider,Manager,Reporting Super,Reviewing Super,Tier 10,Tier 11,Tier 12,8/31/2025,0,True,,
144,Norcross,Georgia,Southeast,Contract Janitorial,Crane,Self-Service,None,None,None,None,None,None,True,6/24/2025 7:34:35 AM,12/9/2025 1:13:40 PM,Rehab Medical - Fayetteville,,131 Bethea Rd Ste 606,,Fayetteville,GA,30214-7218,6,,1,3,,,False,False,1,True,,,1,,6,26,1,,,,,,,,,,True,True,False,True,True,,,5,,,,,,,,,,,,,,,6,False,,,,False,,Office,GA - Operations,,Silvestre Perez,Semi-Monthly,Operations,1,Crane Integrated Facility Services Inc.,,,Main,GA,,,GA,No,No,Standard,TeamTime,,,,,,,,,,,,,,,,,,,,,,,,,,,,,,,,,,,,,,,,,,,,,,,,,,,,,,,,,,,,,,,,,,,,,,,,,,,,,,,144,False,,,,State,,,,,,City,State,Region,Service,Contract Owner,Service Provider,Manager,Reporting Super,Reviewing Super,Tier 10,Tier 11,Tier 12,8/31/2025,0,True,,
88,Marietta,Georgia,Southeast,Contract Janitorial,House Account,Self-Service,None,None,None,None,None,None,False,4/24/2025 3:21:23 PM,1/27/2026 3:28:58 PM,"RayPaul Coating, Inc.",,4982 Canton Rd,,Marietta,GA,30066-1022,5,,1,3,,,True,False,1,False,12/31/2025,3,1,,6,26,1,,,,,,,,,,True,True,True,True,True,,8,,,,,,,,,,,,,,,,6,False,,,,False,,Internal Department,GA - Operations,Early Contract Termination,Silvestre Perez,,Operations,1,Crane Integrated Facility Services Inc.,,,Main,GA,,,GA,Yes,No,Standard,TeamTime,,,,,,,,,,,,,,,,,,,,,,,,,,,,,,,,,,,,,,,,,,,,,,,,,,,,,,,,,,,,,,,,,,,,,,,,,,,,,,,88,True,,,,State,,,,,,City,State,Region,Service,Contract Owner,Service Provider,Manager,Reporting Super,Reviewing Super,Tier 10,Tier 11,Tier 12,12/31/2025,0,True,,
87,Alpharetta,Georgia,Southeast,Contract Janitorial,House Account,Self-Service,None,None,None,None,None,None,True,4/24/2025 3:21:23 PM,,Precision Concrete,,2075 Brandon Trl,,Alpharetta,GA,30004-8499,5,,1,3,,,True,False,1,False,,,1,,6,26,1,,,,,,,,,,True,True,True,True,True,,8,,,,,,,,,,,,,,,,6,False,,,,False,,Internal Department,GA - Operations,,Silvestre Perez,,Operations,1,Crane Integrated Facility Services Inc.,,,Main,GA,,,GA,Yes,No,Standard,TeamTime,,,,,,,,,,,,,,,,,,,,,,,,,,,,,,,,,,,,,,,,,,,,,,,,,,,,,,,,,,,,,,,,,,,,,,,,,,,,,,,87,True,,,,State,,,,,,City,State,Region,Service,Contract Owner,Service Provider,Manager,Reporting Super,Reviewing Super,Tier 10,Tier 11,Tier 12,,0,True,,
152,Kennesaw,Georgia,Southeast,Contract Janitorial,Elite,Self-Service,Silvestre Perez,None,None,None,None,None,True,9/3/2025 6:52:55 AM,,PPG,,3330 Towne Point Drive,,Kennesaw,GA,30144,6,,1,3,,,False,False,1,True,,,1,,1,26,1,,,,,,,,,,True,True,False,True,True,,,,,,,,,,,,,,,,,,6,False,,,,False,,Office,GA - Operations,,Silvestre Perez,,Operations,1,Crane Integrated Facility Services Inc.,,,Main,GA,,,GA,No,No,Standard,eHub Mobile Timekeeping,,,,,,,,,,,,,,,,,,,,,,,,,,,,,,,,,,,,,,,,,,,,,,,,,,,,,,,,,,,,,,,,,,,,,,,,,,,,,,,152,False,,,,State,,,,,,City,State,Region,Service,Contract Owner,Service Provider,Manager,Reporting Super,Reviewing Super,Tier 10,Tier 11,Tier 12,,0,True,,
150,Atlanta,Georgia,Southeast,Out of Scope,Crane,Self-Service,None,None,None,None,None,None,True,8/30/2025 10:21:13 AM,,Plaza Theatre,,1049 Ponce De Leon Ave NE,,Atlanta,GA,30306-4219,0,,1,3,,,False,False,1,True,,,1,,1,0,1,,,,,,,,,,True,True,False,True,True,,,,,,,,,,,,,,,,,,6,False,,,,False,,None,GA - Operations,,None,,Operations,1,Crane Integrated Facility Services Inc.,,,Main,GA,,,GA,No,No,Standard,eHub Mobile Timekeeping,,,,,,,,,,,,,,,,,,,,,,,,,,,,,,,,,,,,,,,,,,,,,,,,,,,,,,,,,,,,,,,,,,,,,,,,,,,,,,,,False,,,,State,,,,,,City,State,Region,Service,Contract Owner,Service Provider,Manager,Reporting Super,Reviewing Super,Tier 10,Tier 11,Tier 12,,0,True,,
800,Plano,Texas,Southwest,Contract Janitorial,Crane,Self-Service,Joemaine Spears,None,None,None,None,None,True,4/28/2026 2:17:40 PM,5/22/2026 2:14:06 PM,Plano Independent School District,,6600 Alma Dr,,Plano,TX,75023-2806,10,,1,9,,,False,False,1,True,,,1,,1,4,1,,,,,,,,,,True,True,False,True,True,,,5,,,,,,,,,,,,,,,15,False,,,,False,,Parent Job,TX - Operations,,Brad Jester,Semi-Monthly,Operations,3,Crane Southwest Opco LLC,,,Main,TX,,,TX,No,No,Standard,eHub Mobile Timekeeping,,,,,,,,,,,,,,,,,,,,,,,,,,,,,,,,,,,,,,,,,,,,,,,,,,,,,,,,,,,,,,,,,,,,,,,,,,,,,,,800,False,,,,State,,,,,,City,State,Region,Service,Contract Owner,Service Provider,Manager,Reporting Super,Reviewing Super,Tier 10,Tier 11,Tier 12,,0,True,,
875,Plano,Texas,Southwest,Contract Janitorial,Crane,Self-Service,Joemaine Spears,None,None,None,None,None,True,4/29/2026 1:51:33 PM,5/25/2026 3:51:23 PM,Plano - Wyatt Elementary School,,8900 Coit Rd,,Plano,TX,75025-3804,1,,1,9,,,False,False,1,True,,,1,,1,4,1,,,,,,,,,,True,True,False,True,True,,,5,,,,,,,,,,,,,,,15,False,,,,False,800,Education,TX - Operations,,Brad Jester,Semi-Monthly,Operations,3,Crane Southwest Opco LLC,,,Main,TX,,,TX,No,No,Standard,eHub Mobile Timekeeping,,,,,,,,,,,,,,,,,,,,,,,,,,,,,,,,,,,,,,,,,,,,,,,,,,,,,,,,,,,,,,,,,,,,,,,,,,,,,,,875,False,,,,State,,,,,,City,State,Region,Service,Contract Owner,Service Provider,Manager,Reporting Super,Reviewing Super,Tier 10,Tier 11,Tier 12,,0,True,,
874,Plano,Texas,Southwest,Contract Janitorial,Crane,Self-Service,Joemaine Spears,None,None,None,None,None,True,4/29/2026 1:50:16 PM,5/25/2026 3:51:13 PM,Plano - Wilson Middle School,,1001 Custer Rd,,Plano,TX,75075-8309,1,,1,9,,,False,False,1,True,,,1,,1,4,1,,,,,,,,,,True,True,False,True,True,,,5,,,,,,,,,,,,,,,15,False,,,,False,800,Education,TX - Operations,,Brad Jester,Semi-Monthly,Operations,3,Crane Southwest Opco LLC,,,Main,TX,,,TX,No,No,Standard,eHub Mobile Timekeeping,,,,,,,,,,,,,,,,,,,,,,,,,,,,,,,,,,,,,,,,,,,,,,,,,,,,,,,,,,,,,,,,,,,,,,,,,,,,,,,874,False,,,,State,,,,,,City,State,Region,Service,Contract Owner,Service Provider,Manager,Reporting Super,Reviewing Super,Tier 10,Tier 11,Tier 12,,0,True,,
895,Plano,Texas,Southwest,Contract Janitorial,Crane,Self-Service,Joemaine Spears,None,None,None,None,None,True,4/29/2026 2:30:59 PM,5/25/2026 3:51:04 PM,Plano - Williams Stadium,,1818 18th St,,Plano,TX,75074-6000,1,,1,9,,,False,False,1,True,,,1,,1,4,1,,,,,,,,,,True,True,False,True,True,,,5,,,,,,,,,,,,,,,15,False,,,,False,800,Education,TX - Operations,,Brad Jester,Semi-Monthly,Operations,3,Crane Southwest Opco LLC,,,Main,TX,,,TX,No,No,Standard,eHub Mobile Timekeeping,,,,,,,,,,,,,,,,,,,,,,,,,,,,,,,,,,,,,,,,,,,,,,,,,,,,,,,,,,,,,,,,,,,,,,,,,,,,,,,895,False,,,,State,,,,,,City,State,Region,Service,Contract Owner,Service Provider,Manager,Reporting Super,Reviewing Super,Tier 10,Tier 11,Tier 12,,0,True,,
873,Plano,Texas,Southwest,Contract Janitorial,Crane,Self-Service,Joemaine Spears,None,None,None,None,None,True,4/29/2026 1:47:46 PM,5/25/2026 3:50:54 PM,Plano - Williams High School,,1816 18th Street,,Plano,TX,75074,1,,1,9,,,False,False,1,True,,,1,,1,4,1,,,,,,,,,,True,True,False,True,True,,,5,,,,,,,,,,,,,,,15,False,,,,False,800,Education,TX - Operations,,Brad Jester,Semi-Monthly,Operations,3,Crane Southwest Opco LLC,,,Main,TX,,,TX,No,No,Standard,eHub Mobile Timekeeping,,,,,,,,,,,,,,,,,,,,,,,,,,,,,,,,,,,,,,,,,,,,,,,,,,,,,,,,,,,,,,,,,,,,,,,,,,,,,,,873,False,,,,State,,,,,,City,State,Region,Service,Contract Owner,Service Provider,Manager,Reporting Super,Reviewing Super,Tier 10,Tier 11,Tier 12,,0,True,,
872,Plano,Texas,Southwest,Contract Janitorial,Crane,Self-Service,Joemaine Spears,None,None,None,None,None,True,4/29/2026 1:46:32 PM,5/25/2026 3:50:45 PM,Plano - Wildcat Collegiate Academy,,2700 W 15th St,,Plano,TX,75075-7524,1,,1,9,,,False,False,1,True,,,1,,1,4,1,,,,,,,,,,True,True,False,True,True,,,5,,,,,,,,,,,,,,,15,False,,,,False,800,Education,TX - Operations,,Brad Jester,Semi-Monthly,Operations,3,Crane Southwest Opco LLC,,,Main,TX,,,TX,No,No,Standard,eHub Mobile Timekeeping,,,,,,,,,,,,,,,,,,,,,,,,,,,,,,,,,,,,,,,,,,,,,,,,,,,,,,,,,,,,,,,,,,,,,,,,,,,,,,,872,False,,,,State,,,,,,City,State,Region,Service,Contract Owner,Service Provider,Manager,Reporting Super,Reviewing Super,Tier 10,Tier 11,Tier 12,,0,True,,
871,Plano,Texas,Southwest,Contract Janitorial,Crane,Self-Service,Joemaine Spears,None,None,None,None,None,True,4/29/2026 1:44:32 PM,5/25/2026 3:50:30 PM,Plano - Wells Elementary School,,3427 Mission Ridge Rd,,Plano,TX,75023-8114,1,,1,9,,,False,False,1,True,,,1,,1,4,1,,,,,,,,,,True,True,False,True,True,,,5,,,,,,,,,,,,,,,15,False,,,,False,800,Education,TX - Operations,,Brad Jester,Semi-Monthly,Operations,3,Crane Southwest Opco LLC,,,Main,TX,,,TX,No,No,Standard,eHub Mobile Timekeeping,,,,,,,,,,,,,,,,,,,,,,,,,,,,,,,,,,,,,,,,,,,,,,,,,,,,,,,,,,,,,,,,,,,,,,,,,,,,,,,871,False,,,,State,,,,,,City,State,Region,Service,Contract Owner,Service Provider,Manager,Reporting Super,Reviewing Super,Tier 10,Tier 11,Tier 12,,0,True,,
870,Plano,Texas,Southwest,Contract Janitorial,Crane,Self-Service,Joemaine Spears,None,None,None,None,None,True,4/29/2026 1:43:21 PM,5/25/2026 3:50:20 PM,Plano - Weatherford Elementary School,,2941 Mollimar Dr,,Plano,TX,75075-6306,1,,1,9,,,False,False,1,True,,,1,,1,4,1,,,,,,,,,,True,True,False,True,True,,,5,,,,,,,,,,,,,,,15,False,,,,False,800,Education,TX - Operations,,Brad Jester,Semi-Monthly,Operations,3,Crane Southwest Opco LLC,,,Main,TX,,,TX,No,No,Standard,eHub Mobile Timekeeping,,,,,,,,,,,,,,,,,,,,,,,,,,,,,,,,,,,,,,,,,,,,,,,,,,,,,,,,,,,,,,,,,,,,,,,,,,,,,,,870,False,,,,State,,,,,,City,State,Region,Service,Contract Owner,Service Provider,Manager,Reporting Super,Reviewing Super,Tier 10,Tier 11,Tier 12,,0,True,,
869,Plano,Texas,Southwest,Contract Janitorial,Crane,Self-Service,Joemaine Spears,None,None,None,None,None,True,4/29/2026 1:42:16 PM,5/25/2026 3:50:08 PM,Plano - Virtual Academy,,2700 W 15th St,,Plano,TX,75075-7524,1,,1,9,,,False,False,1,True,,,1,,1,4,1,,,,,,,,,,True,True,False,True,True,,,5,,,,,,,,,,,,,,,15,False,,,,False,800,Education,TX - Operations,,Brad Jester,Semi-Monthly,Operations,3,Crane Southwest Opco LLC,,,Main,TX,,,TX,No,No,Standard,eHub Mobile Timekeeping,,,,,,,,,,,,,,,,,,,,,,,,,,,,,,,,,,,,,,,,,,,,,,,,,,,,,,,,,,,,,,,,,,,,,,,,,,,,,,,869,False,,,,State,,,,,,City,State,Region,Service,Contract Owner,Service Provider,Manager,Reporting Super,Reviewing Super,Tier 10,Tier 11,Tier 12,,0,True,,
868,Plano,Texas,Southwest,Contract Janitorial,Crane,Self-Service,Joemaine Spears,None,None,None,None,None,True,4/29/2026 1:40:45 PM,5/25/2026 3:49:52 PM,Plano - Vines High School,,1401 Highedge Dr,,Plano,TX,75075-7520,1,,1,9,,,False,False,1,True,,,1,,1,4,1,,,,,,,,,,True,True,False,True,True,,,5,,,,,,,,,,,,,,,15,False,,,,False,800,Education,TX - Operations,,Brad Jester,Semi-Monthly,Operations,3,Crane Southwest Opco LLC,,,Main,TX,,,TX,No,No,Standard,eHub Mobile Timekeeping,,,,,,,,,,,,,,,,,,,,,,,,,,,,,,,,,,,,,,,,,,,,,,,,,,,,,,,,,,,,,,,,,,,,,,,,,,,,,,,868,False,,,,State,,,,,,City,State,Region,Service,Contract Owner,Service Provider,Manager,Reporting Super,Reviewing Super,Tier 10,Tier 11,Tier 12,,0,True,,
892,Plano,Texas,Southwest,Contract Janitorial,Crane,Self-Service,Joemaine Spears,None,None,None,None,None,True,4/29/2026 2:24:03 PM,5/25/2026 3:49:39 PM,Plano - Transportation Services,,600 Seabrook Dr,,Plano,TX,75023-2856,1,,1,9,,,False,False,1,True,,,1,,1,4,1,,,,,,,,,,True,True,False,True,True,,,5,,,,,,,,,,,,,,,15,False,,,,False,800,Education,TX - Operations,,Brad Jester,Semi-Monthly,Operations,3,Crane Southwest Opco LLC,,,Main,TX,,,TX,No,No,Standard,eHub Mobile Timekeeping,,,,,,,,,,,,,,,,,,,,,,,,,,,,,,,,,,,,,,,,,,,,,,,,,,,,,,,,,,,,,,,,,,,,,,,,,,,,,,,892,False,,,,State,,,,,,City,State,Region,Service,Contract Owner,Service Provider,Manager,Reporting Super,Reviewing Super,Tier 10,Tier 11,Tier 12,,0,True,,
894,Plano,Texas,Southwest,Contract Janitorial,Crane,Self-Service,Joemaine Spears,None,None,None,None,None,True,4/29/2026 2:26:52 PM,5/25/2026 3:49:29 PM,Plano - Tom Kimbrough Stadium,,700 N Murphy Rd,,Plano,TX,75094-4304,1,,1,9,,,False,False,1,True,,,1,,1,4,1,,,,,,,,,,True,True,False,True,True,,,5,,,,,,,,,,,,,,,15,False,,,,False,800,Education,TX - Operations,,Brad Jester,Semi-Monthly,Operations,3,Crane Southwest Opco LLC,,,Main,TX,,,TX,No,No,Standard,eHub Mobile Timekeeping,,,,,,,,,,,,,,,,,,,,,,,,,,,,,,,,,,,,,,,,,,,,,,,,,,,,,,,,,,,,,,,,,,,,,,,,,,,,,,,894,False,,,,State,,,,,,City,State,Region,Service,Contract Owner,Service Provider,Manager,Reporting Super,Reviewing Super,Tier 10,Tier 11,Tier 12,,0,True,,
867,Plano,Texas,Southwest,Contract Janitorial,Crane,Self-Service,Joemaine Spears,None,None,None,None,None,True,4/29/2026 1:39:21 PM,5/25/2026 3:49:14 PM,Plano - Thomas Elementary School,,1800 Montana Trl,,Plano,TX,75023-3039,1,,1,9,,,False,False,1,True,,,1,,1,4,1,,,,,,,,,,True,True,False,True,True,,,5,,,,,,,,,,,,,,,15,False,,,,False,800,Education,TX - Operations,,Brad Jester,Semi-Monthly,Operations,3,Crane Southwest Opco LLC,,,Main,TX,,,TX,No,No,Standard,eHub Mobile Timekeeping,,,,,,,,,,,,,,,,,,,,,,,,,,,,,,,,,,,,,,,,,,,,,,,,,,,,,,,,,,,,,,,,,,,,,,,,,,,,,,,867,False,,,,State,,,,,,City,State,Region,Service,Contract Owner,Service Provider,Manager,Reporting Super,Reviewing Super,Tier 10,Tier 11,Tier 12,,0,True,,
866,Richardson,Texas,Southwest,Contract Janitorial,Crane,Self-Service,Joemaine Spears,None,None,None,None,None,True,4/29/2026 1:35:58 PM,5/25/2026 3:48:58 PM,Plano - Stinson Elementary School,,4201 Greenfield Dr,,Richardson,TX,75082-3797,1,,1,9,,,False,False,1,True,,,1,,1,4,1,,,,,,,,,,True,True,False,True,True,,,5,,,,,,,,,,,,,,,15,False,,,,False,800,Education,TX - Operations,,Brad Jester,Semi-Monthly,Operations,3,Crane Southwest Opco LLC,,,Main,TX,,,TX,No,No,Standard,eHub Mobile Timekeeping,,,,,,,,,,,,,,,,,,,,,,,,,,,,,,,,,,,,,,,,,,,,,,,,,,,,,,,,,,,,,,,,,,,,,,,,,,,,,,,866,False,,,,State,,,,,,City,State,Region,Service,Contract Owner,Service Provider,Manager,Reporting Super,Reviewing Super,Tier 10,Tier 11,Tier 12,,0,True,,
891,Plano,Texas,Southwest,Contract Janitorial,Crane,Self-Service,Joemaine Spears,None,None,None,None,None,True,4/29/2026 2:22:25 PM,5/25/2026 3:48:45 PM,Plano - Spring Creek Center,,2201 W Spring Creek Pkwy,,Plano,TX,75023-4105,1,,1,9,,,False,False,1,True,,,1,,1,4,1,,,,,,,,,,True,True,False,True,True,,,5,,,,,,,,,,,,,,,15,False,,,,False,800,Education,TX - Operations,,Brad Jester,Semi-Monthly,Operations,3,Crane Southwest Opco LLC,,,Main,TX,,,TX,No,No,Standard,eHub Mobile Timekeeping,,,,,,,,,,,,,,,,,,,,,,,,,,,,,,,,,,,,,,,,,,,,,,,,,,,,,,,,,,,,,,,,,,,,,,,,,,,,,,,891,False,,,,State,,,,,,City,State,Region,Service,Contract Owner,Service Provider,Manager,Reporting Super,Reviewing Super,Tier 10,Tier 11,Tier 12,,0,True,,
890,Plano,Texas,Southwest,Contract Janitorial,Crane,Self-Service,Joemaine Spears,None,None,None,None,None,True,4/29/2026 2:21:15 PM,5/25/2026 3:48:27 PM,Plano - Solomon Adult Transition Center,,1631 Dorchester Dr,,Plano,TX,75075-6443,1,,1,9,,,False,False,1,True,,,1,,1,4,1,,,,,,,,,,True,True,False,True,True,,,5,,,,,,,,,,,,,,,15,False,,,,False,800,Education,TX - Operations,,Brad Jester,Semi-Monthly,Operations,3,Crane Southwest Opco LLC,,,Main,TX,,,TX,No,No,Standard,eHub Mobile Timekeeping,,,,,,,,,,,,,,,,,,,,,,,,,,,,,,,,,,,,,,,,,,,,,,,,,,,,,,,,,,,,,,,,,,,,,,,,,,,,,,,890,False,,,,State,,,,,,City,State,Region,Service,Contract Owner,Service Provider,Manager,Reporting Super,Reviewing Super,Tier 10,Tier 11,Tier 12,,0,True,,
889,Plano,Texas,Southwest,Contract Janitorial,Crane,Self-Service,Joemaine Spears,None,None,None,None,None,True,4/29/2026 2:20:00 PM,5/25/2026 3:48:18 PM,Plano - Sockwell Center,,6301 Chapel Hill Blvd,,Plano,TX,75093-6395,1,,1,9,,,False,False,1,True,,,1,,1,4,1,,,,,,,,,,True,True,False,True,True,,,5,,,,,,,,,,,,,,,15,False,,,,False,800,Education,TX - Operations,,Brad Jester,Semi-Monthly,Operations,3,Crane Southwest Opco LLC,,,Main,TX,,,TX,No,No,Standard,eHub Mobile Timekeeping,,,,,,,,,,,,,,,,,,,,,,,,,,,,,,,,,,,,,,,,,,,,,,,,,,,,,,,,,,,,,,,,,,,,,,,,,,,,,,,889,False,,,,State,,,,,,City,State,Region,Service,Contract Owner,Service Provider,Manager,Reporting Super,Reviewing Super,Tier 10,Tier 11,Tier 12,,0,True,,
865,Plano,Texas,Southwest,Contract Janitorial,Crane,Self-Service,Joemaine Spears,None,None,None,None,None,True,4/29/2026 1:34:43 PM,5/25/2026 3:47:29 PM,Plano - Skaggs Elementary School,,3201 Russell Creek Dr,,Plano,TX,75025-4044,1,,1,9,,,False,False,1,True,,,1,,1,4,1,,,,,,,,,,True,True,False,True,True,,,5,,,,,,,,,,,,,,,15,False,,,,False,800,Education,TX - Operations,,Brad Jester,Semi-Monthly,Operations,3,Crane Southwest Opco LLC,,,Main,TX,,,TX,No,No,Standard,eHub Mobile Timekeeping,,,,,,,,,,,,,,,,,,,,,,,,,,,,,,,,,,,,,,,,,,,,,,,,,,,,,,,,,,,,,,,,,,,,,,,,,,,,,,,865,False,,,,State,,,,,,City,State,Region,Service,Contract Owner,Service Provider,Manager,Reporting Super,Reviewing Super,Tier 10,Tier 11,Tier 12,,0,True,,
864,Plano,Texas,Southwest,Contract Janitorial,Crane,Self-Service,Joemaine Spears,None,None,None,None,None,True,4/29/2026 1:33:37 PM,5/25/2026 3:47:19 PM,Plano - Sigler Elementary School,,1400 Janwood Dr,,Plano,TX,75075-7231,1,,1,9,,,False,False,1,True,,,1,,1,4,1,,,,,,,,,,True,True,False,True,True,,,5,,,,,,,,,,,,,,,15,False,,,,False,800,Education,TX - Operations,,Brad Jester,Semi-Monthly,Operations,3,Crane Southwest Opco LLC,,,Main,TX,,,TX,No,No,Standard,eHub Mobile Timekeeping,,,,,,,,,,,,,,,,,,,,,,,,,,,,,,,,,,,,,,,,,,,,,,,,,,,,,,,,,,,,,,,,,,,,,,,,,,,,,,,864,False,,,,State,,,,,,City,State,Region,Service,Contract Owner,Service Provider,Manager,Reporting Super,Reviewing Super,Tier 10,Tier 11,Tier 12,,0,True,,
863,Plano,Texas,Southwest,Contract Janitorial,Crane,Self-Service,Joemaine Spears,None,None,None,None,None,True,4/29/2026 1:32:25 PM,5/25/2026 3:47:11 PM,Plano - Shepton High School,,5505 W Plano Pkwy,,Plano,TX,75093-4837,1,,1,9,,,False,False,1,True,,,1,,1,4,1,,,,,,,,,,True,True,False,True,True,,,5,,,,,,,,,,,,,,,15,False,,,,False,800,Education,TX - Operations,,Brad Jester,Semi-Monthly,Operations,3,Crane Southwest Opco LLC,,,Main,TX,,,TX,No,No,Standard,eHub Mobile Timekeeping,,,,,,,,,,,,,,,,,,,,,,,,,,,,,,,,,,,,,,,,,,,,,,,,,,,,,,,,,,,,,,,,,,,,,,,,,,,,,,,863,False,,,,State,,,,,,City,State,Region,Service,Contract Owner,Service Provider,Manager,Reporting Super,Reviewing Super,Tier 10,Tier 11,Tier 12,,0,True,,
862,Plano,Texas,Southwest,Contract Janitorial,Crane,Self-Service,Joemaine Spears,None,None,None,None,None,True,4/29/2026 1:29:47 PM,5/25/2026 3:47:02 PM,Plano - Shepard Elementary School,,1000 Wilson Dr,,Plano,TX,75075-8318,1,,1,9,,,False,False,1,True,,,1,,1,4,1,,,,,,,,,,True,True,False,True,True,,,5,,,,,,,,,,,,,,,15,False,,,,False,800,Education,TX - Operations,,Brad Jester,Semi-Monthly,Operations,3,Crane Southwest Opco LLC,,,Main,TX,,,TX,No,No,Standard,eHub Mobile Timekeeping,,,,,,,,,,,,,,,,,,,,,,,,,,,,,,,,,,,,,,,,,,,,,,,,,,,,,,,,,,,,,,,,,,,,,,,,,,,,,,,862,False,,,,State,,,,,,City,State,Region,Service,Contract Owner,Service Provider,Manager,Reporting Super,Reviewing Super,Tier 10,Tier 11,Tier 12,,0,True,,
861,Plano,Texas,Southwest,Contract Janitorial,Crane,Self-Service,Joemaine Spears,None,None,None,None,None,True,4/29/2026 1:28:23 PM,5/25/2026 3:46:53 PM,Plano - Schimelpfenig Middle School,,2400 Maumelle Dr,,Plano,TX,75023-1410,1,,1,9,,,False,False,1,True,,,1,,1,4,1,,,,,,,,,,True,True,False,True,True,,,5,,,,,,,,,,,,,,,15,False,,,,False,800,Education,TX - Operations,,Brad Jester,Semi-Monthly,Operations,3,Crane Southwest Opco LLC,,,Main,TX,,,TX,No,No,Standard,eHub Mobile Timekeeping,,,,,,,,,,,,,,,,,,,,,,,,,,,,,,,,,,,,,,,,,,,,,,,,,,,,,,,,,,,,,,,,,,,,,,,,,,,,,,,861,False,,,,State,,,,,,City,State,Region,Service,Contract Owner,Service Provider,Manager,Reporting Super,Reviewing Super,Tier 10,Tier 11,Tier 12,,0,True,,
860,Richardson,Texas,Southwest,Contract Janitorial,Crane,Self-Service,Joemaine Spears,None,None,None,None,None,True,4/29/2026 1:26:49 PM,5/25/2026 3:46:43 PM,Plano - Schell Elementary School,,5301 E Renner Rd,,Richardson,TX,75082-2822,1,,1,9,,,False,False,1,True,,,1,,1,4,1,,,,,,,,,,True,True,False,True,True,,,5,,,,,,,,,,,,,,,15,False,,,,False,800,Education,TX - Operations,,Brad Jester,Semi-Monthly,Operations,3,Crane Southwest Opco LLC,,,Main,TX,,,TX,No,No,Standard,eHub Mobile Timekeeping,,,,,,,,,,,,,,,,,,,,,,,,,,,,,,,,,,,,,,,,,,,,,,,,,,,,,,,,,,,,,,,,,,,,,,,,,,,,,,,860,False,,,,State,,,,,,City,State,Region,Service,Contract Owner,Service Provider,Manager,Reporting Super,Reviewing Super,Tier 10,Tier 11,Tier 12,,0,True,,
859,Plano,Texas,Southwest,Contract Janitorial,Crane,Self-Service,Joemaine Spears,None,None,None,None,None,True,4/29/2026 1:25:10 PM,5/25/2026 3:46:32 PM,Plano - Saigling Elementary School,,3600 Matterhorn Dr,,Plano,TX,75075-1523,1,,1,9,,,False,False,1,True,,,1,,1,4,1,,,,,,,,,,True,True,False,True,True,,,5,,,,,,,,,,,,,,,15,False,,,,False,800,Education,TX - Operations,,Brad Jester,Semi-Monthly,Operations,3,Crane Southwest Opco LLC,,,Main,TX,,,TX,No,No,Standard,eHub Mobile Timekeeping,,,,,,,,,,,,,,,,,,,,,,,,,,,,,,,,,,,,,,,,,,,,,,,,,,,,,,,,,,,,,,,,,,,,,,,,,,,,,,,859,False,,,,State,,,,,,City,State,Region,Service,Contract Owner,Service Provider,Manager,Reporting Super,Reviewing Super,Tier 10,Tier 11,Tier 12,,0,True,,
858,Dallas,Texas,Southwest,Contract Janitorial,Crane,Self-Service,Joemaine Spears,None,None,None,None,None,True,4/29/2026 1:23:55 PM,5/25/2026 3:46:14 PM,Plano - Rose Haggar Elementary School,,17820 Campbell Rd,,Dallas,TX,75252-5344,1,,1,9,,,False,False,1,True,,,1,,1,4,1,,,,,,,,,,True,True,False,True,True,,,5,,,,,,,,,,,,,,,15,False,,,,False,800,Education,TX - Operations,,Brad Jester,Semi-Monthly,Operations,3,Crane Southwest Opco LLC,,,Main,TX,,,TX,No,No,Standard,eHub Mobile Timekeeping,,,,,,,,,,,,,,,,,,,,,,,,,,,,,,,,,,,,,,,,,,,,,,,,,,,,,,,,,,,,,,,,,,,,,,,,,,,,,,,858,False,,,,State,,,,,,City,State,Region,Service,Contract Owner,Service Provider,Manager,Reporting Super,Reviewing Super,Tier 10,Tier 11,Tier 12,,0,True,,
857,Plano,Texas,Southwest,Contract Janitorial,Crane,Self-Service,Joemaine Spears,None,None,None,None,None,True,4/29/2026 1:22:58 PM,5/25/2026 3:46:05 PM,Plano - Robinson Middle School,,6701 Preston Meadow Dr,,Plano,TX,75024-5460,1,,1,9,,,False,False,1,True,,,1,,1,4,1,,,,,,,,,,True,True,False,True,True,,,5,,,,,,,,,,,,,,,15,False,,,,False,800,Education,TX - Operations,,Brad Jester,Semi-Monthly,Operations,3,Crane Southwest Opco LLC,,,Main,TX,,,TX,No,No,Standard,eHub Mobile Timekeeping,,,,,,,,,,,,,,,,,,,,,,,,,,,,,,,,,,,,,,,,,,,,,,,,,,,,,,,,,,,,,,,,,,,,,,,,,,,,,,,857,False,,,,State,,,,,,City,State,Region,Service,Contract Owner,Service Provider,Manager,Reporting Super,Reviewing Super,Tier 10,Tier 11,Tier 12,,0,True,,
888,Plano,Texas,Southwest,Contract Janitorial,Crane,Self-Service,Joemaine Spears,None,None,None,None,None,True,4/29/2026 2:18:19 PM,5/25/2026 3:45:54 PM,Plano - Robinson Fine Arts Center,,1800 Alma Dr,,Plano,TX,75075-6990,1,,1,9,,,False,False,1,True,,,1,,1,4,1,,,,,,,,,,True,True,False,True,True,,,5,,,,,,,,,,,,,,,15,False,,,,False,800,Education,TX - Operations,,Brad Jester,Semi-Monthly,Operations,3,Crane Southwest Opco LLC,,,Main,TX,,,TX,No,No,Standard,eHub Mobile Timekeeping,,,,,,,,,,,,,,,,,,,,,,,,,,,,,,,,,,,,,,,,,,,,,,,,,,,,,,,,,,,,,,,,,,,,,,,,,,,,,,,888,False,,,,State,,,,,,City,State,Region,Service,Contract Owner,Service Provider,Manager,Reporting Super,Reviewing Super,Tier 10,Tier 11,Tier 12,,0,True,,
856,Plano,Texas,Southwest,Contract Janitorial,Crane,Self-Service,Joemaine Spears,None,None,None,None,None,True,4/29/2026 1:20:55 PM,5/25/2026 3:45:44 PM,Plano - Rice Middle School,,8500 Gifford Dr,,Plano,TX,75025-3896,1,,1,9,,,False,False,1,True,,,1,,1,4,1,,,,,,,,,,True,True,False,True,True,,,5,,,,,,,,,,,,,,,15,False,,,,False,800,Education,TX - Operations,,Brad Jester,Semi-Monthly,Operations,3,Crane Southwest Opco LLC,,,Main,TX,,,TX,No,No,Standard,eHub Mobile Timekeeping,,,,,,,,,,,,,,,,,,,,,,,,,,,,,,,,,,,,,,,,,,,,,,,,,,,,,,,,,,,,,,,,,,,,,,,,,,,,,,,856,False,,,,State,,,,,,City,State,Region,Service,Contract Owner,Service Provider,Manager,Reporting Super,Reviewing Super,Tier 10,Tier 11,Tier 12,,0,True,,
855,Plano,Texas,Southwest,Contract Janitorial,Crane,Self-Service,Joemaine Spears,None,None,None,None,None,True,4/29/2026 1:12:31 PM,5/25/2026 3:53:21 PM,Plano - Renner Middle School,,5701 W Parker Rd,,Plano,TX,75093-7729,1,,1,9,,,False,False,1,True,,,1,,1,4,1,,,,,,,,,,True,True,False,True,True,,,5,,,,,,,,,,,,,,,15,False,,,,False,800,Education,TX - Operations,,Brad Jester,Semi-Monthly,Operations,3,Crane Southwest Opco LLC,,,Main,TX,,,TX,No,No,Standard,eHub Mobile Timekeeping,,,,,,,,,,,,,,,,,,,,,,,,,,,,,,,,,,,,,,,,,,,,,,,,,,,,,,,,,,,,,,,,,,,,,,,,,,,,,,,855,False,,,,State,,,,,,City,State,Region,Service,Contract Owner,Service Provider,Manager,Reporting Super,Reviewing Super,Tier 10,Tier 11,Tier 12,,0,True,,
854,Plano,Texas,Southwest,Contract Janitorial,Crane,Self-Service,Joemaine Spears,None,None,None,None,None,True,4/29/2026 1:11:23 PM,5/25/2026 3:45:23 PM,Plano - Rasor Elementary School,,945 Hedgcoxe Rd,,Plano,TX,75025-2555,1,,1,9,,,False,False,1,True,,,1,,1,4,1,,,,,,,,,,True,True,False,True,True,,,5,,,,,,,,,,,,,,,15,False,,,,False,800,Education,TX - Operations,,Brad Jester,Semi-Monthly,Operations,3,Crane Southwest Opco LLC,,,Main,TX,,,TX,No,No,Standard,eHub Mobile Timekeeping,,,,,,,,,,,,,,,,,,,,,,,,,,,,,,,,,,,,,,,,,,,,,,,,,,,,,,,,,,,,,,,,,,,,,,,,,,,,,,,854,False,,,,State,,,,,,City,State,Region,Service,Contract Owner,Service Provider,Manager,Reporting Super,Reviewing Super,Tier 10,Tier 11,Tier 12,,0,True,,
853,Plano,Texas,Southwest,Contract Janitorial,Crane,Self-Service,Joemaine Spears,None,None,None,None,None,True,4/29/2026 1:10:19 PM,5/25/2026 3:45:12 PM,Plano - Plano West Senior High School,,5601 W Parker Rd,,Plano,TX,75093-7727,1,,1,9,,,False,False,1,True,,,1,,1,4,1,,,,,,,,,,True,True,False,True,True,,,5,,,,,,,,,,,,,,,15,False,,,,False,800,Education,TX - Operations,,Brad Jester,Semi-Monthly,Operations,3,Crane Southwest Opco LLC,,,Main,TX,,,TX,No,No,Standard,eHub Mobile Timekeeping,,,,,,,,,,,,,,,,,,,,,,,,,,,,,,,,,,,,,,,,,,,,,,,,,,,,,,,,,,,,,,,,,,,,,,,,,,,,,,,853,False,,,,State,,,,,,City,State,Region,Service,Contract Owner,Service Provider,Manager,Reporting Super,Reviewing Super,Tier 10,Tier 11,Tier 12,,0,True,,
852,Plano,Texas,Southwest,Contract Janitorial,Crane,Self-Service,Joemaine Spears,None,None,None,None,None,True,4/29/2026 1:07:22 PM,5/25/2026 3:45:03 PM,Plano - Plano Senior High School,,2200 Independence Pkwy,,Plano,TX,75075-3143,1,,1,9,,,False,False,1,True,,,1,,1,4,1,,,,,,,,,,True,True,False,True,True,,,5,,,,,,,,,,,,,,,15,False,,,,False,800,Education,TX - Operations,,Brad Jester,Semi-Monthly,Operations,3,Crane Southwest Opco LLC,,,Main,TX,,,TX,No,No,Standard,eHub Mobile Timekeeping,,,,,,,,,,,,,,,,,,,,,,,,,,,,,,,,,,,,,,,,,,,,,,,,,,,,,,,,,,,,,,,,,,,,,,,,,,,,,,,852,False,,,,State,,,,,,City,State,Region,Service,Contract Owner,Service Provider,Manager,Reporting Super,Reviewing Super,Tier 10,Tier 11,Tier 12,,0,True,,
851,Plano,Texas,Southwest,Contract Janitorial,Crane,Self-Service,Joemaine Spears,None,None,None,None,None,True,4/29/2026 1:05:38 PM,5/25/2026 3:44:52 PM,Plano - Plano East Senior High School,,3000 Los Rios Blvd,,Plano,TX,75074-3513,1,,1,9,,,False,False,1,True,,,1,,1,4,1,,,,,,,,,,True,True,False,True,True,,,5,,,,,,,,,,,,,,,15,False,,,,False,800,Education,TX - Operations,,Brad Jester,Semi-Monthly,Operations,3,Crane Southwest Opco LLC,,,Main,TX,,,TX,No,No,Standard,eHub Mobile Timekeeping,,,,,,,,,,,,,,,,,,,,,,,,,,,,,,,,,,,,,,,,,,,,,,,,,,,,,,,,,,,,,,,,,,,,,,,,,,,,,,,851,False,,,,State,,,,,,City,State,Region,Service,Contract Owner,Service Provider,Manager,Reporting Super,Reviewing Super,Tier 10,Tier 11,Tier 12,,0,True,,
887,Plano,Texas,Southwest,Contract Janitorial,Crane,Self-Service,Joemaine Spears,None,None,None,None,None,True,4/29/2026 2:14:37 PM,5/25/2026 3:44:43 PM,Plano - Pebble Creek Center,,5804 Coit Rd Ste 102,,Plano,TX,75023-5958,1,,1,9,,,False,False,1,True,,,1,,1,4,1,,,,,,,,,,True,True,False,True,True,,,5,,,,,,,,,,,,,,,15,False,,,,False,800,Education,TX - Operations,,Brad Jester,Semi-Monthly,Operations,3,Crane Southwest Opco LLC,,,Main,TX,,,TX,No,No,Standard,eHub Mobile Timekeeping,,,,,,,,,,,,,,,,,,,,,,,,,,,,,,,,,,,,,,,,,,,,,,,,,,,,,,,,,,,,,,,,,,,,,,,,,,,,,,,887,False,,,,State,,,,,,City,State,Region,Service,Contract Owner,Service Provider,Manager,Reporting Super,Reviewing Super,Tier 10,Tier 11,Tier 12,,0,True,,
850,Plano,Texas,Southwest,Contract Janitorial,Crane,Self-Service,Joemaine Spears,None,None,None,None,None,True,4/29/2026 1:04:39 PM,5/25/2026 3:44:32 PM,Plano - Pearson Early Childhood School,,4000 Eagle Pass,,Plano,TX,75023-4705,1,,1,9,,,False,False,1,True,,,1,,1,4,1,,,,,,,,,,True,True,False,True,True,,,5,,,,,,,,,,,,,,,15,False,,,,False,800,Education,TX - Operations,,Brad Jester,Semi-Monthly,Operations,3,Crane Southwest Opco LLC,,,Main,TX,,,TX,No,No,Standard,eHub Mobile Timekeeping,,,,,,,,,,,,,,,,,,,,,,,,,,,,,,,,,,,,,,,,,,,,,,,,,,,,,,,,,,,,,,,,,,,,,,,,,,,,,,,850,False,,,,State,,,,,,City,State,Region,Service,Contract Owner,Service Provider,Manager,Reporting Super,Reviewing Super,Tier 10,Tier 11,Tier 12,,0,True,,
849,Plano,Texas,Southwest,Contract Janitorial,Crane,Self-Service,Joemaine Spears,None,None,None,None,None,True,4/29/2026 1:03:23 PM,5/25/2026 3:44:23 PM,Plano - Otto Middle School,,504 N Star Rd,,Plano,TX,75074-7305,1,,1,9,,,False,False,1,True,,,1,,1,4,1,,,,,,,,,,True,True,False,True,True,,,5,,,,,,,,,,,,,,,15,False,,,,False,800,Education,TX - Operations,,Brad Jester,Semi-Monthly,Operations,3,Crane Southwest Opco LLC,,,Main,TX,,,TX,No,No,Standard,eHub Mobile Timekeeping,,,,,,,,,,,,,,,,,,,,,,,,,,,,,,,,,,,,,,,,,,,,,,,,,,,,,,,,,,,,,,,,,,,,,,,,,,,,,,,849,False,,,,State,,,,,,City,State,Region,Service,Contract Owner,Service Provider,Manager,Reporting Super,Reviewing Super,Tier 10,Tier 11,Tier 12,,0,True,,
848,Plano,Texas,Southwest,Contract Janitorial,Crane,Self-Service,Joemaine Spears,None,None,None,None,None,True,4/29/2026 1:01:22 PM,5/25/2026 3:44:13 PM,Plano - Murphy Middle School,,620 N Murphy Rd,,Plano,TX,75094-4302,1,,1,9,,,False,False,1,True,,,1,,1,4,1,,,,,,,,,,True,True,False,True,True,,,5,,,,,,,,,,,,,,,15,False,,,,False,800,Education,TX - Operations,,Brad Jester,Semi-Monthly,Operations,3,Crane Southwest Opco LLC,,,Main,TX,,,TX,No,No,Standard,eHub Mobile Timekeeping,,,,,,,,,,,,,,,,,,,,,,,,,,,,,,,,,,,,,,,,,,,,,,,,,,,,,,,,,,,,,,,,,,,,,,,,,,,,,,,848,False,,,,State,,,,,,City,State,Region,Service,Contract Owner,Service Provider,Manager,Reporting Super,Reviewing Super,Tier 10,Tier 11,Tier 12,,0,True,,
886,Plano,Texas,Southwest,Contract Janitorial,Crane,Self-Service,Joemaine Spears,None,None,None,None,None,True,4/29/2026 2:13:17 PM,5/25/2026 3:44:02 PM,Plano - Murphy Distribution Center,,650 N Murphy Rd,,Plano,TX,75094-4302,1,,1,9,,,False,False,1,True,,,1,,1,4,1,,,,,,,,,,True,True,False,True,True,,,5,,,,,,,,,,,,,,,15,False,,,,False,800,Education,TX - Operations,,Brad Jester,Semi-Monthly,Operations,3,Crane Southwest Opco LLC,,,Main,TX,,,TX,No,No,Standard,eHub Mobile Timekeeping,,,,,,,,,,,,,,,,,,,,,,,,,,,,,,,,,,,,,,,,,,,,,,,,,,,,,,,,,,,,,,,,,,,,,,,,,,,,,,,886,False,,,,State,,,,,,City,State,Region,Service,Contract Owner,Service Provider,Manager,Reporting Super,Reviewing Super,Tier 10,Tier 11,Tier 12,,0,True,,
847,Dallas,Texas,Southwest,Contract Janitorial,Crane,Self-Service,Joemaine Spears,None,None,None,None,None,True,4/29/2026 12:55:09 PM,5/25/2026 3:43:55 PM,Plano - Mitchell Elementary School,,4223 Briargrove Ln,,Dallas,TX,75287-6604,1,,1,9,,,False,False,1,True,,,1,,1,4,1,,,,,,,,,,True,True,False,True,True,,,5,,,,,,,,,,,,,,,15,False,,,,False,800,Education,TX - Operations,,Brad Jester,Semi-Monthly,Operations,3,Crane Southwest Opco LLC,,,Main,TX,,,TX,No,No,Standard,eHub Mobile Timekeeping,,,,,,,,,,,,,,,,,,,,,,,,,,,,,,,,,,,,,,,,,,,,,,,,,,,,,,,,,,,,,,,,,,,,,,,,,,,,,,,847,False,,,,State,,,,,,City,State,Region,Service,Contract Owner,Service Provider,Manager,Reporting Super,Reviewing Super,Tier 10,Tier 11,Tier 12,,0,True,,
846,Richardson,Texas,Southwest,Contract Janitorial,Crane,Self-Service,Joemaine Spears,None,None,None,None,None,True,4/29/2026 12:53:35 PM,5/25/2026 3:43:40 PM,Plano - Miller Elementary School,,5651 Coventry Dr,,Richardson,TX,75082-4905,1,,1,9,,,False,False,1,True,,,1,,1,4,1,,,,,,,,,,True,True,False,True,True,,,5,,,,,,,,,,,,,,,15,False,,,,False,800,Education,TX - Operations,,Brad Jester,Semi-Monthly,Operations,3,Crane Southwest Opco LLC,,,Main,TX,,,TX,No,No,Standard,eHub Mobile Timekeeping,,,,,,,,,,,,,,,,,,,,,,,,,,,,,,,,,,,,,,,,,,,,,,,,,,,,,,,,,,,,,,,,,,,,,,,,,,,,,,,846,False,,,,State,,,,,,City,State,Region,Service,Contract Owner,Service Provider,Manager,Reporting Super,Reviewing Super,Tier 10,Tier 11,Tier 12,,0,True,,
845,Plano,Texas,Southwest,Contract Janitorial,Crane,Self-Service,Joemaine Spears,None,None,None,None,None,True,4/29/2026 12:50:32 PM,5/25/2026 3:42:49 PM,Plano - Mendenhall Elementary School,,1330 19th St,,Plano,TX,75074-5952,1,,1,9,,,False,False,1,True,,,1,,1,4,1,,,,,,,,,,True,True,False,True,True,,,5,,,,,,,,,,,,,,,15,False,,,,False,800,Education,TX - Operations,,Brad Jester,Semi-Monthly,Operations,3,Crane Southwest Opco LLC,,,Main,TX,,,TX,No,No,Standard,eHub Mobile Timekeeping,,,,,,,,,,,,,,,,,,,,,,,,,,,,,,,,,,,,,,,,,,,,,,,,,,,,,,,,,,,,,,,,,,,,,,,,,,,,,,,845,False,,,,State,,,,,,City,State,Region,Service,Contract Owner,Service Provider,Manager,Reporting Super,Reviewing Super,Tier 10,Tier 11,Tier 12,,0,True,,
844,Plano,Texas,Southwest,Contract Janitorial,Crane,Self-Service,Joemaine Spears,None,None,None,None,None,True,4/29/2026 12:48:52 PM,5/25/2026 3:42:37 PM,Plano - Memorial Elementary School,,2200 Laurel Ln,,Plano,TX,75074-3110,1,,1,9,,,False,False,1,True,,,1,,1,4,1,,,,,,,,,,True,True,False,True,True,,,5,,,,,,,,,,,,,,,15,False,,,,False,800,Education,TX - Operations,,Brad Jester,Semi-Monthly,Operations,3,Crane Southwest Opco LLC,,,Main,TX,,,TX,No,No,Standard,eHub Mobile Timekeeping,,,,,,,,,,,,,,,,,,,,,,,,,,,,,,,,,,,,,,,,,,,,,,,,,,,,,,,,,,,,,,,,,,,,,,,,,,,,,,,844,False,,,,State,,,,,,City,State,Region,Service,Contract Owner,Service Provider,Manager,Reporting Super,Reviewing Super,Tier 10,Tier 11,Tier 12,,0,True,,
843,Plano,Texas,Southwest,Contract Janitorial,Crane,Self-Service,Joemaine Spears,None,None,None,None,None,True,4/29/2026 12:10:13 PM,5/25/2026 3:42:21 PM,Plano - Meadows Elementary School,,2800 18th St,,Plano,TX,75074-4603,1,,1,9,,,False,False,1,True,,,1,,1,4,1,,,,,,,,,,True,True,False,True,True,,,5,,,,,,,,,,,,,,,15,False,,,,False,800,Education,TX - Operations,,Brad Jester,Semi-Monthly,Operations,3,Crane Southwest Opco LLC,,,Main,TX,,,TX,No,No,Standard,eHub Mobile Timekeeping,,,,,,,,,,,,,,,,,,,,,,,,,,,,,,,,,,,,,,,,,,,,,,,,,,,,,,,,,,,,,,,,,,,,,,,,,,,,,,,843,False,,,,State,,,,,,City,State,Region,Service,Contract Owner,Service Provider,Manager,Reporting Super,Reviewing Super,Tier 10,Tier 11,Tier 12,,0,True,,
842,Plano,Texas,Southwest,Contract Janitorial,Crane,Self-Service,Joemaine Spears,None,None,None,None,None,True,4/29/2026 12:07:43 PM,5/25/2026 3:42:11 PM,Plano - McMillen High School,,750 N Murphy Rd,,Plano,TX,75094-4304,1,,1,9,,,False,False,1,True,,,1,,1,4,1,,,,,,,,,,True,True,False,True,True,,,5,,,,,,,,,,,,,,,15,False,,,,False,800,Education,TX - Operations,,Brad Jester,Semi-Monthly,Operations,3,Crane Southwest Opco LLC,,,Main,TX,,,TX,No,No,Standard,eHub Mobile Timekeeping,,,,,,,,,,,,,,,,,,,,,,,,,,,,,,,,,,,,,,,,,,,,,,,,,,,,,,,,,,,,,,,,,,,,,,,,,,,,,,,842,False,,,,State,,,,,,City,State,Region,Service,Contract Owner,Service Provider,Manager,Reporting Super,Reviewing Super,Tier 10,Tier 11,Tier 12,,0,True,,
841,Plano,Texas,Southwest,Contract Janitorial,Crane,Self-Service,Joemaine Spears,None,None,None,None,None,True,4/29/2026 12:05:54 PM,5/25/2026 3:42:01 PM,Plano - McCall Elementary School,,6601 Cloverhaven Way,,Plano,TX,75074-8988,1,,1,9,,,False,False,1,True,,,1,,1,4,1,,,,,,,,,,True,True,False,True,True,,,5,,,,,,,,,,,,,,,15,False,,,,False,800,Education,TX - Operations,,Brad Jester,Semi-Monthly,Operations,3,Crane Southwest Opco LLC,,,Main,TX,,,TX,No,No,Standard,eHub Mobile Timekeeping,,,,,,,,,,,,,,,,,,,,,,,,,,,,,,,,,,,,,,,,,,,,,,,,,,,,,,,,,,,,,,,,,,,,,,,,,,,,,,,841,False,,,,State,,,,,,City,State,Region,Service,Contract Owner,Service Provider,Manager,Reporting Super,Reviewing Super,Tier 10,Tier 11,Tier 12,,0,True,,
840,Plano,Texas,Southwest,Contract Janitorial,Crane,Self-Service,Joemaine Spears,None,None,None,None,None,True,4/29/2026 12:04:03 PM,5/25/2026 3:41:01 PM,Plano - Mathews Elementary School,,7500 Marchman Way,,Plano,TX,75025-3669,1,,1,9,,,False,False,1,True,,,1,,1,4,1,,,,,,,,,,True,True,False,True,True,,,5,,,,,,,,,,,,,,,15,False,,,,False,800,Education,TX - Operations,,Brad Jester,Semi-Monthly,Operations,3,Crane Southwest Opco LLC,,,Main,TX,,,TX,No,No,Standard,eHub Mobile Timekeeping,,,,,,,,,,,,,,,,,,,,,,,,,,,,,,,,,,,,,,,,,,,,,,,,,,,,,,,,,,,,,,,,,,,,,,,,,,,,,,,840,False,,,,State,,,,,,City,State,Region,Service,Contract Owner,Service Provider,Manager,Reporting Super,Reviewing Super,Tier 10,Tier 11,Tier 12,,0,True,,
885,Plano,Texas,Southwest,Contract Janitorial,Crane,Self-Service,Joemaine Spears,None,None,None,None,None,True,4/29/2026 2:11:29 PM,5/25/2026 3:40:51 PM,Plano - Jupiter Center,,2450 Jupiter Rd,,Plano,TX,75074-4904,1,,1,9,,,False,False,1,True,,,1,,1,4,1,,,,,,,,,,True,True,False,True,True,,,5,,,,,,,,,,,,,,,15,False,,,,False,800,Education,TX - Operations,,Brad Jester,Semi-Monthly,Operations,3,Crane Southwest Opco LLC,,,Main,TX,,,TX,No,No,Standard,eHub Mobile Timekeeping,,,,,,,,,,,,,,,,,,,,,,,,,,,,,,,,,,,,,,,,,,,,,,,,,,,,,,,,,,,,,,,,,,,,,,,,,,,,,,,885,False,,,,State,,,,,,City,State,Region,Service,Contract Owner,Service Provider,Manager,Reporting Super,Reviewing Super,Tier 10,Tier 11,Tier 12,,0,True,,
893,Plano,Texas,Southwest,Contract Janitorial,Crane,Self-Service,Joemaine Spears,None,None,None,None,None,True,4/29/2026 2:25:41 PM,5/25/2026 3:40:38 PM,Plano - John Clark Stadium & Sub-Varsity Fields,,Athletics Department Office 6600 Stadium Dr.,,Plano,TX,75023,1,,1,9,,,False,False,1,True,,,1,,1,4,1,,,,,,,,,,True,True,False,True,True,,,5,,,,,,,,,,,,,,,15,False,,,,False,800,Education,TX - Operations,,Brad Jester,Semi-Monthly,Operations,3,Crane Southwest Opco LLC,,,Main,TX,,,TX,No,No,Standard,eHub Mobile Timekeeping,,,,,,,,,,,,,,,,,,,,,,,,,,,,,,,,,,,,,,,,,,,,,,,,,,,,,,,,,,,,,,,,,,,,,,,,,,,,,,,893,False,,,,State,,,,,,City,State,Region,Service,Contract Owner,Service Provider,Manager,Reporting Super,Reviewing Super,Tier 10,Tier 11,Tier 12,,0,True,,
839,Plano,Texas,Southwest,Contract Janitorial,Crane,Self-Service,Joemaine Spears,None,None,None,None,None,True,4/29/2026 12:01:45 PM,5/25/2026 3:40:26 PM,Plano - Jasper High School,,6800 Archgate Dr,,Plano,TX,75024-5214,1,,1,9,,,False,False,1,True,,,1,,1,4,1,,,,,,,,,,True,True,False,True,True,,,5,,,,,,,,,,,,,,,15,False,,,,False,800,Education,TX - Operations,,Brad Jester,Semi-Monthly,Operations,3,Crane Southwest Opco LLC,,,Main,TX,,,TX,No,No,Standard,eHub Mobile Timekeeping,,,,,,,,,,,,,,,,,,,,,,,,,,,,,,,,,,,,,,,,,,,,,,,,,,,,,,,,,,,,,,,,,,,,,,,,,,,,,,,839,False,,,,State,,,,,,City,State,Region,Service,Contract Owner,Service Provider,Manager,Reporting Super,Reviewing Super,Tier 10,Tier 11,Tier 12,,0,True,,
838,Plano,Texas,Southwest,Contract Janitorial,Crane,Self-Service,Joemaine Spears,None,None,None,None,None,True,4/29/2026 12:00:36 PM,5/25/2026 3:39:35 PM,Plano - Jackson Elementary School,,1101 Jackson Dr,,Plano,TX,75075-7905,1,,1,9,,,False,False,1,True,,,1,,1,4,1,,,,,,,,,,True,True,False,True,True,,,5,,,,,,,,,,,,,,,15,False,,,,False,800,Education,TX - Operations,,Brad Jester,Semi-Monthly,Operations,3,Crane Southwest Opco LLC,,,Main,TX,,,TX,No,No,Standard,eHub Mobile Timekeeping,,,,,,,,,,,,,,,,,,,,,,,,,,,,,,,,,,,,,,,,,,,,,,,,,,,,,,,,,,,,,,,,,,,,,,,,,,,,,,,838,False,,,,State,,,,,,City,State,Region,Service,Contract Owner,Service Provider,Manager,Reporting Super,Reviewing Super,Tier 10,Tier 11,Tier 12,,0,True,,
837,Plano,Texas,Southwest,Contract Janitorial,Crane,Self-Service,Joemaine Spears,None,None,None,None,None,True,4/29/2026 11:57:28 AM,5/25/2026 3:39:12 PM,Plano - Isaacs Early Childhood School,,3400 E Parker Rd,,Plano,TX,75074-7708,1,,1,9,,,False,False,1,True,,,1,,1,4,1,,,,,,,,,,True,True,False,True,True,,,5,,,,,,,,,,,,,,,15,False,,,,False,800,Education,TX - Operations,,Brad Jester,Semi-Monthly,Operations,3,Crane Southwest Opco LLC,,,Main,TX,,,TX,No,No,Standard,eHub Mobile Timekeeping,,,,,,,,,,,,,,,,,,,,,,,,,,,,,,,,,,,,,,,,,,,,,,,,,,,,,,,,,,,,,,,,,,,,,,,,,,,,,,,837,False,,,,State,,,,,,City,State,Region,Service,Contract Owner,Service Provider,Manager,Reporting Super,Reviewing Super,Tier 10,Tier 11,Tier 12,,0,True,,
836,Plano,Texas,Southwest,Contract Janitorial,Crane,Self-Service,Joemaine Spears,None,None,None,None,None,True,4/29/2026 11:53:37 AM,5/25/2026 3:38:59 PM,Plano - IB World School,,3000 Los Rios Blvd,,Plano,TX,75074-3513,1,,1,9,,,False,False,1,True,,,1,,1,4,1,,,,,,,,,,True,True,False,True,True,,,5,,,,,,,,,,,,,,,15,False,,,,False,800,Education,TX - Operations,,Brad Jester,Semi-Monthly,Operations,3,Crane Southwest Opco LLC,,,Main,TX,,,TX,No,No,Standard,eHub Mobile Timekeeping,,,,,,,,,,,,,,,,,,,,,,,,,,,,,,,,,,,,,,,,,,,,,,,,,,,,,,,,,,,,,,,,,,,,,,,,,,,,,,,836,False,,,,State,,,,,,City,State,Region,Service,Contract Owner,Service Provider,Manager,Reporting Super,Reviewing Super,Tier 10,Tier 11,Tier 12,,0,True,,
835,Plano,Texas,Southwest,Contract Janitorial,Crane,Self-Service,Joemaine Spears,None,None,None,None,None,True,4/29/2026 11:52:39 AM,5/25/2026 3:38:40 PM,Plano - Hunt Elementary School,,415 Oriole Dr,,Plano,TX,75094-5124,1,,1,9,,,False,False,1,True,,,1,,1,4,1,,,,,,,,,,True,True,False,True,True,,,5,,,,,,,,,,,,,,,15,False,,,,False,800,Education,TX - Operations,,Brad Jester,Semi-Monthly,Operations,3,Crane Southwest Opco LLC,,,Main,TX,,,TX,No,No,Standard,eHub Mobile Timekeeping,,,,,,,,,,,,,,,,,,,,,,,,,,,,,,,,,,,,,,,,,,,,,,,,,,,,,,,,,,,,,,,,,,,,,,,,,,,,,,,835,False,,,,State,,,,,,City,State,Region,Service,Contract Owner,Service Provider,Manager,Reporting Super,Reviewing Super,Tier 10,Tier 11,Tier 12,,0,True,,
834,Plano,Texas,Southwest,Contract Janitorial,Crane,Self-Service,Joemaine Spears,None,None,None,None,None,True,4/29/2026 11:51:39 AM,5/25/2026 3:38:24 PM,Plano - Hughston Elementary School,,2601 Cross Bend Rd,,Plano,TX,75023-6428,1,,1,9,,,False,False,1,True,,,1,,1,4,1,,,,,,,,,,True,True,False,True,True,,,5,,,,,,,,,,,,,,,15,False,,,,False,800,Education,TX - Operations,,Brad Jester,Semi-Monthly,Operations,3,Crane Southwest Opco LLC,,,Main,TX,,,TX,No,No,Standard,eHub Mobile Timekeeping,,,,,,,,,,,,,,,,,,,,,,,,,,,,,,,,,,,,,,,,,,,,,,,,,,,,,,,,,,,,,,,,,,,,,,,,,,,,,,,834,False,,,,State,,,,,,City,State,Region,Service,Contract Owner,Service Provider,Manager,Reporting Super,Reviewing Super,Tier 10,Tier 11,Tier 12,,0,True,,
833,Plano,Texas,Southwest,Contract Janitorial,Crane,Self-Service,Joemaine Spears,None,None,None,None,None,True,4/29/2026 11:50:31 AM,5/25/2026 3:33:00 PM,Plano - Huffman Elementary - IB World School,,5510 Channel Isle Dr,,Plano,TX,75093-4817,1,,1,9,,,False,False,1,True,,,1,,1,4,1,,,,,,,,,,True,True,False,True,True,,,5,,,,,,,,,,,,,,,15,False,,,,False,800,Education,TX - Operations,,Brad Jester,Semi-Monthly,Operations,3,Crane Southwest Opco LLC,,,Main,TX,,,TX,No,No,Standard,eHub Mobile Timekeeping,,,,,,,,,,,,,,,,,,,,,,,,,,,,,,,,,,,,,,,,,,,,,,,,,,,,,,,,,,,,,,,,,,,,,,,,,,,,,,,833,False,,,,State,,,,,,City,State,Region,Service,Contract Owner,Service Provider,Manager,Reporting Super,Reviewing Super,Tier 10,Tier 11,Tier 12,,0,True,,
832,Plano,Texas,Southwest,Contract Janitorial,Crane,Self-Service,Joemaine Spears,None,None,None,None,None,True,4/29/2026 11:47:39 AM,5/25/2026 3:32:15 PM,Plano - Holifield Science Learning Center,,3401 E Spring Creek Pkwy,,Plano,TX,75074-1504,1,,1,9,,,False,False,1,True,,,1,,1,4,1,,,,,,,,,,True,True,False,True,True,,,5,,,,,,,,,,,,,,,15,False,,,,False,800,Education,TX - Operations,,Brad Jester,Semi-Monthly,Operations,3,Crane Southwest Opco LLC,,,Main,TX,,,TX,No,No,Standard,eHub Mobile Timekeeping,,,,,,,,,,,,,,,,,,,,,,,,,,,,,,,,,,,,,,,,,,,,,,,,,,,,,,,,,,,,,,,,,,,,,,,,,,,,,,,832,False,,,,State,,,,,,City,State,Region,Service,Contract Owner,Service Provider,Manager,Reporting Super,Reviewing Super,Tier 10,Tier 11,Tier 12,,0,True,,
884,Plano,Texas,Southwest,Contract Janitorial,Crane,Self-Service,Joemaine Spears,None,None,None,None,None,True,4/29/2026 2:09:08 PM,5/25/2026 3:32:45 PM,Plano - Holifield Science Learning Center,,3401 E Spring Creek Pkwy,,Plano,TX,75074-1504,1,,1,9,,,False,False,1,True,,,1,,1,4,1,,,,,,,,,,True,True,False,True,True,,,5,,,,,,,,,,,,,,,15,False,,,,False,800,Education,TX - Operations,,Brad Jester,Semi-Monthly,Operations,3,Crane Southwest Opco LLC,,,Main,TX,,,TX,No,No,Standard,eHub Mobile Timekeeping,,,,,,,,,,,,,,,,,,,,,,,,,,,,,,,,,,,,,,,,,,,,,,,,,,,,,,,,,,,,,,,,,,,,,,,,,,,,,,,884,False,,,,State,,,,,,City,State,Region,Service,Contract Owner,Service Provider,Manager,Reporting Super,Reviewing Super,Tier 10,Tier 11,Tier 12,,0,True,,
831,Plano,Texas,Southwest,Contract Janitorial,Crane,Self-Service,Joemaine Spears,None,None,None,None,None,True,4/29/2026 11:44:29 AM,5/25/2026 3:31:59 PM,Plano - Hightower Elementary School,,2601 Decator Dr,,Plano,TX,75093-3523,1,,1,9,,,False,False,1,True,,,1,,1,4,1,,,,,,,,,,True,True,False,True,True,,,5,,,,,,,,,,,,,,,15,False,,,,False,800,Education,TX - Operations,,Brad Jester,Semi-Monthly,Operations,3,Crane Southwest Opco LLC,,,Main,TX,,,TX,No,No,Standard,eHub Mobile Timekeeping,,,,,,,,,,,,,,,,,,,,,,,,,,,,,,,,,,,,,,,,,,,,,,,,,,,,,,,,,,,,,,,,,,,,,,,,,,,,,,,831,False,,,,State,,,,,,City,State,Region,Service,Contract Owner,Service Provider,Manager,Reporting Super,Reviewing Super,Tier 10,Tier 11,Tier 12,,0,True,,
830,Plano,Texas,Southwest,Contract Janitorial,Crane,Self-Service,Joemaine Spears,None,None,None,None,None,True,4/29/2026 11:40:15 AM,5/25/2026 3:31:46 PM,Plano - Hickey Elementary School,,4100 Coldwater Creek Ln,,Plano,TX,75074-1610,1,,1,9,,,False,False,1,True,,,1,,1,4,1,,,,,,,,,,True,True,False,True,True,,,5,,,,,,,,,,,,,,,15,False,,,,False,800,Education,TX - Operations,,Brad Jester,Semi-Monthly,Operations,3,Crane Southwest Opco LLC,,,Main,TX,,,TX,No,No,Standard,eHub Mobile Timekeeping,,,,,,,,,,,,,,,,,,,,,,,,,,,,,,,,,,,,,,,,,,,,,,,,,,,,,,,,,,,,,,,,,,,,,,,,,,,,,,,830,False,,,,State,,,,,,City,State,Region,Service,Contract Owner,Service Provider,Manager,Reporting Super,Reviewing Super,Tier 10,Tier 11,Tier 12,,0,True,,
829,Plano,Texas,Southwest,Contract Janitorial,Crane,Self-Service,Joemaine Spears,None,None,None,None,None,True,4/29/2026 11:38:53 AM,5/25/2026 3:31:34 PM,Plano - Hendrick Middle School,,7400 Red River Dr,,Plano,TX,75025-2640,1,,1,9,,,False,False,1,True,,,1,,1,4,1,,,,,,,,,,True,True,False,True,True,,,5,,,,,,,,,,,,,,,15,False,,,,False,800,Education,TX - Operations,,Brad Jester,Semi-Monthly,Operations,3,Crane Southwest Opco LLC,,,Main,TX,,,TX,No,No,Standard,eHub Mobile Timekeeping,,,,,,,,,,,,,,,,,,,,,,,,,,,,,,,,,,,,,,,,,,,,,,,,,,,,,,,,,,,,,,,,,,,,,,,,,,,,,,,829,False,,,,State,,,,,,City,State,Region,Service,Contract Owner,Service Provider,Manager,Reporting Super,Reviewing Super,Tier 10,Tier 11,Tier 12,,0,True,,
828,Plano,Texas,Southwest,Contract Janitorial,Crane,Self-Service,Joemaine Spears,None,None,None,None,None,True,4/29/2026 11:36:02 AM,5/25/2026 3:31:22 PM,Plano - Hedgcoxe Elementary School,,7701 Prescott Dr,,Plano,TX,75025-2838,1,,1,9,,,False,False,1,True,,,1,,1,4,1,,,,,,,,,,True,True,False,True,True,,,5,,,,,,,,,,,,,,,15,False,,,,False,800,Education,TX - Operations,,Brad Jester,Semi-Monthly,Operations,3,Crane Southwest Opco LLC,,,Main,TX,,,TX,No,No,Standard,eHub Mobile Timekeeping,,,,,,,,,,,,,,,,,,,,,,,,,,,,,,,,,,,,,,,,,,,,,,,,,,,,,,,,,,,,,,,,,,,,,,,,,,,,,,,828,False,,,,State,,,,,,City,State,Region,Service,Contract Owner,Service Provider,Manager,Reporting Super,Reviewing Super,Tier 10,Tier 11,Tier 12,,0,True,,
827,Lewisville,Texas,Southwest,Contract Janitorial,Crane,Self-Service,Joemaine Spears,None,None,None,None,None,True,4/29/2026 11:05:08 AM,5/25/2026 3:31:04 PM,Plano - Health Sciences Academy,,2700 W 15th St,,Lewisville,TX,75077,1,,1,9,,,False,False,1,True,,,1,,1,4,1,,,,,,,,,,True,True,False,True,True,,,5,,,,,,,,,,,,,,,15,False,,,,False,800,Education,TX - Operations,,Brad Jester,Semi-Monthly,Operations,3,Crane Southwest Opco LLC,,,Main,TX,,,TX,No,No,Standard,eHub Mobile Timekeeping,,,,,,,,,,,,,,,,,,,,,,,,,,,,,,,,,,,,,,,,,,,,,,,,,,,,,,,,,,,,,,,,,,,,,,,,,,,,,,,827,False,,,,State,,,,,,City,State,Region,Service,Contract Owner,Service Provider,Manager,Reporting Super,Reviewing Super,Tier 10,Tier 11,Tier 12,,0,True,,
826,Plano,Texas,Southwest,Contract Janitorial,Crane,Self-Service,Joemaine Spears,None,None,None,None,None,True,4/29/2026 11:04:12 AM,5/25/2026 3:30:19 PM,Plano - Head Start,,1600 Rigsbee Dr,,Plano,TX,75074-6525,1,,1,9,,,False,False,1,True,,,1,,1,4,1,,,,,,,,,,True,True,False,True,True,,,5,,,,,,,,,,,,,,,15,False,,,,False,800,Education,TX - Operations,,Brad Jester,Semi-Monthly,Operations,3,Crane Southwest Opco LLC,,,Main,TX,,,TX,No,No,Standard,eHub Mobile Timekeeping,,,,,,,,,,,,,,,,,,,,,,,,,,,,,,,,,,,,,,,,,,,,,,,,,,,,,,,,,,,,,,,,,,,,,,,,,,,,,,,826,False,,,,State,,,,,,City,State,Region,Service,Contract Owner,Service Provider,Manager,Reporting Super,Reviewing Super,Tier 10,Tier 11,Tier 12,,0,True,,
883,Plano,Texas,Southwest,Contract Janitorial,Crane,Self-Service,Joemaine Spears,None,None,None,None,None,True,4/29/2026 2:07:50 PM,5/25/2026 3:30:30 PM,Plano - Head Start,,1600 Rigsbee Dr,,Plano,TX,75074-6525,1,,1,9,,,False,False,1,True,,,1,,1,4,1,,,,,,,,,,True,True,False,True,True,,,5,,,,,,,,,,,,,,,15,False,,,,False,800,Education,TX - Operations,,Brad Jester,Semi-Monthly,Operations,3,Crane Southwest Opco LLC,,,Main,TX,,,TX,No,No,Standard,eHub Mobile Timekeeping,,,,,,,,,,,,,,,,,,,,,,,,,,,,,,,,,,,,,,,,,,,,,,,,,,,,,,,,,,,,,,,,,,,,,,,,,,,,,,,883,False,,,,State,,,,,,City,State,Region,Service,Contract Owner,Service Provider,Manager,Reporting Super,Reviewing Super,Tier 10,Tier 11,Tier 12,,0,True,,
825,Plano,Texas,Southwest,Contract Janitorial,Crane,Self-Service,Joemaine Spears,None,None,None,None,None,True,4/29/2026 11:02:50 AM,5/25/2026 3:29:56 PM,Plano - Haun Elementary School,,4500 Quincy Ln,,Plano,TX,75024-3849,1,,1,9,,,False,False,1,True,,,1,,1,4,1,,,,,,,,,,True,True,False,True,True,,,5,,,,,,,,,,,,,,,15,False,,,,False,800,Education,TX - Operations,,Brad Jester,Semi-Monthly,Operations,3,Crane Southwest Opco LLC,,,Main,TX,,,TX,No,No,Standard,eHub Mobile Timekeeping,,,,,,,,,,,,,,,,,,,,,,,,,,,,,,,,,,,,,,,,,,,,,,,,,,,,,,,,,,,,,,,,,,,,,,,,,,,,,,,825,False,,,,State,,,,,,City,State,Region,Service,Contract Owner,Service Provider,Manager,Reporting Super,Reviewing Super,Tier 10,Tier 11,Tier 12,,0,True,,
824,Plano,Texas,Southwest,Contract Janitorial,Crane,Self-Service,Joemaine Spears,None,None,None,None,None,True,4/29/2026 11:00:13 AM,5/25/2026 3:29:35 PM,Plano - Harrington Elementary School,,1540 Baffin Bay Dr,,Plano,TX,75075-2204,1,,1,9,,,False,False,1,True,,,1,,1,4,1,,,,,,,,,,True,True,False,True,True,,,5,,,,,,,,,,,,,,,15,False,,,,False,800,Education,TX - Operations,,Brad Jester,Semi-Monthly,Operations,3,Crane Southwest Opco LLC,,,Main,TX,,,TX,No,No,Standard,eHub Mobile Timekeeping,,,,,,,,,,,,,,,,,,,,,,,,,,,,,,,,,,,,,,,,,,,,,,,,,,,,,,,,,,,,,,,,,,,,,,,,,,,,,,,824,False,,,,State,,,,,,City,State,Region,Service,Contract Owner,Service Provider,Manager,Reporting Super,Reviewing Super,Tier 10,Tier 11,Tier 12,,0,True,,
823,Plano,Texas,Southwest,Contract Janitorial,Crane,Self-Service,Joemaine Spears,None,None,None,None,None,True,4/29/2026 10:57:15 AM,5/25/2026 3:29:14 PM,Plano - Haggard Middle School,,2832 Parkhaven Dr,,Plano,TX,75075-1905,1,,1,9,,,False,False,1,True,,,1,,1,4,1,,,,,,,,,,True,True,False,True,True,,,5,,,,,,,,,,,,,,,15,False,,,,False,800,Education,TX - Operations,,Brad Jester,Semi-Monthly,Operations,3,Crane Southwest Opco LLC,,,Main,TX,,,TX,No,No,Standard,eHub Mobile Timekeeping,,,,,,,,,,,,,,,,,,,,,,,,,,,,,,,,,,,,,,,,,,,,,,,,,,,,,,,,,,,,,,,,,,,,,,,,,,,,,,,823,False,,,,State,,,,,,City,State,Region,Service,Contract Owner,Service Provider,Manager,Reporting Super,Reviewing Super,Tier 10,Tier 11,Tier 12,,0,True,,
822,Plano,Texas,Southwest,Contract Janitorial,Crane,Self-Service,Joemaine Spears,None,None,None,None,None,True,4/29/2026 10:55:45 AM,5/25/2026 3:29:04 PM,Plano - Gulledge Elementary School,,6801 Preston Meadow Dr,,Plano,TX,75024-5462,1,,1,9,,,False,False,1,True,,,1,,1,4,1,,,,,,,,,,True,True,False,True,True,,,5,,,,,,,,,,,,,,,15,False,,,,False,800,Education,TX - Operations,,Brad Jester,Semi-Monthly,Operations,3,Crane Southwest Opco LLC,,,Main,TX,,,TX,No,No,Standard,eHub Mobile Timekeeping,,,,,,,,,,,,,,,,,,,,,,,,,,,,,,,,,,,,,,,,,,,,,,,,,,,,,,,,,,,,,,,,,,,,,,,,,,,,,,,822,False,,,,State,,,,,,City,State,Region,Service,Contract Owner,Service Provider,Manager,Reporting Super,Reviewing Super,Tier 10,Tier 11,Tier 12,,0,True,,
821,Plano,Texas,Southwest,Contract Janitorial,Crane,Self-Service,Joemaine Spears,None,None,None,None,None,True,4/29/2026 10:51:18 AM,5/25/2026 3:28:40 PM,Plano - Guinn Special Programs Center,,2221 Legacy Dr,,Plano,TX,75023-2156,1,,1,9,,,False,False,1,True,,,1,,1,4,1,,,,,,,,,,True,True,False,True,True,,,5,,,,,,,,,,,,,,,15,False,,,,False,800,Education,TX - Operations,,Brad Jester,Semi-Monthly,Operations,3,Crane Southwest Opco LLC,,,Main,TX,,,TX,No,No,Standard,eHub Mobile Timekeeping,,,,,,,,,,,,,,,,,,,,,,,,,,,,,,,,,,,,,,,,,,,,,,,,,,,,,,,,,,,,,,,,,,,,,,,,,,,,,,,821,False,,,,State,,,,,,City,State,Region,Service,Contract Owner,Service Provider,Manager,Reporting Super,Reviewing Super,Tier 10,Tier 11,Tier 12,,0,True,,
882,Plano,Texas,Southwest,Contract Janitorial,Crane,Self-Service,Joemaine Spears,None,None,None,None,None,True,4/29/2026 2:06:25 PM,5/25/2026 3:28:54 PM,Plano - Guinn Special Programs Center,,2221 Legacy Dr,,Plano,TX,75023-2156,1,,1,9,,,False,False,1,True,,,1,,1,4,1,,,,,,,,,,True,True,False,True,True,,,5,,,,,,,,,,,,,,,15,False,,,,False,800,Education,TX - Operations,,Brad Jester,Semi-Monthly,Operations,3,Crane Southwest Opco LLC,,,Main,TX,,,TX,No,No,Standard,eHub Mobile Timekeeping,,,,,,,,,,,,,,,,,,,,,,,,,,,,,,,,,,,,,,,,,,,,,,,,,,,,,,,,,,,,,,,,,,,,,,,,,,,,,,,882,False,,,,State,,,,,,City,State,Region,Service,Contract Owner,Service Provider,Manager,Reporting Super,Reviewing Super,Tier 10,Tier 11,Tier 12,,0,True,,
820,Dallas,Texas,Southwest,Contract Janitorial,Crane,Self-Service,Joemaine Spears,None,None,None,None,None,True,4/29/2026 10:40:18 AM,5/25/2026 3:28:15 PM,Plano - Frankford Middle School,,7706 Osage Plaza Pkwy,,Dallas,TX,75252-6824,1,,1,9,,,False,False,1,True,,,1,,1,4,1,,,,,,,,,,True,True,False,True,True,,,5,,,,,,,,,,,,,,,15,False,,,,False,800,Education,TX - Operations,,Brad Jester,Semi-Monthly,Operations,3,Crane Southwest Opco LLC,,,Main,TX,,,TX,No,No,Standard,eHub Mobile Timekeeping,,,,,,,,,,,,,,,,,,,,,,,,,,,,,,,,,,,,,,,,,,,,,,,,,,,,,,,,,,,,,,,,,,,,,,,,,,,,,,,820,False,,,,State,,,,,,City,State,Region,Service,Contract Owner,Service Provider,Manager,Reporting Super,Reviewing Super,Tier 10,Tier 11,Tier 12,,0,True,,
881,Plano,Texas,Southwest,Contract Janitorial,Crane,Self-Service,Joemaine Spears,None,None,None,None,None,True,4/29/2026 2:04:43 PM,5/25/2026 3:26:11 PM,Plano - Facility Services Center,,6600 Alma Dr,,Plano,TX,75023-2806,1,,1,9,,,False,False,1,True,,,1,,1,4,1,,,,,,,,,,True,True,False,True,True,,,5,,,,,,,,,,,,,,,15,False,,,,False,800,Education,TX - Operations,,Brad Jester,Semi-Monthly,Operations,3,Crane Southwest Opco LLC,,,Main,TX,,,TX,No,No,Standard,eHub Mobile Timekeeping,,,,,,,,,,,,,,,,,,,,,,,,,,,,,,,,,,,,,,,,,,,,,,,,,,,,,,,,,,,,,,,,,,,,,,,,,,,,,,,881,False,,,,State,,,,,,City,State,Region,Service,Contract Owner,Service Provider,Manager,Reporting Super,Reviewing Super,Tier 10,Tier 11,Tier 12,,0,True,,
880,Plano,Texas,Southwest,Contract Janitorial,Crane,Self-Service,Joemaine Spears,None,None,None,None,None,True,4/29/2026 2:02:40 PM,5/25/2026 3:24:38 PM,Plano - Employee Child Care Center II,,1313 18th St,,Plano,TX,75074-6047,1,,1,9,,,False,False,1,True,,,1,,1,4,1,,,,,,,,,,True,True,False,True,True,,,5,,,,,,,,,,,,,,,15,False,,,,False,800,Education,TX - Operations,,Brad Jester,Semi-Monthly,Operations,3,Crane Southwest Opco LLC,,,Main,TX,,,TX,No,No,Standard,eHub Mobile Timekeeping,,,,,,,,,,,,,,,,,,,,,,,,,,,,,,,,,,,,,,,,,,,,,,,,,,,,,,,,,,,,,,,,,,,,,,,,,,,,,,,880,False,,,,State,,,,,,City,State,Region,Service,Contract Owner,Service Provider,Manager,Reporting Super,Reviewing Super,Tier 10,Tier 11,Tier 12,,0,True,,
879,Plano,Texas,Southwest,Contract Janitorial,Crane,Self-Service,Joemaine Spears,None,None,None,None,None,True,4/29/2026 1:59:33 PM,5/25/2026 3:24:25 PM,Plano - Employee Child Care Center I,,3901 Pebble Creek Ct,,Plano,TX,75023-5948,1,,1,9,,,False,False,1,True,,,1,,1,4,1,,,,,,,,,,True,True,False,True,True,,,5,,,,,,,,,,,,,,,15,False,,,,False,800,Education,TX - Operations,,Brad Jester,Semi-Monthly,Operations,3,Crane Southwest Opco LLC,,,Main,TX,,,TX,No,No,Standard,eHub Mobile Timekeeping,,,,,,,,,,,,,,,,,,,,,,,,,,,,,,,,,,,,,,,,,,,,,,,,,,,,,,,,,,,,,,,,,,,,,,,,,,,,,,,879,False,,,,State,,,,,,City,State,Region,Service,Contract Owner,Service Provider,Manager,Reporting Super,Reviewing Super,Tier 10,Tier 11,Tier 12,,0,True,,
819,Plano,Texas,Southwest,Contract Janitorial,Crane,Self-Service,Joemaine Spears,None,None,None,None,None,True,4/29/2026 10:32:26 AM,5/25/2026 3:24:07 PM,Plano - Dooley Elementary School,,2425 San Gabriel Dr,,Plano,TX,75074-3466,1,,1,9,,,False,False,1,True,,,1,,1,4,1,,,,,,,,,,True,True,False,True,True,,,5,,,,,,,,,,,,,,,15,False,,,,False,800,Education,TX - Operations,,Brad Jester,Semi-Monthly,Operations,3,Crane Southwest Opco LLC,,,Main,TX,,,TX,No,No,Standard,eHub Mobile Timekeeping,,,,,,,,,,,,,,,,,,,,,,,,,,,,,,,,,,,,,,,,,,,,,,,,,,,,,,,,,,,,,,,,,,,,,,,,,,,,,,,819,False,,,,State,,,,,,City,State,Region,Service,Contract Owner,Service Provider,Manager,Reporting Super,Reviewing Super,Tier 10,Tier 11,Tier 12,,0,True,,
818,Plano,Texas,Southwest,Contract Janitorial,Crane,Self-Service,Joemaine Spears,None,None,None,None,None,True,4/29/2026 10:30:38 AM,5/25/2026 3:23:33 PM,Plano - Daffron Elementary School,,3900 Preston Meadow Dr,,Plano,TX,75093-7205,1,,1,9,,,False,False,1,True,,,1,,1,4,1,,,,,,,,,,True,True,False,True,True,,,5,,,,,,,,,,,,,,,15,False,,,,False,800,Education,TX - Operations,,Brad Jester,Semi-Monthly,Operations,3,Crane Southwest Opco LLC,,,Main,TX,,,TX,No,No,Standard,eHub Mobile Timekeeping,,,,,,,,,,,,,,,,,,,,,,,,,,,,,,,,,,,,,,,,,,,,,,,,,,,,,,,,,,,,,,,,,,,,,,,,,,,,,,,818,False,,,,State,,,,,,City,State,Region,Service,Contract Owner,Service Provider,Manager,Reporting Super,Reviewing Super,Tier 10,Tier 11,Tier 12,,0,True,,
878,Plano,Texas,Southwest,Contract Janitorial,Crane,Self-Service,Joemaine Spears,None,None,None,None,None,True,4/29/2026 1:56:19 PM,5/25/2026 3:23:21 PM,Plano - Cox Building,,1517 H Ave,,Plano,TX,75074-5817,1,,1,9,,,False,False,1,True,,,1,,1,4,1,,,,,,,,,,True,True,False,True,True,,,5,,,,,,,,,,,,,,,15,False,,,,False,800,Education,TX - Operations,,Brad Jester,Semi-Monthly,Operations,3,Crane Southwest Opco LLC,,,Main,TX,,,TX,No,No,Standard,eHub Mobile Timekeeping,,,,,,,,,,,,,,,,,,,,,,,,,,,,,,,,,,,,,,,,,,,,,,,,,,,,,,,,,,,,,,,,,,,,,,,,,,,,,,,878,False,,,,State,,,,,,City,State,Region,Service,Contract Owner,Service Provider,Manager,Reporting Super,Reviewing Super,Tier 10,Tier 11,Tier 12,,0,True,,
817,Plano,Texas,Southwest,Contract Janitorial,Crane,Self-Service,Joemaine Spears,None,None,None,None,None,True,4/29/2026 10:24:36 AM,5/25/2026 3:23:05 PM,Plano - Clark High School,,523 W Spring Creek Pkwy,,Plano,TX,75023-4602,1,,1,9,,,False,False,1,True,,,1,,1,4,1,,,,,,,,,,True,True,False,True,True,,,5,,,,,,,,,,,,,,,15,False,,,,False,800,Education,TX - Operations,,Brad Jester,Semi-Monthly,Operations,3,Crane Southwest Opco LLC,,,Main,TX,,,TX,No,No,Standard,eHub Mobile Timekeeping,,,,,,,,,,,,,,,,,,,,,,,,,,,,,,,,,,,,,,,,,,,,,,,,,,,,,,,,,,,,,,,,,,,,,,,,,,,,,,,817,False,,,,State,,,,,,City,State,Region,Service,Contract Owner,Service Provider,Manager,Reporting Super,Reviewing Super,Tier 10,Tier 11,Tier 12,,0,True,,
816,Plano,Texas,Southwest,Contract Janitorial,Crane,Self-Service,Joemaine Spears,None,None,None,None,None,True,4/29/2026 10:19:35 AM,5/25/2026 3:22:53 PM,Plano - Christie Elementary School,,3801 Rainier Rd,,Plano,TX,75023-7220,1,,1,9,,,False,False,1,True,,,1,,1,4,1,,,,,,,,,,True,True,False,True,True,,,5,,,,,,,,,,,,,,,15,False,,,,False,800,Education,TX - Operations,,Brad Jester,Semi-Monthly,Operations,3,Crane Southwest Opco LLC,,,Main,TX,,,TX,No,No,Standard,eHub Mobile Timekeeping,,,,,,,,,,,,,,,,,,,,,,,,,,,,,,,,,,,,,,,,,,,,,,,,,,,,,,,,,,,,,,,,,,,,,,,,,,,,,,,816,False,,,,State,,,,,,City,State,Region,Service,Contract Owner,Service Provider,Manager,Reporting Super,Reviewing Super,Tier 10,Tier 11,Tier 12,,0,True,,
815,Plano,Texas,Southwest,Contract Janitorial,Crane,Self-Service,Joemaine Spears,None,None,None,None,None,True,4/29/2026 10:11:51 AM,5/25/2026 3:22:43 PM,Plano - Charmaine Solomon Adult Transition Center,,1631 Dorchester Dr,,Plano,TX,75075-6443,1,,1,9,,,False,False,1,True,,,1,,1,4,1,,,,,,,,,,True,True,False,True,True,,,5,,,,,,,,,,,,,,,15,False,,,,False,800,Education,TX - Operations,,Brad Jester,Semi-Monthly,Operations,3,Crane Southwest Opco LLC,,,Main,TX,,,TX,No,No,Standard,eHub Mobile Timekeeping,,,,,,,,,,,,,,,,,,,,,,,,,,,,,,,,,,,,,,,,,,,,,,,,,,,,,,,,,,,,,,,,,,,,,,,,,,,,,,,815,False,,,,State,,,,,,City,State,Region,Service,Contract Owner,Service Provider,Manager,Reporting Super,Reviewing Super,Tier 10,Tier 11,Tier 12,,0,True,,
814,Plano,Texas,Southwest,Contract Janitorial,Crane,Self-Service,Joemaine Spears,None,None,None,None,None,True,4/29/2026 10:04:52 AM,5/25/2026 3:22:34 PM,Plano - Centennial Elementary School,,2609 Ventura Dr,,Plano,TX,75093-4026,1,,1,9,,,False,False,1,True,,,1,,1,4,1,,,,,,,,,,True,True,False,True,True,,,5,,,,,,,,,,,,,,,15,False,,,,False,800,Education,TX - Operations,,Brad Jester,Semi-Monthly,Operations,3,Crane Southwest Opco LLC,,,Main,TX,,,TX,No,No,Standard,eHub Mobile Timekeeping,,,,,,,,,,,,,,,,,,,,,,,,,,,,,,,,,,,,,,,,,,,,,,,,,,,,,,,,,,,,,,,,,,,,,,,,,,,,,,,814,False,,,,State,,,,,,City,State,Region,Service,Contract Owner,Service Provider,Manager,Reporting Super,Reviewing Super,Tier 10,Tier 11,Tier 12,,0,True,,
813,Plano,Texas,Southwest,Contract Janitorial,Crane,Self-Service,Joemaine Spears,None,None,None,None,None,True,4/29/2026 10:00:17 AM,5/25/2026 3:22:22 PM,Plano - Carlisle Elementary School,,6525 Old Orchard Dr,,Plano,TX,75023-4129,1,,1,9,,,False,False,1,True,,,1,,1,4,1,,,,,,,,,,True,True,False,True,True,,,5,,,,,,,,,,,,,,,15,False,,,,False,800,Education,TX - Operations,,Brad Jester,Semi-Monthly,Operations,3,Crane Southwest Opco LLC,,,Main,TX,,,TX,No,No,Standard,eHub Mobile Timekeeping,,,,,,,,,,,,,,,,,,,,,,,,,,,,,,,,,,,,,,,,,,,,,,,,,,,,,,,,,,,,,,,,,,,,,,,,,,,,,,,813,False,,,,State,,,,,,City,State,Region,Service,Contract Owner,Service Provider,Manager,Reporting Super,Reviewing Super,Tier 10,Tier 11,Tier 12,,0,True,,
812,Plano,Texas,Southwest,Contract Janitorial,Crane,Self-Service,Joemaine Spears,None,None,None,None,None,True,4/29/2026 9:57:33 AM,5/25/2026 3:22:06 PM,Plano - Career and Technical Education Center,,1865 Alma Dr,,Plano,TX,75075-6919,1,,1,9,,,False,False,1,True,,,1,,1,4,1,,,,,,,,,,True,True,False,True,True,,,5,,,,,,,,,,,,,,,15,False,,,,False,800,Education,TX - Operations,,Brad Jester,Semi-Monthly,Operations,3,Crane Southwest Opco LLC,,,Main,TX,,,TX,No,No,Standard,eHub Mobile Timekeeping,,,,,,,,,,,,,,,,,,,,,,,,,,,,,,,,,,,,,,,,,,,,,,,,,,,,,,,,,,,,,,,,,,,,,,,,,,,,,,,812,False,,,,State,,,,,,City,State,Region,Service,Contract Owner,Service Provider,Manager,Reporting Super,Reviewing Super,Tier 10,Tier 11,Tier 12,,0,True,,
811,Plano,Texas,Southwest,Contract Janitorial,Crane,Self-Service,Joemaine Spears,None,None,None,None,None,True,4/29/2026 9:53:52 AM,5/25/2026 3:21:49 PM,Plano - Brinker Elementary School,,3800 Clark Pkwy,,Plano,TX,75093-7720,1,,1,9,,,False,False,1,True,,,1,,1,4,1,,,,,,,,,,True,True,False,True,True,,,5,,,,,,,,,,,,,,,15,False,,,,False,800,Education,TX - Operations,,Brad Jester,Semi-Monthly,Operations,3,Crane Southwest Opco LLC,,,Main,TX,,,TX,No,No,Standard,eHub Mobile Timekeeping,,,,,,,,,,,,,,,,,,,,,,,,,,,,,,,,,,,,,,,,,,,,,,,,,,,,,,,,,,,,,,,,,,,,,,,,,,,,,,,811,False,,,,State,,,,,,City,State,Region,Service,Contract Owner,Service Provider,Manager,Reporting Super,Reviewing Super,Tier 10,Tier 11,Tier 12,,0,True,,
810,Plano,Texas,Southwest,Contract Janitorial,Crane,Self-Service,Joemaine Spears,None,None,None,None,None,True,4/29/2026 9:51:21 AM,5/25/2026 3:21:36 PM,Plano - Bowman Middle School,,2501 Jupiter Rd,,Plano,TX,75074-4828,1,,1,9,,,False,False,1,True,,,1,,1,4,1,,,,,,,,,,True,True,False,True,True,,,5,,,,,,,,,,,,,,,15,False,,,,False,800,Education,TX - Operations,,Brad Jester,Semi-Monthly,Operations,3,Crane Southwest Opco LLC,,,Main,TX,,,TX,No,No,Standard,eHub Mobile Timekeeping,,,,,,,,,,,,,,,,,,,,,,,,,,,,,,,,,,,,,,,,,,,,,,,,,,,,,,,,,,,,,,,,,,,,,,,,,,,,,,,810,False,,,,State,,,,,,City,State,Region,Service,Contract Owner,Service Provider,Manager,Reporting Super,Reviewing Super,Tier 10,Tier 11,Tier 12,,0,True,,
809,Plano,Texas,Southwest,Contract Janitorial,Crane,Self-Service,Joemaine Spears,None,None,None,None,None,True,4/29/2026 9:47:05 AM,5/25/2026 3:21:09 PM,Plano - Boggess Elementary School,,225 Glen Ridge Dr,,Plano,TX,75094-4206,1,,1,9,,,False,False,1,True,,,1,,1,4,1,,,,,,,,,,True,True,False,True,True,,,5,,,,,,,,,,,,,,,15,False,,,,False,800,Education,TX - Operations,,Brad Jester,Semi-Monthly,Operations,3,Crane Southwest Opco LLC,,,Main,TX,,,TX,No,No,Standard,eHub Mobile Timekeeping,,,,,,,,,,,,,,,,,,,,,,,,,,,,,,,,,,,,,,,,,,,,,,,,,,,,,,,,,,,,,,,,,,,,,,,,,,,,,,,809,False,,,,State,,,,,,City,State,Region,Service,Contract Owner,Service Provider,Manager,Reporting Super,Reviewing Super,Tier 10,Tier 11,Tier 12,,0,True,,
877,Plano,Texas,Southwest,Contract Janitorial,Crane,Self-Service,Joemaine Spears,None,None,None,None,None,True,4/29/2026 1:54:56 PM,5/25/2026 3:20:51 PM,Plano - Bird Welcome & Enrollment Center,,1300 19th St,,Plano,TX,75074-5952,1,,1,9,,,False,False,1,True,,,1,,1,4,1,,,,,,,,,,True,True,False,True,True,,,5,,,,,,,,,,,,,,,15,False,,,,False,800,Education,TX - Operations,,Brad Jester,Semi-Monthly,Operations,3,Crane Southwest Opco LLC,,,Main,TX,,,TX,No,No,Standard,eHub Mobile Timekeeping,,,,,,,,,,,,,,,,,,,,,,,,,,,,,,,,,,,,,,,,,,,,,,,,,,,,,,,,,,,,,,,,,,,,,,,,,,,,,,,877,False,,,,State,,,,,,City,State,Region,Service,Contract Owner,Service Provider,Manager,Reporting Super,Reviewing Super,Tier 10,Tier 11,Tier 12,,0,True,,
808,Allen,Texas,Southwest,Contract Janitorial,Crane,Self-Service,Joemaine Spears,None,None,None,None,None,True,4/29/2026 9:43:01 AM,5/25/2026 3:18:44 PM,Plano - Beverly Elementary School,,715 Duchess Dr,,Allen,TX,75013-3003,1,,1,9,,,False,False,1,True,,,1,,1,4,1,,,,,,,,,,True,True,False,True,True,,,5,,,,,,,,,,,,,,,15,False,,,,False,800,Education,TX - Operations,,Brad Jester,Semi-Monthly,Operations,3,Crane Southwest Opco LLC,,,Main,TX,,,TX,No,No,Standard,eHub Mobile Timekeeping,,,,,,,,,,,,,,,,,,,,,,,,,,,,,,,,,,,,,,,,,,,,,,,,,,,,,,,,,,,,,,,,,,,,,,,,,,,,,,,808,False,,,,State,,,,,,City,State,Region,Service,Contract Owner,Service Provider,Manager,Reporting Super,Reviewing Super,Tier 10,Tier 11,Tier 12,,0,True,,
807,Plano,Texas,Southwest,Contract Janitorial,Crane,Self-Service,Joemaine Spears,None,None,None,None,None,True,4/29/2026 9:38:22 AM,5/25/2026 3:18:27 PM,Plano - Bethany Elementary School,,2418 Micarta Dr,,Plano,TX,75025-2445,1,,1,9,,,False,False,1,True,,,1,,1,4,1,,,,,,,,,,True,True,False,True,True,,,5,,,,,,,,,,,,,,,15,False,,,,False,800,Education,TX - Operations,,Brad Jester,Semi-Monthly,Operations,3,Crane Southwest Opco LLC,,,Main,TX,,,TX,No,No,Standard,eHub Mobile Timekeeping,,,,,,,,,,,,,,,,,,,,,,,,,,,,,,,,,,,,,,,,,,,,,,,,,,,,,,,,,,,,,,,,,,,,,,,,,,,,,,,807,False,,,,State,,,,,,City,State,Region,Service,Contract Owner,Service Provider,Manager,Reporting Super,Reviewing Super,Tier 10,Tier 11,Tier 12,,0,True,,
806,Plano,Texas,Southwest,Contract Janitorial,Crane,Self-Service,Joemaine Spears,None,None,None,None,None,True,4/29/2026 9:33:02 AM,5/25/2026 3:18:00 PM,Plano - Beaty Early Childhood School,,1717 Nevada Dr,,Plano,TX,75093-5408,1,,1,9,,,False,False,1,True,,,1,,1,4,1,,,,,,,,,,True,True,False,True,True,,,5,,,,,,,,,,,,,,,15,False,,,,False,800,Education,TX - Operations,,Brad Jester,Semi-Monthly,Operations,3,Crane Southwest Opco LLC,,,Main,TX,,,TX,No,No,Standard,eHub Mobile Timekeeping,,,,,,,,,,,,,,,,,,,,,,,,,,,,,,,,,,,,,,,,,,,,,,,,,,,,,,,,,,,,,,,,,,,,,,,,,,,,,,,806,False,,,,State,,,,,,City,State,Region,Service,Contract Owner,Service Provider,Manager,Reporting Super,Reviewing Super,Tier 10,Tier 11,Tier 12,,0,True,,
805,Plano,Texas,Southwest,Contract Janitorial,Crane,Self-Service,Joemaine Spears,None,None,None,None,None,True,4/29/2026 9:26:52 AM,5/25/2026 3:17:45 PM,Plano - Barron Elementary School,,3300 P Ave,,Plano,TX,75074-2613,1,,1,9,,,False,False,1,True,,,1,,1,4,1,,,,,,,,,,True,True,False,True,True,,,5,,,,,,,,,,,,,,,15,False,,,,False,800,Education,TX - Operations,,Brad Jester,Semi-Monthly,Operations,3,Crane Southwest Opco LLC,,,Main,TX,,,TX,No,No,Standard,eHub Mobile Timekeeping,,,,,,,,,,,,,,,,,,,,,,,,,,,,,,,,,,,,,,,,,,,,,,,,,,,,,,,,,,,,,,,,,,,,,,,,,,,,,,,805,False,,,,State,,,,,,City,State,Region,Service,Contract Owner,Service Provider,Manager,Reporting Super,Reviewing Super,Tier 10,Tier 11,Tier 12,,0,True,,
804,Plano,Texas,Southwest,Contract Janitorial,Crane,Self-Service,Joemaine Spears,None,None,None,None,None,True,4/29/2026 8:48:00 AM,5/25/2026 3:17:29 PM,Plano - Barksdale Elementary School,,2424 Midway Rd,,Plano,TX,75093-6126,1,,1,9,,,False,False,1,True,,,1,,1,4,1,,,,,,,,,,True,True,False,True,True,,,5,,,,,,,,,,,,,,,15,False,,,,False,800,Education,TX - Operations,,Brad Jester,Semi-Monthly,Operations,3,Crane Southwest Opco LLC,,,Main,TX,,,TX,No,No,Standard,eHub Mobile Timekeeping,,,,,,,,,,,,,,,,,,,,,,,,,,,,,,,,,,,,,,,,,,,,,,,,,,,,,,,,,,,,,,,,,,,,,,,,,,,,,,,804,False,,,,State,,,,,,City,State,Region,Service,Contract Owner,Service Provider,Manager,Reporting Super,Reviewing Super,Tier 10,Tier 11,Tier 12,,0,True,,
803,Plano,Texas,Southwest,Contract Janitorial,Crane,Self-Service,Joemaine Spears,None,None,None,None,None,True,4/29/2026 8:32:01 AM,5/22/2026 3:04:43 PM,Plano - Andrews Elementary School,,2520 Scenic Dr,,Plano,TX,75025-4732,1,,1,9,,,False,False,1,True,,,1,,1,4,1,,,,,,,,,,True,True,False,True,True,,,5,,,,,,,,,,,,,,,15,False,,,,False,800,Education,TX - Operations,,Brad Jester,Semi-Monthly,Operations,3,Crane Southwest Opco LLC,,,Main,TX,,,TX,No,No,Standard,eHub Mobile Timekeeping,,,,,,,,,,,,,,,,,,,,,,,,,,,,,,,,,,,,,,,,,,,,,,,,,,,,,,,,,,,,,,,,,,,,,,,,,,,,,,,803,False,,,,State,,,,,,City,State,Region,Service,Contract Owner,Service Provider,Manager,Reporting Super,Reviewing Super,Tier 10,Tier 11,Tier 12,,0,True,,
802,Richardson,Texas,Southwest,Contract Janitorial,Crane,Self-Service,Joemaine Spears,None,None,None,None,None,True,4/29/2026 8:19:24 AM,5/22/2026 3:04:31 PM,Plano - Aldridge Elementary School,,720 Pleasant Valley Ln,,Richardson,TX,75080-1545,1,,1,9,,,False,False,1,True,,,1,,1,4,1,,,,,,,,,,True,True,False,True,True,,,5,,,,,,,,,,,,,,,15,False,,,,False,800,Education,TX - Operations,,Brad Jester,Semi-Monthly,Operations,3,Crane Southwest Opco LLC,,,Main,TX,,,TX,No,No,Standard,eHub Mobile Timekeeping,,,,,,,,,,,,,,,,,,,,,,,,,,,,,,,,,,,,,,,,,,,,,,,,,,,,,,,,,,,,,,,,,,,,,,,,,,,,,,,802,False,,,,State,,,,,,City,State,Region,Service,Contract Owner,Service Provider,Manager,Reporting Super,Reviewing Super,Tier 10,Tier 11,Tier 12,,0,True,,
876,Plano,Texas,Southwest,Contract Janitorial,Crane,Self-Service,Joemaine Spears,None,None,None,None,None,True,4/29/2026 1:53:29 PM,5/22/2026 3:04:21 PM,Plano - Administration Center,,2700 W 15th St,,Plano,TX,75075-7524,1,,1,9,,,False,False,1,True,,,1,,1,4,1,,,,,,,,,,True,True,False,True,True,,,5,,,,,,,,,,,,,,,15,False,,,,False,800,Education,TX - Operations,,Brad Jester,Semi-Monthly,Operations,3,Crane Southwest Opco LLC,,,Main,TX,,,TX,No,No,Standard,eHub Mobile Timekeeping,,,,,,,,,,,,,,,,,,,,,,,,,,,,,,,,,,,,,,,,,,,,,,,,,,,,,,,,,,,,,,,,,,,,,,,,,,,,,,,876,False,,,,State,,,,,,City,State,Region,Service,Contract Owner,Service Provider,Manager,Reporting Super,Reviewing Super,Tier 10,Tier 11,Tier 12,,0,True,,
801,Plano,Texas,Southwest,Contract Janitorial,Crane,Self-Service,Joemaine Spears,None,None,None,None,None,True,4/29/2026 8:14:17 AM,5/25/2026 3:17:10 PM,Plano - Academy High School,,1701 Alma Dr,,Plano,TX,75075-6917,1,,1,9,,,False,False,1,True,,,1,,1,4,1,,,,,,,,,,True,True,False,True,True,,,5,,,,,,,,,,,,,,,15,False,,,,False,800,Education,TX - Operations,,Brad Jester,Semi-Monthly,Operations,3,Crane Southwest Opco LLC,,,Main,TX,,,TX,No,No,Standard,eHub Mobile Timekeeping,,,,,,,,,,,,,,,,,,,,,,,,,,,,,,,,,,,,,,,,,,,,,,,,,,,,,,,,,,,,,,,,,,,,,,,,,,,,,,,801,False,,,,State,,,,,,City,State,Region,Service,Contract Owner,Service Provider,Manager,Reporting Super,Reviewing Super,Tier 10,Tier 11,Tier 12,,0,True,,
86,Norcross,Georgia,Southeast,Contract Janitorial,House Account,Self-Service,None,None,None,None,None,None,False,4/24/2025 3:21:23 PM,1/27/2026 3:28:21 PM,Payless Decor,,6580 Jimmy Carter Blvd Ste C,,Norcross,GA,30071-1744,5,,1,3,,,True,False,1,False,8/31/2025,3,1,,6,26,1,,,,,,,,,,True,True,True,True,True,,8,,,,,,,,,,,,,,,,6,False,,,,False,,Internal Department,GA - Operations,Early Contract Termination,Silvestre Perez,,Operations,1,Crane Integrated Facility Services Inc.,,,Main,GA,,,GA,Yes,No,Standard,TeamTime,,,,,,,,,,,,,,,,,,,,,,,,,,,,,,,,,,,,,,,,,,,,,,,,,,,,,,,,,,,,,,,,,,,,,,,,,,,,,,,86,True,,,,State,,,,,,City,State,Region,Service,Contract Owner,Service Provider,Manager,Reporting Super,Reviewing Super,Tier 10,Tier 11,Tier 12,8/31/2025,0,True,,
85,Alpharetta,Georgia,Southeast,Contract Janitorial,House Account,Self-Service,None,None,None,None,None,None,True,4/24/2025 3:21:23 PM,5/28/2025 12:49:51 PM,Owens & Minor,,1235 Old Alpharetta Rd Ste 165,,Alpharetta,GA,30005-2908,5,,1,3,,,True,False,1,False,,,1,,6,26,1,,,,,,,,,,True,True,True,True,True,,8,,,,,,,,,,,,,,,,6,False,,,,False,,Internal Department,GA - Operations,,Silvestre Perez,,Operations,1,Crane Integrated Facility Services Inc.,,,Main,GA,,,GA,Yes,No,Standard,TeamTime,,,,,,,,,,,,,,,,,,,,,,,,,,,,,,,,,,,,,,,,,,,,,,,,,,,,,,,,,,,,,,,,,,,,,,,,,,,,,,,85,True,,,,State,,,,,,City,State,Region,Service,Contract Owner,Service Provider,Manager,Reporting Super,Reviewing Super,Tier 10,Tier 11,Tier 12,,0,True,,
84,Duluth,Georgia,Southeast,Contract Janitorial,House Account,Self-Service,None,None,None,None,None,None,True,4/24/2025 3:21:23 PM,5/28/2025 12:49:50 PM,Nygaard Properties,,1810 Peachtree Industrial Blvd Ste 210,,Duluth,GA,30097-8177,5,,1,3,,,True,False,1,False,,,1,,6,26,1,,,,,,,,,,True,True,True,True,True,,8,,,,,,,,,,,,,,,,6,False,,,,False,,Internal Department,GA - Operations,,Silvestre Perez,,Operations,1,Crane Integrated Facility Services Inc.,,,Main,GA,,,GA,Yes,No,Standard,TeamTime,,,,,,,,,,,,,,,,,,,,,,,,,,,,,,,,,,,,,,,,,,,,,,,,,,,,,,,,,,,,,,,,,,,,,,,,,,,,,,,84,True,,,,State,,,,,,City,State,Region,Service,Contract Owner,Service Provider,Manager,Reporting Super,Reviewing Super,Tier 10,Tier 11,Tier 12,,0,True,,
83,Cumming,Georgia,Southeast,Contract Janitorial,House Account,Self-Service,None,None,None,None,None,None,False,4/24/2025 3:21:23 PM,1/27/2026 3:27:29 PM,Northeast Georgia Heart Center,,900 Sanders Road,,Cumming,GA,30041,3,,1,3,,,True,False,1,False,10/31/2025,3,1,,6,26,1,,,,,,,,,,True,True,True,True,True,,8,,,,,,,,,,,,,,,,6,False,,,,False,,Healthcare,GA - Operations,Early Contract Termination,Silvestre Perez,,Operations,1,Crane Integrated Facility Services Inc.,,,Main,GA,,,GA,Yes,No,Standard,TeamTime,,,,,,,,,,,,,,,,,,,,,,,,,,,,,,,,,,,,,,,,,,,,,,,,,,,,,,,,,,,,,,,,,,,,,,,,,,,,,,,83,True,,,,State,,,,,,City,State,Region,Service,Contract Owner,Service Provider,Manager,Reporting Super,Reviewing Super,Tier 10,Tier 11,Tier 12,10/31/2025,0,True,,
82,Norcross,Georgia,Southeast,Contract Janitorial,Franchisor,Self-Service,None,None,None,None,None,None,True,4/24/2025 3:21:23 PM,,Nexair,,2883 Simpson Cir,,Norcross,GA,30071-2823,5,,1,3,,,True,False,1,False,,,1,,6,26,1,,,,,,,,,,True,True,True,True,True,,8,,,,,,,,,,,,,,,,6,False,,,,False,,Internal Department,GA - Operations,,Silvestre Perez,,Operations,1,Crane Integrated Facility Services Inc.,,,Main,GA,,,GA,Yes,No,Standard,TeamTime,,,,,,,,,,,,,,,,,,,,,,,,,,,,,,,,,,,,,,,,,,,,,,,,,,,,,,,,,,,,,,,,,,,,,,,,,,,,,,,82,True,,,,State,,,,,,City,State,Region,Service,Contract Owner,Service Provider,Manager,Reporting Super,Reviewing Super,Tier 10,Tier 11,Tier 12,,0,True,,
133,Daytona Beach,Florida,Southeast,Contract Janitorial,Franchisor,Self-Service,None,None,None,None,None,None,True,6/24/2025 6:58:02 AM,,"NASCAR, Inc.",,825 Ballough Road,,Daytona Beach,FL,32114,6,,1,1,12,,False,False,1,True,,,1,,6,7,1,,,,,,,,,,True,True,False,True,True,,,5,,,,,,,,,,,,,,,5,False,,,,False,,Office,FL - Operations,,Claudia Zanesky,Semi-Monthly,Operations,1,Crane Integrated Facility Services Inc.,,,Main,FL,Volusia,,FL,No,No,Standard,TeamTime,,,,,,,,,,,,,,,,,,,,,,,,,,,,,,,,,,,,,,,,,,,,,,,,,,,,,,,,,,,,,,,,,,,,,,,,,,,,,,,,False,,,,State,County,,,,,City,State,Region,Service,Contract Owner,Service Provider,Manager,Reporting Super,Reviewing Super,Tier 10,Tier 11,Tier 12,,0,True,,
81,Norcross,Georgia,Southeast,Contract Janitorial,House Account,Self-Service,None,None,None,None,None,None,True,4/24/2025 3:21:23 PM,5/28/2025 12:49:47 PM,Mycelx,,1650 International Ct Ste 100,,Norcross,GA,30093-3354,5,,1,3,,,True,False,1,False,,,1,,6,26,1,,,,,,,,,,True,True,True,True,True,,8,,,,,,,,,,,,,,,,6,False,,,,False,,Internal Department,GA - Operations,,Silvestre Perez,,Operations,1,Crane Integrated Facility Services Inc.,,,Main,GA,,,GA,Yes,No,Standard,TeamTime,,,,,,,,,,,,,,,,,,,,,,,,,,,,,,,,,,,,,,,,,,,,,,,,,,,,,,,,,,,,,,,,,,,,,,,,,,,,,,,81,True,,,,State,,,,,,City,State,Region,Service,Contract Owner,Service Provider,Manager,Reporting Super,Reviewing Super,Tier 10,Tier 11,Tier 12,,0,True,,
80,Norcross,Georgia,Southeast,Contract Janitorial,House Account,Self-Service,None,None,None,None,None,None,False,4/24/2025 3:21:23 PM,1/27/2026 3:26:20 PM,Maxzone Auto Parts,,6575 Jimmy Carter Blvd,,Norcross,GA,30071-1707,5,,1,3,,,True,False,1,False,10/31/2025,3,1,,6,26,1,,,,,,,,,,True,True,True,True,True,,8,,,,,,,,,,,,,,,,6,False,,,,False,,Internal Department,GA - Operations,Early Contract Termination,Silvestre Perez,,Operations,1,Crane Integrated Facility Services Inc.,,,Main,GA,,,GA,Yes,No,Standard,TeamTime,,,,,,,,,,,,,,,,,,,,,,,,,,,,,,,,,,,,,,,,,,,,,,,,,,,,,,,,,,,,,,,,,,,,,,,,,,,,,,,80,True,,,,State,,,,,,City,State,Region,Service,Contract Owner,Service Provider,Manager,Reporting Super,Reviewing Super,Tier 10,Tier 11,Tier 12,10/31/2025,0,True,,
79,Norcross,Georgia,Southeast,Contract Janitorial,House Account,Self-Service,None,None,None,None,None,None,True,4/24/2025 3:21:23 PM,12/12/2025 6:29:49 AM,Lipsey Mountian Water,,1701 Oakbrook Dr Ste D,,Norcross,GA,30093-1800,5,,1,3,,,True,False,1,False,,,1,,6,26,1,,,,,,,,,,True,True,True,True,True,,8,,,,,,,,,,,,,,,,6,False,,,,False,,Internal Department,GA - Operations,,Silvestre Perez,,Operations,1,Crane Integrated Facility Services Inc.,,,Main,GA,,,GA,Yes,No,Standard,TeamTime,,,,,,,,,,,,,,,,,,,,,,,,,,,,,,,,,,,,,,,,,,,,,,,,,,,,,,,,,,,,,,,,,,,,,,,,,,,,,,,79,True,,,,State,,,,,,City,State,Region,Service,Contract Owner,Service Provider,Manager,Reporting Super,Reviewing Super,Tier 10,Tier 11,Tier 12,11/30/2025,0,True,,
78,Norcross,Georgia,Southeast,Contract Janitorial,House Account,Self-Service,None,None,None,None,None,None,True,4/24/2025 3:21:23 PM,,Liberty Oriental Rugs,,3284 Saturn Ct,,Norcross,GA,30092-3017,5,,1,3,,,True,False,1,False,,,1,,6,26,1,,,,,,,,,,True,True,True,True,True,,8,,,,,,,,,,,,,,,,6,False,,,,False,,Internal Department,GA - Operations,,Silvestre Perez,,Operations,1,Crane Integrated Facility Services Inc.,,,Main,GA,,,GA,Yes,No,Standard,TeamTime,,,,,,,,,,,,,,,,,,,,,,,,,,,,,,,,,,,,,,,,,,,,,,,,,,,,,,,,,,,,,,,,,,,,,,,,,,,,,,,78,True,,,,State,,,,,,City,State,Region,Service,Contract Owner,Service Provider,Manager,Reporting Super,Reviewing Super,Tier 10,Tier 11,Tier 12,,0,True,,
77,Norcross,Georgia,Southeast,Contract Janitorial,House Account,Self-Service,None,None,None,None,None,None,True,4/24/2025 3:21:23 PM,6/30/2025 2:35:34 PM,JPMorgan Chase,,6215 Regency Pkwy Ste 980,,Norcross,GA,30071-2328,5,,1,3,,,True,False,1,False,,,1,,6,26,1,,,,,,,,,,True,True,True,True,True,,8,,,,,,,,,,,,,,,,6,False,,,5051573,False,,Internal Department,GA - Operations,,Silvestre Perez,,Operations,1,Crane Integrated Facility Services Inc.,,,Main,GA,,,GA,Yes,No,Standard,TeamTime,,,,,,,,,,,,,,,,,,,,,,,,,,,,,,,,,,,,,,,,,,,,,,,,,,,,,,,,,,,,,,,,,,,,,,,,,,,,,,,77,True,,,,State,,,,,,City,State,Region,Service,Contract Owner,Service Provider,Manager,Reporting Super,Reviewing Super,Tier 10,Tier 11,Tier 12,,0,True,,
76,Duluth,Georgia,Southeast,Contract Janitorial,House Account,Self-Service,None,None,None,None,None,None,False,4/24/2025 3:21:23 PM,1/31/2026 2:00:37 AM,ISES Corp.,,3100 Breckinridge Blvd Ste 400,,Duluth,GA,30096-4986,5,,1,3,,,True,False,1,False,1/31/2026,3,1,,6,26,1,,,,,,,,,,True,True,True,True,True,,8,,,,,,,,,,,,,,,,6,False,,,,False,,Internal Department,GA - Operations,Early Contract Termination,Silvestre Perez,,Operations,1,Crane Integrated Facility Services Inc.,,,Main,GA,,,GA,Yes,No,Standard,TeamTime,,,,,,,,,,,,,,,,,,,,,,,,,,,,,,,,,,,,,,,,,,,,,,,,,,,,,,,,,,,,,,,,,,,,,,,,,,,,,,,76,True,,,,State,,,,,,City,State,Region,Service,Contract Owner,Service Provider,Manager,Reporting Super,Reviewing Super,Tier 10,Tier 11,Tier 12,1/31/2026,0,True,,
75,Kennesaw,Georgia,Southeast,Contract Janitorial,House Account,Self-Service,None,None,None,None,None,None,False,4/24/2025 3:21:23 PM,1/27/2026 3:24:08 PM,Intertek-PSI,,95 Chastain Rd NW Ste 301,,Kennesaw,GA,30144-5800,5,,1,3,,,True,False,1,False,9/30/2025,3,1,,6,26,1,,,,,,,,,,True,True,True,True,True,,8,,,,,,,,,,,,,,,,6,False,,,,False,,Internal Department,GA - Operations,Early Contract Termination,Silvestre Perez,,Operations,1,Crane Integrated Facility Services Inc.,,,Main,GA,,,GA,Yes,No,Standard,TeamTime,,,,,,,,,,,,,,,,,,,,,,,,,,,,,,,,,,,,,,,,,,,,,,,,,,,,,,,,,,,,,,,,,,,,,,,,,,,,,,,75,True,,,,State,,,,,,City,State,Region,Service,Contract Owner,Service Provider,Manager,Reporting Super,Reviewing Super,Tier 10,Tier 11,Tier 12,9/30/2025,0,True,,
908,Henderson,Texas,Southwest,Contract Janitorial,Crane,Self-Service,Joemaine Spears,None,None,None,None,None,True,4/30/2026 8:30:09 AM,6/2/2026 8:08:28 AM,Henderson-Wylie Primary School,,1765 US Highway 259 S,,Henderson,TX,75654-6709,1,,1,9,,,False,False,1,True,,,1,,1,61,1,,,,,,,,,,True,True,False,True,True,,,5,,,,,,,,,,,,,,,15,False,,,,False,900,Education,TX - Operations,,Karen Christopher,Semi-Monthly,Operations,3,Crane Southwest Opco LLC,,,Main,TX,,,TX,No,No,Standard,eHub Mobile Timekeeping,,,,,,,,,,,,,,,,,,,,,,,,,,,,,,,,,,,,,,,,,,,,,,,,,,,,,,,,,,,,,,,,,,,,,,,,,,,,,,,908,False,,,,State,,,,,,City,State,Region,Service,Contract Owner,Service Provider,Manager,Reporting Super,Reviewing Super,Tier 10,Tier 11,Tier 12,,0,True,,
907,Henderson,Texas,Southwest,Contract Janitorial,Crane,Self-Service,Joemaine Spears,None,None,None,None,None,True,4/30/2026 8:23:36 AM,6/2/2026 8:08:18 AM,Henderson-Wylie Elementary School,,1735 US-259,,Henderson,TX,75652,1,,1,9,,,False,False,1,True,,,1,,1,61,1,,,,,,,,,,True,True,False,True,True,,,5,,,,,,,,,,,,,,,15,False,,,,False,900,Education,TX - Operations,,Karen Christopher,Semi-Monthly,Operations,3,Crane Southwest Opco LLC,,,Main,TX,,,TX,No,No,Standard,eHub Mobile Timekeeping,,,,,,,,,,,,,,,,,,,,,,,,,,,,,,,,,,,,,,,,,,,,,,,,,,,,,,,,,,,,,,,,,,,,,,,,,,,,,,,907,False,,,,State,,,,,,City,State,Region,Service,Contract Owner,Service Provider,Manager,Reporting Super,Reviewing Super,Tier 10,Tier 11,Tier 12,,0,True,,
902,Henderson,Texas,Southwest,Contract Janitorial,Crane,Self-Service,Joemaine Spears,None,None,None,None,None,True,4/30/2026 7:59:19 AM,6/2/2026 8:08:09 AM,Henderson-Northside Intermediate School,,800 N Van Buren St,,Henderson,TX,75652-5856,1,,1,9,,,False,False,1,True,,,1,,1,61,1,,,,,,,,,,True,True,False,True,True,,,5,,,,,,,,,,,,,,,15,False,,,,False,900,Education,TX - Operations,,Karen Christopher,Semi-Monthly,Operations,3,Crane Southwest Opco LLC,,,Main,TX,,,TX,No,No,Standard,eHub Mobile Timekeeping,,,,,,,,,,,,,,,,,,,,,,,,,,,,,,,,,,,,,,,,,,,,,,,,,,,,,,,,,,,,,,,,,,,,,,,,,,,,,,,902,False,,,,State,,,,,,City,State,Region,Service,Contract Owner,Service Provider,Manager,Reporting Super,Reviewing Super,Tier 10,Tier 11,Tier 12,,0,True,,
906,Henderson,Texas,Southwest,Contract Janitorial,Crane,Self-Service,Joemaine Spears,None,None,None,None,None,True,4/30/2026 8:16:54 AM,6/2/2026 8:07:59 AM,Henderson-Montgomery Achievement Center,,308 Smith St.,,Henderson,TX,75654,1,,1,9,,,False,False,1,True,,,1,,1,61,1,,,,,,,,,,True,True,False,True,True,,,5,,,,,,,,,,,,,,,15,False,,,,False,900,Education,TX - Operations,,Karen Christopher,Semi-Monthly,Operations,3,Crane Southwest Opco LLC,,,Main,TX,,,TX,No,No,Standard,eHub Mobile Timekeeping,,,,,,,,,,,,,,,,,,,,,,,,,,,,,,,,,,,,,,,,,,,,,,,,,,,,,,,,,,,,,,,,,,,,,,,,,,,,,,,906,False,,,,State,,,,,,City,State,Region,Service,Contract Owner,Service Provider,Manager,Reporting Super,Reviewing Super,Tier 10,Tier 11,Tier 12,,0,True,,
904,Henderson,Texas,Southwest,Contract Janitorial,Crane,Self-Service,Joemaine Spears,None,None,None,None,None,True,4/30/2026 8:07:08 AM,6/2/2026 8:07:51 AM,Henderson-Maintenance & Transportation,,200 N High St,,Henderson,TX,75652-3103,1,,1,9,,,False,False,1,True,,,1,,1,61,1,,,,,,,,,,True,True,False,True,True,,,5,,,,,,,,,,,,,,,15,False,,,,False,900,Education,TX - Operations,,Karen Christopher,Semi-Monthly,Operations,3,Crane Southwest Opco LLC,,,Main,TX,,,TX,No,No,Standard,eHub Mobile Timekeeping,,,,,,,,,,,,,,,,,,,,,,,,,,,,,,,,,,,,,,,,,,,,,,,,,,,,,,,,,,,,,,,,,,,,,,,,,,,,,,,904,False,,,,State,,,,,,City,State,Region,Service,Contract Owner,Service Provider,Manager,Reporting Super,Reviewing Super,Tier 10,Tier 11,Tier 12,,0,True,,
901,Henderson,Texas,Southwest,Contract Janitorial,Crane,Self-Service,Joemaine Spears,None,None,None,None,None,True,4/30/2026 7:52:01 AM,6/2/2026 8:07:43 AM,Henderson-Higher Education Center,,101 Mary St,,Henderson,TX,75652-5837,1,,1,9,,,False,False,1,True,,,1,,1,61,1,,,,,,,,,,True,True,False,True,True,,,5,,,,,,,,,,,,,,,15,False,,,,False,900,Education,TX - Operations,,Karen Christopher,Semi-Monthly,Operations,3,Crane Southwest Opco LLC,,,Main,TX,,,TX,No,No,Standard,eHub Mobile Timekeeping,,,,,,,,,,,,,,,,,,,,,,,,,,,,,,,,,,,,,,,,,,,,,,,,,,,,,,,,,,,,,,,,,,,,,,,,,,,,,,,901,False,,,,State,,,,,,City,State,Region,Service,Contract Owner,Service Provider,Manager,Reporting Super,Reviewing Super,Tier 10,Tier 11,Tier 12,,0,True,,
909,Henderson,Texas,Southwest,Contract Janitorial,Crane,Self-Service,Joemaine Spears,None,None,None,None,None,True,6/3/2026 10:12:24 AM,6/3/2026 10:13:25 AM,Henderson-Administration Building,,300 Crosby Dr,,Henderson,TX,75652-5116,1,,1,9,,,False,False,1,True,,,1,,1,61,1,,,,,,,,,,True,True,False,True,True,,,5,,,,,,,,,,,,,,,15,False,,,,False,900,Education,TX - Operations,,Karen Christopher,Semi-Monthly,Operations,3,Crane Southwest Opco LLC,,,Main,TX,,,TX,No,No,Standard,eHub Mobile Timekeeping,,,,,,,,,,,,,,,,,,,,,,,,,,,,,,,,,,,,,,,,,,,,,,,,,,,,,,,,,,,,,,,,,,,,,,,,,,,,,,,909,False,,,,State,,,,,,City,State,Region,Service,Contract Owner,Service Provider,Manager,Reporting Super,Reviewing Super,Tier 10,Tier 11,Tier 12,,0,True,,
905,Henderson,Texas,Southwest,Contract Janitorial,Crane,Self-Service,Joemaine Spears,None,None,None,None,None,True,4/30/2026 8:09:59 AM,6/2/2026 8:07:35 AM,Henderson Middle School,,501 Richardson Dr,,Henderson,TX,75654-3908,1,,1,9,,,False,False,1,True,,,1,,1,61,1,,,,,,,,,,True,True,False,True,True,,,5,,,,,,,,,,,,,,,15,False,,,,False,900,Education,TX - Operations,,Karen Christopher,Semi-Monthly,Operations,3,Crane Southwest Opco LLC,,,Main,TX,,,TX,No,No,Standard,eHub Mobile Timekeeping,,,,,,,,,,,,,,,,,,,,,,,,,,,,,,,,,,,,,,,,,,,,,,,,,,,,,,,,,,,,,,,,,,,,,,,,,,,,,,,905,False,,,,State,,,,,,City,State,Region,Service,Contract Owner,Service Provider,Manager,Reporting Super,Reviewing Super,Tier 10,Tier 11,Tier 12,,0,True,,
900,Henderson,Texas,Southwest,Contract Janitorial,Crane,Self-Service,Joemaine Spears,None,None,None,None,None,True,4/30/2026 7:46:57 AM,6/2/2026 8:06:08 AM,Henderson Independent School District,,300 Crosby Dr,,Henderson,TX,75652-5116,10,,1,9,,,False,False,1,True,,,1,,1,61,1,,,,,,,,,,True,True,False,True,True,,,5,,,,,,,,,,,,,,,15,False,,,,False,,Parent Job,TX - Operations,,Karen Christopher,Semi-Monthly,Operations,3,Crane Southwest Opco LLC,,,Main,TX,,,TX,No,No,Standard,eHub Mobile Timekeeping,,,,,,,,,,,,,,,,,,,,,,,,,,,,,,,,,,,,,,,,,,,,,,,,,,,,,,,,,,,,,,,,,,,,,,,,,,,,,,,900,False,,,,State,,,,,,City,State,Region,Service,Contract Owner,Service Provider,Manager,Reporting Super,Reviewing Super,Tier 10,Tier 11,Tier 12,,0,True,,
903,Henderson,Texas,Southwest,Contract Janitorial,Crane,Self-Service,Joemaine Spears,None,None,None,None,None,True,4/30/2026 8:03:56 AM,6/2/2026 8:06:55 AM,Henderson High School,,1900 State Highway 64 W,,Henderson,TX,75652,1,,1,9,,,False,False,1,True,,,1,,1,61,1,,,,,,,,,,True,True,False,True,True,,,5,,,,,,,,,,,,,,,15,False,,,,False,900,Education,TX - Operations,,Karen Christopher,Semi-Monthly,Operations,3,Crane Southwest Opco LLC,,,Main,TX,,,TX,No,No,Standard,eHub Mobile Timekeeping,,,,,,,,,,,,,,,,,,,,,,,,,,,,,,,,,,,,,,,,,,,,,,,,,,,,,,,,,,,,,,,,,,,,,,,,,,,,,,,903,False,,,,State,,,,,,City,State,Region,Service,Contract Owner,Service Provider,Manager,Reporting Super,Reviewing Super,Tier 10,Tier 11,Tier 12,,0,True,,
74,Tucker,Georgia,Southeast,Contract Janitorial,House Account,Self-Service,None,None,None,None,None,None,True,4/24/2025 3:21:23 PM,5/28/2025 12:49:27 PM,Hearing Life,,4500 Hugh Howell Rd Ste 340,,Tucker,GA,30084-4719,5,,1,3,,,True,False,1,False,,,1,,6,26,1,,,,,,,,,,True,True,True,True,True,,8,,,,,,,,,,,,,,,,6,False,,,,False,,Internal Department,GA - Operations,,Silvestre Perez,,Operations,1,Crane Integrated Facility Services Inc.,,,Main,GA,,,GA,Yes,No,Standard,TeamTime,,,,,,,,,,,,,,,,,,,,,,,,,,,,,,,,,,,,,,,,,,,,,,,,,,,,,,,,,,,,,,,,,,,,,,,,,,,,,,,74,True,,,,State,,,,,,City,State,Region,Service,Contract Owner,Service Provider,Manager,Reporting Super,Reviewing Super,Tier 10,Tier 11,Tier 12,,0,True,,
73,Norcross,Georgia,Southeast,Contract Janitorial,House Account,Self-Service,None,None,None,None,None,None,True,4/24/2025 3:21:23 PM,5/28/2025 12:49:25 PM,"Hallmark Building Supply, Inc.",,6115 Northbelt Dr Ste E,,Norcross,GA,30071-4609,5,,1,3,,,True,False,1,False,,,1,,6,26,1,,,,,,,,,,True,True,True,True,True,,8,,,,,,,,,,,,,,,,6,False,,,,False,,Internal Department,GA - Operations,,Silvestre Perez,,Operations,1,Crane Integrated Facility Services Inc.,,,Main,GA,,,GA,Yes,No,Standard,TeamTime,,,,,,,,,,,,,,,,,,,,,,,,,,,,,,,,,,,,,,,,,,,,,,,,,,,,,,,,,,,,,,,,,,,,,,,,,,,,,,,73,True,,,,State,,,,,,City,State,Region,Service,Contract Owner,Service Provider,Manager,Reporting Super,Reviewing Super,Tier 10,Tier 11,Tier 12,,0,True,,
149,Tucker,Georgia,Southeast,Janitorial Project,Crane,Self-Service,None,None,None,None,None,None,True,8/28/2025 7:36:05 AM,8/30/2025 10:55:15 AM,Grandma's Finest,,4114 Bancroft Cir,,Tucker,GA,30084-4410,7,,1,3,,,False,False,1,True,,,1,,1,0,1,,,,,,,,,,True,True,False,True,True,,,,,,,,,,,,,,,,,,6,False,,,,False,,Other,GA - Operations,,None,,Operations,1,Crane Integrated Facility Services Inc.,,,Main,GA,,,GA,No,No,Standard,eHub Mobile Timekeeping,,,,,,,,,,,,,,,,,,,,,,,,,,,,,,,,,,,,,,,,,,,,,,,,,,,,,,,,,,,,,,,,,,,,,,,,,,,,,,,149,False,,,,State,,,,,,City,State,Region,Service,Contract Owner,Service Provider,Manager,Reporting Super,Reviewing Super,Tier 10,Tier 11,Tier 12,,0,True,,
72,Atlanta,Georgia,Southeast,Contract Janitorial,House Account,Self-Service,None,None,None,None,None,None,True,4/24/2025 3:21:23 PM,,"Go Pro, Ltd",,2925 Northeast Pkwy,,Atlanta,GA,30360-2808,5,,1,3,,,True,False,1,False,,,1,,6,26,1,,,,,,,,,,True,True,True,True,True,,8,,,,,,,,,,,,,,,,6,False,,,,False,,Internal Department,GA - Operations,,Silvestre Perez,,Operations,1,Crane Integrated Facility Services Inc.,,,Main,GA,,,GA,Yes,No,Standard,TeamTime,,,,,,,,,,,,,,,,,,,,,,,,,,,,,,,,,,,,,,,,,,,,,,,,,,,,,,,,,,,,,,,,,,,,,,,,,,,,,,,72,True,,,,State,,,,,,City,State,Region,Service,Contract Owner,Service Provider,Manager,Reporting Super,Reviewing Super,Tier 10,Tier 11,Tier 12,,0,True,,
71,Duluth,Georgia,Southeast,Contract Janitorial,House Account,Self-Service,None,None,None,None,None,None,True,4/24/2025 3:21:23 PM,5/28/2025 12:49:23 PM,GMD Design Group,,1845 Satellite Blvd Ste 850,,Duluth,GA,30097-5277,5,,1,3,,,True,False,1,False,,,1,,6,26,1,,,,,,,,,,True,True,True,True,True,,8,,,,,,,,,,,,,,,,6,False,,,,False,,Internal Department,GA - Operations,,Silvestre Perez,,Operations,1,Crane Integrated Facility Services Inc.,,,Main,GA,,,GA,Yes,No,Standard,TeamTime,,,,,,,,,,,,,,,,,,,,,,,,,,,,,,,,,,,,,,,,,,,,,,,,,,,,,,,,,,,,,,,,,,,,,,,,,,,,,,,71,True,,,,State,,,,,,City,State,Region,Service,Contract Owner,Service Provider,Manager,Reporting Super,Reviewing Super,Tier 10,Tier 11,Tier 12,,0,True,,
70,Woodstock,Georgia,Southeast,Janitorial Project,House Account,Self-Service,None,None,None,None,None,None,True,4/24/2025 3:21:23 PM,,Georgia Allstar Gymnastics,,105 Arnold Mill Park,,Woodstock,GA,30188-5000,5,,1,3,,,True,False,1,False,,,1,,6,26,1,,,,,,,,,,True,True,True,True,True,,8,,,,,,,,,,,,,,,,6,False,,,,False,,Internal Department,GA - Operations,,Silvestre Perez,,Operations,1,Crane Integrated Facility Services Inc.,,,Main,GA,,,GA,Yes,No,Standard,TeamTime,,,,,,,,,,,,,,,,,,,,,,,,,,,,,,,,,,,,,,,,,,,,,,,,,,,,,,,,,,,,,,,,,,,,,,,,,,,,,,,70,True,,,,State,,,,,,City,State,Region,Service,Contract Owner,Service Provider,Manager,Reporting Super,Reviewing Super,Tier 10,Tier 11,Tier 12,,0,True,,
69,Norcross,Georgia,Southeast,Contract Janitorial,House Account,Self-Service,None,None,None,None,None,None,True,4/24/2025 3:21:23 PM,5/28/2025 12:49:20 PM,Genuine Parts Co.,,5420 Peachtree Industrial Blvd,,Norcross,GA,30071-1420,5,,1,3,,,True,False,1,False,,,1,,6,26,1,,,,,,,,,,True,True,True,True,True,,8,,,,,,,,,,,,,,,,6,False,,,,False,,Internal Department,GA - Operations,,Silvestre Perez,,Operations,1,Crane Integrated Facility Services Inc.,,,Main,GA,,,GA,Yes,No,Standard,TeamTime,,,,,,,,,,,,,,,,,,,,,,,,,,,,,,,,,,,,,,,,,,,,,,,,,,,,,,,,,,,,,,,,,,,,,,,,,,,,,,,69,True,,,,State,,,,,,City,State,Region,Service,Contract Owner,Service Provider,Manager,Reporting Super,Reviewing Super,Tier 10,Tier 11,Tier 12,,0,True,,
132,Norcross,Georgia,Southeast,Contract Janitorial,Crane,Franchise Subcontractor,None,None,None,None,None,None,True,6/24/2025 6:54:24 AM,,"Fuyao Glass America, Inc.",,2801 W Stroop Rd,,Dayton,OH,45439-1502,6,,1,3,,,False,False,1,True,,,1,,6,0,1,,,,,,,,,,True,True,False,True,True,,,,,,,,,,,,,,,,,,6,False,,,,False,,Office,GA - Operations,,None,,Operations,1,Crane Integrated Facility Services Inc.,,,Main,GA,,,OH,No,No,Standard,TeamTime,,,,,,,,,,,,,,,,,,,,,,,,,,,,,,,,,,,,,,,,,,,,,,,,,,,,,,,,,,,,,,,,,,,,,,,,,,,,,,,132,False,,,,State,,,,,,City,State,Region,Service,Contract Owner,Service Provider,Manager,Reporting Super,Reviewing Super,Tier 10,Tier 11,Tier 12,,0,True,,
68,Fountain Inn,South Carolina,Southeast,Contract Janitorial,House Account,Self-Service,None,None,None,None,None,None,True,4/24/2025 3:21:23 PM,,Fuyao Glass America,,110 Milacron Dr,,Fountain Inn,SC,29644-9706,5,,1,8,,,True,False,1,False,,,1,,6,26,1,,,,,,,,,,True,True,True,True,True,,85,,,,,,,,,,,,,,,,13,False,,,,False,,Internal Department,SC - Operations,,Silvestre Perez,,Operations,1,Crane Integrated Facility Services Inc.,,,Main,SC,,,SC,Yes,No,Standard,TeamTime,,,,,,,,,,,,,,,,,,,,,,,,,,,,,,,,,,,,,,,,,,,,,,,,,,,,,,,,,,,,,,,,,,,,,,,,,,,,,,,68,True,,,,State,,,,,,City,State,Region,Service,Contract Owner,Service Provider,Manager,Reporting Super,Reviewing Super,Tier 10,Tier 11,Tier 12,,0,True,,
67,Norcross,Georgia,Southeast,Contract Janitorial,House Account,Self-Service,None,None,None,None,None,None,True,4/24/2025 3:21:23 PM,12/16/2025 3:26:09 PM,"Fluid Engineering, Inc.",,1351 Oakbrook Dr Ste 180,,Norcross,GA,30093-6244,4,,1,3,,,True,False,1,False,,,1,,6,26,1,,,,,,,,,,True,True,True,True,True,,8,,,,,,,,,,,,,,,,6,False,,,,False,,"Indstrl, Mnftng, Warehouse",GA - Operations,,Silvestre Perez,,Operations,1,Crane Integrated Facility Services Inc.,,,Main,GA,,,GA,Yes,No,Standard,TeamTime,,,,,,,,,,,,,,,,,,,,,,,,,,,,,,,,,,,,,,,,,,,,,,,,,,,,,,,,,,,,,,,,,,,,,,,,,,,,,,,67,True,,,,State,,,,,,City,State,Region,Service,Contract Owner,Service Provider,Manager,Reporting Super,Reviewing Super,Tier 10,Tier 11,Tier 12,12/31/2025,0,True,,
66,Lake City,Florida,Southeast,Contract Janitorial,House Account,Self-Service,None,None,None,None,None,None,False,4/24/2025 3:21:23 PM,1/27/2026 3:23:00 PM,Florida Gateway College,,149 SE College Pl,,Lake City,FL,32025-2006,1,,1,1,,,True,False,1,False,12/31/2025,3,1,,6,1,1,,,,,,,,,,True,True,True,True,True,,7,,,,,,,,,,,,,,,,5,False,,,,False,,Education,FL - Operations,Early Contract Termination,Allison Shortell,,Operations,1,Crane Integrated Facility Services Inc.,,,Main,FL,,,FL,Yes,No,Standard,TeamTime,,,,,,,,,,,,,,,,,,,,,,,,,,,,,,,,,,,,,,,,,,,,,,,,,,,,,,,,,,,,,,,,,,,,,,,,,,,,,,,66,True,,,,State,,,,,,City,State,Region,Service,Contract Owner,Service Provider,Manager,Reporting Super,Reviewing Super,Tier 10,Tier 11,Tier 12,12/31/2025,0,True,,
274,Zanesville,Ohio,Midwest,Contract Janitorial,SMFM,Franchise Subcontractor,Joemaine Spears,None,None,None,None,None,True,3/26/2026 6:51:25 AM,3/26/2026 6:53:35 AM,FedEx - ZZVA,,1558 Fairview Rd,,Zanesville,OH,43701-0934,4,,1,3,,,False,False,1,True,,,1,,1,43,7,,,,,,,,,,True,True,False,True,True,,,5,,,,,,,,,,,,,,,6,False,,,,False,,"Indstrl, Mnftng, Warehouse",GA - Operations,,Joemaine Spears,Semi-Monthly,Operations FedEx,1,Crane Integrated Facility Services Inc.,,,FedEx,GA,,,OH,No,No,Standard,eHub Mobile Timekeeping,,,,,,,,,,,,,,,,,,,,,,,,,,,,,,,,,,,,,,,,,,,,,,,,,,,,,,,,,,,,,,,,,,,,,,,,,,,,,,,,False,,,,State,,,,,,City,State,Region,Service,Contract Owner,Service Provider,Manager,Reporting Super,Reviewing Super,Tier 10,Tier 11,Tier 12,,0,True,,
65,Weatherford,Oklahoma,Southwest,Contract Janitorial,SMFM,Self-Service,None,None,None,None,None,None,True,4/24/2025 3:21:23 PM,4/27/2026 8:09:50 AM,"FedEx - Weatherford, OK",,4720 S Frontage Rd,,Weatherford,OK,73096-6122,4,,1,7,,,True,False,1,False,,,1,,6,54,1,,,,,,,,,,True,True,True,True,True,,24,,,,,,,,,,,,,,,,12,False,,,,False,,"Indstrl, Mnftng, Warehouse",OK - Operations,,Binada Robinson,,Operations,1,Crane Integrated Facility Services Inc.,,,FedEx,OK,,,OK,Yes,No,Standard,TeamTime,,,,,,,,,,,,,,,,,,,,,,,,,,,,,,,,,,,,,,,,,,,,,,,,,,,,,,,,,,,,,,,,,,,,,,,,,,,,,,,65,True,,,,State,,,,,,City,State,Region,Service,Contract Owner,Service Provider,Manager,Reporting Super,Reviewing Super,Tier 10,Tier 11,Tier 12,,0,True,,
295,Clinton Township,Michigan,Midwest,Contract Janitorial,SMFM,Franchise Subcontractor,Joemaine Spears,None,None,None,None,None,True,5/1/2026 2:29:53 PM,5/1/2026 2:30:44 PM,FedEx - UIZA,,35300 Groesbeck Hwy,,Clinton Township,MI,48035-2515,4,,1,5,,,False,False,1,True,,,1,,1,43,7,,,,,,,,,,True,True,False,True,True,,,5,,,,,,,,,,,,,,,9,False,,,,False,,"Indstrl, Mnftng, Warehouse",MI - Operations,,Joemaine Spears,Semi-Monthly,Operations FedEx,1,Crane Integrated Facility Services Inc.,,,FedEx,MI,,,MI,No,No,Standard,eHub Mobile Timekeeping,,,,,,,,,,,,,,,,,,,,,,,,,,,,,,,,,,,,,,,,,,,,,,,,,,,,,,,,,,,,,,,,,,,,,,,,,,,,,,,,False,,,,State,,,,,,City,State,Region,Service,Contract Owner,Service Provider,Manager,Reporting Super,Reviewing Super,Tier 10,Tier 11,Tier 12,,0,True,,
250,Alcoa,Tennessee,Southeast,Contract Janitorial,SMFM,3rd Party Subcontractor,None,None,None,None,None,None,True,10/9/2025 3:22:34 PM,2/3/2026 3:42:36 PM,FedEx - TYSRT,,3231 Northpark Blvd,,Alcoa,TN,37701,4,,1,3,,,False,False,1,True,,,1,,1,0,7,,,,,,,,,,True,True,False,True,True,,,,,,,,,,,,,,,,,,6,False,,,,False,,"Indstrl, Mnftng, Warehouse",GA - Operations,,None,,Operations FedEx,1,Crane Integrated Facility Services Inc.,,,FedEx,GA,,,TN,No,No,Standard,eHub Mobile Timekeeping,,,,,,,,,,,,,,,,,,,,,,,,,,,,,,,,,,,,,,,,,,,,,,,,,,,,,,,,,,,,,,,,,,,,,,,,,,,,,,,,False,,,,State,,,,,,City,State,Region,Service,Contract Owner,Service Provider,Manager,Reporting Super,Reviewing Super,Tier 10,Tier 11,Tier 12,,0,True,,
249,Louisville,Tennessee,Southeast,Contract Janitorial,SMFM,3rd Party Subcontractor,None,None,None,None,None,None,True,10/9/2025 3:19:52 PM,2/3/2026 3:42:46 PM,FedEx - TYSR,,2037 Callahan Rd,,Louisville,TN,37777-4203,4,,1,3,,,False,False,1,True,,,1,,1,0,7,,,,,,,,,,True,True,False,True,True,,,,,,,,,,,,,,,,,,6,False,,,,False,,"Indstrl, Mnftng, Warehouse",GA - Operations,,None,,Operations FedEx,1,Crane Integrated Facility Services Inc.,,,FedEx,GA,,,TN,No,No,Standard,eHub Mobile Timekeeping,,,,,,,,,,,,,,,,,,,,,,,,,,,,,,,,,,,,,,,,,,,,,,,,,,,,,,,,,,,,,,,,,,,,,,,,,,,,,,,,False,,,,State,,,,,,City,State,Region,Service,Contract Owner,Service Provider,Manager,Reporting Super,Reviewing Super,Tier 10,Tier 11,Tier 12,,0,True,,
294,Traverse City,Michigan,Midwest,Contract Janitorial,SMFM,Franchise Subcontractor,Joemaine Spears,None,None,None,None,None,True,5/1/2026 2:28:45 PM,5/1/2026 2:29:36 PM,FedEx - TVCA,,2386 Traversefield Dr,,Traverse City,MI,49686-8635,4,,1,5,,,False,False,1,True,,,1,,1,43,7,,,,,,,,,,True,True,False,True,True,,,5,,,,,,,,,,,,,,,9,False,,,,False,,"Indstrl, Mnftng, Warehouse",MI - Operations,,Joemaine Spears,Semi-Monthly,Operations FedEx,1,Crane Integrated Facility Services Inc.,,,FedEx,MI,,,MI,No,No,Standard,eHub Mobile Timekeeping,,,,,,,,,,,,,,,,,,,,,,,,,,,,,,,,,,,,,,,,,,,,,,,,,,,,,,,,,,,,,,,,,,,,,,,,,,,,,,,,False,,,,State,,,,,,City,State,Region,Service,Contract Owner,Service Provider,Manager,Reporting Super,Reviewing Super,Tier 10,Tier 11,Tier 12,,0,True,,
641,Tracy,California,West,Out of Scope,SMFM,Self-Service,None,None,None,None,None,None,True,6/24/2025 5:39:10 PM,3/11/2026 4:17:19 PM,"FedEx - Tracy, CA Pallet",,5655 Hood Way,,Tracy,CA,95377-7217,4,,1,2,,,True,False,1,False,,,1,,6,49,9,,,,,,,,,,True,True,True,True,True,,3,,,,,,,,,,,,,,,,4,False,,,,False,64,"Indstrl, Mnftng, Warehouse",CA - Janitorial Service,,Joselyn Mayoral Salas,,FedEx Pallet,2,Crane West Opco LLC,,,FedEx,CA,,,CA,Yes,No,Standard,TeamTime,,,,,,,,,,,,,,,,,,,,,,,,,,,,,,,,,,,,,,,,,,,,,,,,,,,,,,,,,,,,,,,,,,,,,,,,,,,,,,,641,True,,,,State,,,,,,City,State,Region,Service,Contract Owner,Service Provider,Manager,Reporting Super,Reviewing Super,Tier 10,Tier 11,Tier 12,,0,True,,
642,Tracy,California,West,Out of Scope,SMFM,Self-Service,None,None,None,None,None,None,True,6/24/2025 5:41:11 PM,3/11/2026 4:17:33 PM,"FedEx - Tracy, CA Handyman",,5655 Hood Way,,Tracy,CA,95377-7217,4,,1,2,,,True,False,1,False,,,1,,6,49,10,,,,,,,,,,True,True,True,True,True,,3,,,,,,,,,,,,,,,,4,False,,,,False,64,"Indstrl, Mnftng, Warehouse",CA - Janitorial Service,,Joselyn Mayoral Salas,,FedEx Handyman,2,Crane West Opco LLC,,,FedEx,CA,,,CA,Yes,No,Standard,TeamTime,,,,,,,,,,,,,,,,,,,,,,,,,,,,,,,,,,,,,,,,,,,,,,,,,,,,,,,,,,,,,,,,,,,,,,,,,,,,,,,642,True,,,,State,,,,,,City,State,Region,Service,Contract Owner,Service Provider,Manager,Reporting Super,Reviewing Super,Tier 10,Tier 11,Tier 12,,0,True,,
64,Tracy,California,West,Contract Janitorial,SMFM,Self-Service,None,None,None,None,None,None,True,4/24/2025 3:21:23 PM,3/11/2026 4:17:05 PM,"FedEx - Tracy, CA",,5655 Hood Way,,Tracy,CA,95377-7217,4,,1,2,,,True,False,1,False,,,1,,6,49,8,,,,,,,,,,True,True,True,True,True,,3,,,,,,,,,,,,,,,,4,False,,,,False,,"Indstrl, Mnftng, Warehouse",CA - Janitorial Service,,Joselyn Mayoral Salas,,Operations CA w/ M&R,2,Crane West Opco LLC,,,FedEx,CA,,,CA,Yes,No,Standard,TeamTime,,,,,,,,,,,,,,,,,,,,,,,,,,,,,,,,,,,,,,,,,,,,,,,,,,,,,,,,,,,,,,,,,,,,,,,,,,,,,,,64,True,,,,State,,,,,,City,State,Region,Service,Contract Owner,Service Provider,Manager,Reporting Super,Reviewing Super,Tier 10,Tier 11,Tier 12,,0,True,,
293,Northwood,Ohio,Midwest,Contract Janitorial,SMFM,Franchise Subcontractor,Joemaine Spears,None,None,None,None,None,True,5/1/2026 2:23:56 PM,5/1/2026 2:27:28 PM,FedEx - TOLA,,7600 Caple Blvd,,Northwood,OH,43619-1091,4,,1,3,,,False,False,1,True,,,1,,1,43,7,,,,,,,,,,True,True,False,True,True,,,5,,,,,,,,,,,,,,,6,False,,,,False,,"Indstrl, Mnftng, Warehouse",GA - Operations,,Joemaine Spears,Semi-Monthly,Operations FedEx,1,Crane Integrated Facility Services Inc.,,,FedEx,GA,,,OH,No,No,Standard,eHub Mobile Timekeeping,,,,,,,,,,,,,,,,,,,,,,,,,,,,,,,,,,,,,,,,,,,,,,,,,,,,,,,,,,,,,,,,,,,,,,,,,,,,,,,,False,,,,State,,,,,,City,State,Region,Service,Contract Owner,Service Provider,Manager,Reporting Super,Reviewing Super,Tier 10,Tier 11,Tier 12,,0,True,,
213,Miami,Florida,Southeast,Contract Janitorial,SMFM,Self-Service,Jeff Abbott,None,None,None,None,None,True,9/29/2025 7:45:13 PM,4/28/2026 8:25:07 AM,FedEx - TNTA,,2600 NW 19th St,,Pompano Beach,FL,33069-5230,4,,1,1,,,False,False,1,True,,,1,,1,58,7,,,,,,,,,,True,True,False,True,True,,,,,,,,,,,,,,,,,,5,False,,,,False,,"Indstrl, Mnftng, Warehouse",FL - Operations,,Yisel Chills Melendez,,Operations FedEx,1,Crane Integrated Facility Services Inc.,,,FedEx,FL,,,FL,No,No,Standard,eHub Mobile Timekeeping,,,,,,,,,,,,,,,,,,,,,,,,,,,,,,,,,,,,,,,,,,,,,,,,,,,,,,,,,,,,,,,,,,,,,,,,,,,,,,,213,False,,,,State,,,,,,City,State,Region,Service,Contract Owner,Service Provider,Manager,Reporting Super,Reviewing Super,Tier 10,Tier 11,Tier 12,,0,True,,
212,Miami,Florida,Southeast,Contract Janitorial,SMFM,Self-Service,Jeff Abbott,None,None,None,None,None,True,9/29/2025 7:43:34 PM,4/28/2026 8:26:19 AM,FedEx - TMBA,,15601 W Dixie Hwy,,Miami,FL,33162-6035,4,,1,1,,,False,False,1,True,,,1,,1,58,7,,,,,,,,,,True,True,False,True,True,,,,,,,,,,,,,,,,,,5,False,,,,False,,"Indstrl, Mnftng, Warehouse",FL - Operations,,Yisel Chills Melendez,,Operations FedEx,1,Crane Integrated Facility Services Inc.,,,FedEx,FL,,,FL,No,No,Standard,eHub Mobile Timekeeping,,,,,,,,,,,,,,,,,,,,,,,,,,,,,,,,,,,,,,,,,,,,,,,,,,,,,,,,,,,,,,,,,,,,,,,,,,,,,,,212,False,,,,State,,,,,,City,State,Region,Service,Contract Owner,Service Provider,Manager,Reporting Super,Reviewing Super,Tier 10,Tier 11,Tier 12,,0,True,,
232,Tallahassee,Florida,Southeast,Contract Janitorial,SMFM,3rd Party Subcontractor,None,None,None,None,None,None,True,10/9/2025 2:19:40 PM,2/3/2026 3:47:39 PM,FedEx - TLHR,,3380 Capital Cir SW,,Tallahassee,FL,32310-8734,4,,1,1,,,False,False,1,True,,,1,,1,0,7,,,,,,,,,,True,True,False,True,True,,,,,,,,,,,,,,,,,,5,False,,,,False,,"Indstrl, Mnftng, Warehouse",FL - Operations,,None,,Operations FedEx,1,Crane Integrated Facility Services Inc.,,,FedEx,FL,,,FL,No,No,Standard,eHub Mobile Timekeeping,,,,,,,,,,,,,,,,,,,,,,,,,,,,,,,,,,,,,,,,,,,,,,,,,,,,,,,,,,,,,,,,,,,,,,,,,,,,,,,,False,,,,State,,,,,,City,State,Region,Service,Contract Owner,Service Provider,Manager,Reporting Super,Reviewing Super,Tier 10,Tier 11,Tier 12,,0,True,,
231,Tallahassee,Florida,Southeast,Contract Janitorial,SMFM,3rd Party Subcontractor,None,None,None,None,None,None,True,10/9/2025 2:18:17 PM,2/3/2026 3:47:51 PM,FedEx - TLHA,,3401 Commonwealth Blvd,,Tallahassee,FL,32303-3118,4,,1,1,,,False,False,1,True,,,1,,1,0,7,,,,,,,,,,True,True,False,True,True,,,,,,,,,,,,,,,,,,5,False,,,,False,,"Indstrl, Mnftng, Warehouse",FL - Operations,,None,,Operations FedEx,1,Crane Integrated Facility Services Inc.,,,FedEx,FL,,,FL,No,No,Standard,eHub Mobile Timekeeping,,,,,,,,,,,,,,,,,,,,,,,,,,,,,,,,,,,,,,,,,,,,,,,,,,,,,,,,,,,,,,,,,,,,,,,,,,,,,,,,False,,,,State,,,,,,City,State,Region,Service,Contract Owner,Service Provider,Manager,Reporting Super,Reviewing Super,Tier 10,Tier 11,Tier 12,,0,True,,
63,Sun Valley,California,West,Contract Janitorial,SMFM,Self-Service,None,None,None,None,None,None,True,4/24/2025 3:21:23 PM,4/27/2026 8:01:45 AM,"FedEx - Sun Valley, CA",,9210 San Fernando Rd,,Sun Valley,CA,91352-1415,4,,1,2,,,True,False,1,False,,,1,,6,55,8,,,,,,,,,,True,True,True,True,True,,3,,,,,,,,,,,,,,,,4,False,,,,False,,"Indstrl, Mnftng, Warehouse",CA - Janitorial Service,,Viridiana Cervantes,,Operations CA w/ M&R,2,Crane West Opco LLC,,,FedEx,CA,,,CA,Yes,No,Standard,TeamTime,,,,,,,,,,,,,,,,,,,,,,,,,,,,,,,,,,,,,,,,,,,,,,,,,,,,,,,,,,,,,,,,,,,,,,,,,,,,,,,63,True,,,,State,,,,,,City,State,Region,Service,Contract Owner,Service Provider,Manager,Reporting Super,Reviewing Super,Tier 10,Tier 11,Tier 12,,0,True,,
230,Palm City,Florida,Southeast,Contract Janitorial,SMFM,3rd Party Subcontractor,None,None,None,None,None,None,True,10/9/2025 2:16:03 PM,2/3/2026 3:48:00 PM,FedEx - SUAA,,4455 SW Martin Hwy,,Palm City,FL,34990-5526,4,,1,1,,,False,False,1,True,,,1,,1,0,7,,,,,,,,,,True,True,False,True,True,,,,,,,,,,,,,,,,,,5,False,,,,False,,"Indstrl, Mnftng, Warehouse",FL - Operations,,None,,Operations FedEx,1,Crane Integrated Facility Services Inc.,,,FedEx,FL,,,FL,No,No,Standard,eHub Mobile Timekeeping,,,,,,,,,,,,,,,,,,,,,,,,,,,,,,,,,,,,,,,,,,,,,,,,,,,,,,,,,,,,,,,,,,,,,,,,,,,,,,,,False,,,,State,,,,,,City,State,Region,Service,Contract Owner,Service Provider,Manager,Reporting Super,Reviewing Super,Tier 10,Tier 11,Tier 12,,0,True,,
62,Stewartville,Minnesota,Midwest,Out of Scope,SMFM,Franchise Subcontractor,None,None,None,None,None,None,True,4/24/2025 3:21:23 PM,2/9/2026 8:14:07 AM,"FedEx - Stewartville, MN",,2427 Henry Rd NW,,Stewartville,MN,55976-4552,4,,1,6,,,True,False,1,False,,,1,,6,8,1,,,,,,,,,,True,True,True,True,True,,76,,,,,,,,,,,,,,,,10,False,,,,False,,"Indstrl, Mnftng, Warehouse",MN - Operations,,Erika Navarro,,Operations,1,Crane Integrated Facility Services Inc.,,,FedEx,OH,,,MN,Yes,No,Standard,TeamTime,,,,,,,,,,,,,,,,,,,,,,,,,,,,,,,,,,,,,,,,,,,,,,,,,,,,,,,,,,,,,,,,,,,,,,,,,,,,,,,62,True,,,,State,,,,,,City,State,Region,Service,Contract Owner,Service Provider,Manager,Reporting Super,Reviewing Super,Tier 10,Tier 11,Tier 12,,0,True,,
61,St. Cloud,Minnesota,Midwest,Out of Scope,SMFM,Franchise Subcontractor,None,None,None,None,None,None,True,4/24/2025 3:21:23 PM,2/9/2026 8:13:43 AM,"FedEx - St. Cloud, MN",,730 60th St S,,Saint Cloud,MN,56301-7733,4,,1,6,,,True,False,1,False,,,1,,6,27,1,,,,,,,,,,True,True,True,True,True,,76,,,,,,,,,,,,,,,,10,False,,,,False,,"Indstrl, Mnftng, Warehouse",MN - Operations,,Teresa Ramos,,Operations,1,Crane Integrated Facility Services Inc.,,,FedEx,OH,,,MN,Yes,No,Standard,TeamTime,,,,,,,,,,,,,,,,,,,,,,,,,,,,,,,,,,,,,,,,,,,,,,,,,,,,,,,,,,,,,,,,,,,,,,,,,,,,,,,61,True,,,,State,,,,,,City,State,Region,Service,Contract Owner,Service Provider,Manager,Reporting Super,Reviewing Super,Tier 10,Tier 11,Tier 12,,0,True,,
263,Decatur,Georgia,Southeast,Contract Janitorial,SMFM,Self-Service,Joemaine Spears,None,None,None,None,None,True,2/4/2026 7:11:33 AM,2/4/2026 7:13:03 AM,FedEx - SSIA,,1668 Austin Dr,,Decatur,GA,30032-4801,4,,1,3,,,False,False,1,True,,,1,,1,26,7,,,,,,,,,,True,True,False,True,True,,,5,,,,,,,,,,,,,,2/15/2026,6,False,,,,False,,"Indstrl, Mnftng, Warehouse",GA - Operations,,Silvestre Perez,Semi-Monthly,Operations FedEx,1,Crane Integrated Facility Services Inc.,,,FedEx,GA,,,GA,No,No,Standard,eHub Mobile Timekeeping,,,,,,,,,,,,,,,,,,,,,,,,,,,,,,,,,,,,,,,,,,,,,,,,,,,,,,,,,,,,,,,,,,,,,,,,,,,,,,,263,False,,,,State,,,,,,City,State,Region,Service,Contract Owner,Service Provider,Manager,Reporting Super,Reviewing Super,Tier 10,Tier 11,Tier 12,,0,True,,
239,Shreveport,Louisiana,South Central,Contract Janitorial,SMFM,3rd Party Subcontractor,None,None,None,None,None,None,True,10/9/2025 2:47:49 PM,2/3/2026 3:46:37 PM,FedEx - SHVA,,2122 Greenwood Rd,,Shreveport,LA,71103-3508,4,,1,3,,,False,False,1,True,,,1,,1,0,7,,,,,,,,,,True,True,False,True,True,,,,,,,,,,,,,,,,,,6,False,,,,False,,"Indstrl, Mnftng, Warehouse",GA - Operations,,None,,Operations FedEx,1,Crane Integrated Facility Services Inc.,,,FedEx,GA,,,LA,No,No,Standard,eHub Mobile Timekeeping,,,,,,,,,,,,,,,,,,,,,,,,,,,,,,,,,,,,,,,,,,,,,,,,,,,,,,,,,,,,,,,,,,,,,,,,,,,,,,,,False,,,,State,,,,,,City,State,Region,Service,Contract Owner,Service Provider,Manager,Reporting Super,Reviewing Super,Tier 10,Tier 11,Tier 12,,0,True,,
229,Longwood,Florida,Southeast,Contract Janitorial,SMFM,3rd Party Subcontractor,None,None,None,None,None,None,True,10/9/2025 2:14:41 PM,2/3/2026 3:48:12 PM,FedEx - SFBA,,924 Florida Central Pkwy,,Longwood,FL,32750-6398,4,,1,1,,,False,False,1,True,,,1,,1,0,7,,,,,,,,,,True,True,False,True,True,,,,,,,,,,,,,,,,,,5,False,,,,False,,"Indstrl, Mnftng, Warehouse",FL - Operations,,None,,Operations FedEx,1,Crane Integrated Facility Services Inc.,,,FedEx,FL,,,FL,No,No,Standard,eHub Mobile Timekeeping,,,,,,,,,,,,,,,,,,,,,,,,,,,,,,,,,,,,,,,,,,,,,,,,,,,,,,,,,,,,,,,,,,,,,,,,,,,,,,,,False,,,,State,,,,,,City,State,Region,Service,Contract Owner,Service Provider,Manager,Reporting Super,Reviewing Super,Tier 10,Tier 11,Tier 12,,0,True,,
273,Louisville,Kentucky,Southeast,Contract Janitorial,SMFM,Franchise Subcontractor,Joemaine Spears,None,None,None,None,None,True,3/26/2026 6:44:40 AM,3/26/2026 6:50:34 AM,FedEx - SDFA,,4441 Produce Rd,,Louisville,KY,40218-3061,4,,1,3,,,False,False,1,True,,,1,,1,43,7,,,,,,,,,,True,True,False,True,True,,,5,,,,,,,,,,,,,,,6,False,,,,False,,"Indstrl, Mnftng, Warehouse",GA - Operations,,Joemaine Spears,Semi-Monthly,Operations FedEx,1,Crane Integrated Facility Services Inc.,,,FedEx,GA,,,KY,No,No,Standard,eHub Mobile Timekeeping,,,,,,,,,,,,,,,,,,,,,,,,,,,,,,,,,,,,,,,,,,,,,,,,,,,,,,,,,,,,,,,,,,,,,,,,,,,,,,,,False,,,,State,,,,,,City,State,Region,Service,Contract Owner,Service Provider,Manager,Reporting Super,Reviewing Super,Tier 10,Tier 11,Tier 12,,0,True,,
60,San Leandro,California,West,Contract Janitorial,SMFM,Self-Service,None,None,None,None,None,None,True,4/24/2025 3:21:23 PM,3/11/2026 4:16:25 PM,"FedEx - San Leandro, CA",,1400 Business Center Dr,,San Leandro,CA,94577-2246,4,,1,2,,,True,False,1,False,,,1,,6,49,8,,,,,,,,,,True,True,True,True,True,,3,,,,,,,,,,,,,,,,4,False,,,,False,,"Indstrl, Mnftng, Warehouse",CA - Janitorial Service,,Joselyn Mayoral Salas,,Operations CA w/ M&R,2,Crane West Opco LLC,,,FedEx,CA,,,CA,Yes,No,Standard,TeamTime,,,,,,,,,,,,,,,,,,,,,,,,,,,,,,,,,,,,,,,,,,,,,,,,,,,,,,,,,,,,,,,,,,,,,,,,,,,,,,,60,True,,,,State,,,,,,City,State,Region,Service,Contract Owner,Service Provider,Manager,Reporting Super,Reviewing Super,Tier 10,Tier 11,Tier 12,,0,True,,
59,San Francisco,California,West,Contract Janitorial,SMFM,Self-Service,None,None,None,None,None,None,True,4/24/2025 3:21:23 PM,3/11/2026 4:16:06 PM,FedEx - San Francisco,,405 Victory Avenue,,San Francisco,CA,94080,4,,1,2,,,True,False,1,False,,,1,,6,49,8,,,,,,,,,,True,True,True,True,True,,3,,,,,,,,,,,,,,,,4,False,,,,False,,"Indstrl, Mnftng, Warehouse",CA - Janitorial Service,,Joselyn Mayoral Salas,,Operations CA w/ M&R,2,Crane West Opco LLC,,,FedEx,CA,,,CA,Yes,No,Standard,TeamTime,,,,,,,,,,,,,,,,,,,,,,,,,,,,,,,,,,,,,,,,,,,,,,,,,,,,,,,,,,,,,,,,,,,,,,,,,,,,,,,59,True,,,,State,,,,,,City,State,Region,Service,Contract Owner,Service Provider,Manager,Reporting Super,Reviewing Super,Tier 10,Tier 11,Tier 12,,0,True,,
581,Sacramento,California,West,Out of Scope,SMFM,Self-Service,None,None,None,None,None,None,True,6/24/2025 5:34:32 PM,4/28/2026 7:00:24 AM,FedEx - Sacramento-Elder Pallet,,8200 Elder Creek Rd,,Sacramento,CA,95824-2335,4,,1,2,,,True,False,1,False,,,1,,6,53,9,,,,,,,,,,True,True,True,True,True,,3,,,,,,,,,,,,,,,,4,False,,,,False,58,"Indstrl, Mnftng, Warehouse",CA - Janitorial Service,,Shannon Johnson,,FedEx Pallet,2,Crane West Opco LLC,,,FedEx,CA,,,CA,Yes,No,Standard,TeamTime,,,,,,,,,,,,,,,,,,,,,,,,,,,,,,,,,,,,,,,,,,,,,,,,,,,,,,,,,,,,,,,,,,,,,,,,,,,,,,,581,True,,,,State,,,,,,City,State,Region,Service,Contract Owner,Service Provider,Manager,Reporting Super,Reviewing Super,Tier 10,Tier 11,Tier 12,,0,True,,
582,Sacramento,California,West,Out of Scope,SMFM,Self-Service,None,None,None,None,None,None,True,6/24/2025 5:36:46 PM,3/11/2026 4:15:55 PM,FedEx - Sacramento-Elder Handyman,,8200 Elder Creek Rd,,Sacramento,CA,95824-2335,4,,1,2,,,True,False,1,False,,,1,,6,49,10,,,,,,,,,,True,True,True,True,True,,3,,,,,,,,,,,,,,,,4,False,,,,False,58,"Indstrl, Mnftng, Warehouse",CA - Janitorial Service,,Joselyn Mayoral Salas,,FedEx Handyman,2,Crane West Opco LLC,,,FedEx,CA,,,CA,Yes,No,Standard,TeamTime,,,,,,,,,,,,,,,,,,,,,,,,,,,,,,,,,,,,,,,,,,,,,,,,,,,,,,,,,,,,,,,,,,,,,,,,,,,,,,,582,True,,,,State,,,,,,City,State,Region,Service,Contract Owner,Service Provider,Manager,Reporting Super,Reviewing Super,Tier 10,Tier 11,Tier 12,,0,True,,
58,Sacramento,California,West,Contract Janitorial,SMFM,Self-Service,None,None,None,None,None,None,True,4/24/2025 3:21:23 PM,4/22/2026 2:43:35 PM,FedEx - Sacramento-Elder,,8200 Elder Creek Rd,,Sacramento,CA,95824-2335,4,,1,2,,,True,False,1,False,,,1,,6,53,8,,,,,,,,,,True,True,True,True,True,,3,,,,,,,,,,,,,,,,4,False,,,,False,,"Indstrl, Mnftng, Warehouse",CA - Janitorial Service,,Shannon Johnson,,Operations CA w/ M&R,2,Crane West Opco LLC,,,FedEx,CA,,,CA,Yes,No,Standard,TeamTime,,,,,,,,,,,,,,,,,,,,,,,,,,,,,,,,,,,,,,,,,,,,,,,,,,,,,,,,,,,,,,,,,,,,,,,,,,,,,,,58,True,,,,State,,,,,,City,State,Region,Service,Contract Owner,Service Provider,Manager,Reporting Super,Reviewing Super,Tier 10,Tier 11,Tier 12,,0,True,,
57,Sacramento,California,West,Contract Janitorial,SMFM,Self-Service,None,None,None,None,None,None,True,4/24/2025 3:21:23 PM,4/28/2026 6:59:10 AM,"FedEx - Sacramento, CA Rovana",,8371 Rovana Circle,,Sacramento,CA,95828,4,,1,2,,,True,False,1,False,,,1,,6,53,8,,,,,,,,,,True,True,True,True,True,,3,,,,,,,,,,,,,,,,4,False,,,,False,,"Indstrl, Mnftng, Warehouse",CA - Janitorial Service,,Shannon Johnson,,Operations CA w/ M&R,2,Crane West Opco LLC,,,FedEx,CA,,,CA,Yes,No,Standard,TeamTime,,,,,,,,,,,,,,,,,,,,,,,,,,,,,,,,,,,,,,,,,,,,,,,,,,,,,,,,,,,,,,,,,,,,,,,,,,,,,,,57,True,,,,State,,,,,,City,State,Region,Service,Contract Owner,Service Provider,Manager,Reporting Super,Reviewing Super,Tier 10,Tier 11,Tier 12,,0,True,,
264,Raleigh,North Carolina,Southeast,Contract Janitorial,SMFM,Franchise Subcontractor,Joemaine Spears,None,None,None,None,None,True,2/18/2026 9:36:16 AM,,FedEx - RZZA,,4301 Atlantic Ave,,Raleigh,NC,27604-1755,4,,1,3,,,False,False,1,True,,,1,,1,0,7,,,,,,,,,,True,True,False,True,True,,,5,,,,,,,,,,,,,,,6,False,,,,False,,"Indstrl, Mnftng, Warehouse",GA - Operations,,None,Semi-Monthly,Operations FedEx,1,Crane Integrated Facility Services Inc.,,,FedEx,GA,,,NC,No,No,Standard,eHub Mobile Timekeeping,,,,,,,,,,,,,,,,,,,,,,,,,,,,,,,,,,,,,,,,,,,,,,,,,,,,,,,,,,,,,,,,,,,,,,,,,,,,,,,,False,,,,State,,,,,,City,State,Region,Service,Contract Owner,Service Provider,Manager,Reporting Super,Reviewing Super,Tier 10,Tier 11,Tier 12,,0,True,,
56,Rosemount,Minnesota,Midwest,Out of Scope,SMFM,Franchise Subcontractor,None,None,None,None,None,None,True,4/24/2025 3:21:23 PM,11/11/2025 3:37:09 PM,"FedEx - Rosemount, MN",,14005 Driver Ave,,Rosemount,MN,55068-5546,4,,1,6,,,True,False,1,False,,,1,,6,29,1,,,,,,,,,,True,True,True,True,True,,76,,,,,,,,,,,,,,,,4,False,,,,False,,"Indstrl, Mnftng, Warehouse",CA - Janitorial Service,,Trevinus Dorsey,,Operations,1,Crane Integrated Facility Services Inc.,,,FedEx,OH,,,MN,Yes,No,Standard,TeamTime,,,,,,,,,,,,,,,,,,,,,,,,,,,,,,,,,,,,,,,,,,,,,,,,,,,,,,,,,,,,,,,,,,,,,,,,,,,,,,,56,True,,,,State,,,,,,City,State,Region,Service,Contract Owner,Service Provider,Manager,Reporting Super,Reviewing Super,Tier 10,Tier 11,Tier 12,,0,True,,
269,Roanoke,West Virginia,Southeast,Contract Janitorial,SMFM,Franchise Subcontractor,Joemaine Spears,None,None,None,None,None,True,3/26/2026 6:34:08 AM,3/26/2026 6:36:01 AM,FedEx - ROAR,,5824 Airport Rd NW,,Roanoke,VA,24012-1010,4,,1,10,,,False,False,1,True,,,1,,1,43,7,,,,,,,,,,True,True,False,True,True,,,5,,,,,,,,,,,,,,,16,False,,,,False,,"Indstrl, Mnftng, Warehouse",VA - Operations,,Joemaine Spears,Semi-Monthly,Operations FedEx,1,Crane Integrated Facility Services Inc.,,,FedEx,VA,,,VA,No,No,Standard,eHub Mobile Timekeeping,,,,,,,,,,,,,,,,,,,,,,,,,,,,,,,,,,,,,,,,,,,,,,,,,,,,,,,,,,,,,,,,,,,,,,,,,,,,,,,,False,,,,State,,,,,,City,State,Region,Service,Contract Owner,Service Provider,Manager,Reporting Super,Reviewing Super,Tier 10,Tier 11,Tier 12,,0,True,,
266,Roanoke,Virginia,Southeast,Contract Janitorial,SMFM,Franchise Subcontractor,Joemaine Spears,None,None,None,None,None,True,2/18/2026 9:41:36 AM,2/18/2026 9:41:59 AM,FedEx - ROAA,,3875 Thirlane Rd NW,,Roanoke,VA,24019-3016,4,,1,10,,,False,False,1,True,,,1,,1,0,7,,,,,,,,,,True,True,False,True,True,,,5,,,,,,,,,,,,,,,16,False,,,,False,,"Indstrl, Mnftng, Warehouse",VA - Operations,,None,Semi-Monthly,Operations FedEx,1,Crane Integrated Facility Services Inc.,,,FedEx,VA,,,VA,No,No,Standard,eHub Mobile Timekeeping,,,,,,,,,,,,,,,,,,,,,,,,,,,,,,,,,,,,,,,,,,,,,,,,,,,,,,,,,,,,,,,,,,,,,,,,,,,,,,,,False,,,,State,,,,,,City,State,Region,Service,Contract Owner,Service Provider,Manager,Reporting Super,Reviewing Super,Tier 10,Tier 11,Tier 12,,0,True,,
248,Knoxville,Tennessee,Southeast,Contract Janitorial,SMFM,3rd Party Subcontractor,None,None,None,None,None,None,True,10/9/2025 3:17:30 PM,2/3/2026 3:42:56 PM,FedEx - RKWA,,10601 Murdock Dr,,Knoxville,TN,37932-3253,4,,1,3,,,False,False,1,True,,,1,,1,0,7,,,,,,,,,,True,True,False,True,True,,,,,,,,,,,,,,,,,,6,False,,,,False,,"Indstrl, Mnftng, Warehouse",GA - Operations,,None,,Operations FedEx,1,Crane Integrated Facility Services Inc.,,,FedEx,GA,,,TN,No,No,Standard,eHub Mobile Timekeeping,,,,,,,,,,,,,,,,,,,,,,,,,,,,,,,,,,,,,,,,,,,,,,,,,,,,,,,,,,,,,,,,,,,,,,,,,,,,,,,,False,,,,State,,,,,,City,State,Region,Service,Contract Owner,Service Provider,Manager,Reporting Super,Reviewing Super,Tier 10,Tier 11,Tier 12,,0,True,,
276,Sandston,Virginia,Southeast,Contract Janitorial,SMFM,Franchise Subcontractor,Joemaine Spears,None,None,None,None,None,True,3/26/2026 7:01:37 AM,3/26/2026 7:02:22 AM,FedEx - RICRT,,5210 Anthony Rd,,Sandston,VA,23150-1915,4,,1,10,,,False,False,1,True,,,1,,1,43,7,,,,,,,,,,True,True,False,True,True,,,5,,,,,,,,,,,,,,,16,False,,,,False,,"Indstrl, Mnftng, Warehouse",VA - Operations,,Joemaine Spears,Semi-Monthly,Operations FedEx,1,Crane Integrated Facility Services Inc.,,,FedEx,VA,,,VA,No,No,Standard,eHub Mobile Timekeeping,,,,,,,,,,,,,,,,,,,,,,,,,,,,,,,,,,,,,,,,,,,,,,,,,,,,,,,,,,,,,,,,,,,,,,,,,,,,,,,,False,,,,State,,,,,,City,State,Region,Service,Contract Owner,Service Provider,Manager,Reporting Super,Reviewing Super,Tier 10,Tier 11,Tier 12,,0,True,,
272,Norfolk,Virginia,Southeast,Contract Janitorial,SMFM,Franchise Subcontractor,Joemaine Spears,None,None,None,None,None,True,3/26/2026 6:41:50 AM,3/26/2026 6:43:17 AM,FedEx - RICR,,5300 Federal Road,,Richmond,VA,23250,4,,1,10,,,False,False,1,True,,,1,,1,43,7,,,,,,,,,,True,True,False,True,True,,,5,,,,,,,,,,,,,,,16,False,,,,False,,"Indstrl, Mnftng, Warehouse",VA - Operations,,Joemaine Spears,Semi-Monthly,Operations FedEx,1,Crane Integrated Facility Services Inc.,,,FedEx,VA,,,VA,No,No,Standard,eHub Mobile Timekeeping,,,,,,,,,,,,,,,,,,,,,,,,,,,,,,,,,,,,,,,,,,,,,,,,,,,,,,,,,,,,,,,,,,,,,,,,,,,,,,,,False,,,,State,,,,,,City,State,Region,Service,Contract Owner,Service Provider,Manager,Reporting Super,Reviewing Super,Tier 10,Tier 11,Tier 12,,0,True,,
270,Raleigh,North Carolina,Southeast,Contract Janitorial,SMFM,Franchise Subcontractor,Joemaine Spears,None,None,None,None,None,True,3/26/2026 6:36:24 AM,3/26/2026 6:37:43 AM,FedEx - RDUR,,1220 International Drive,,Raleigh,NC,27623,4,,1,3,,,False,False,1,True,,,1,,1,43,7,,,,,,,,,,True,True,False,True,True,,,5,,,,,,,,,,,,,,,6,False,,,,False,,"Indstrl, Mnftng, Warehouse",GA - Operations,,Joemaine Spears,Semi-Monthly,Operations FedEx,1,Crane Integrated Facility Services Inc.,,,FedEx,GA,,,NC,No,No,Standard,eHub Mobile Timekeeping,,,,,,,,,,,,,,,,,,,,,,,,,,,,,,,,,,,,,,,,,,,,,,,,,,,,,,,,,,,,,,,,,,,,,,,,,,,,,,,,False,,,,State,,,,,,City,State,Region,Service,Contract Owner,Service Provider,Manager,Reporting Super,Reviewing Super,Tier 10,Tier 11,Tier 12,,0,True,,
2531,Rancho Cucamonga,California,West,Contract Janitorial,SMFM,Self-Service,Jarvis Matute,None,None,None,None,None,True,11/12/2025 4:04:37 PM,2/3/2026 3:42:00 PM,FedEx - RCNC Pallets,,8822 Etiwanda Ave,,Rancho Cucamonga,CA,91739-9662,4,,1,2,,,False,False,1,True,,,1,,1,12,8,,,,,,,,,,True,True,False,True,True,,,5,,,,,,,,,,,,,,,4,False,,,,False,,"Indstrl, Mnftng, Warehouse",CA - Janitorial Service,,Jarvis Matute,Semi-Monthly,Operations CA w/ M&R,2,Crane West Opco LLC,,,FedEx,CA,,,CA,No,No,Standard,eHub Mobile Timekeeping,,,,,,,,,,,,,,,,,,,,,,,,,,,,,,,,,,,,,,,,,,,,,,,,,,,,,,,,,,,,,,,,,,,,,,,,,,,,,,,2531,False,,,,State,,,,,,City,State,Region,Service,Contract Owner,Service Provider,Manager,Reporting Super,Reviewing Super,Tier 10,Tier 11,Tier 12,,0,True,,
253,Rancho Cucamonga,California,West,Contract Janitorial,SMFM,Self-Service,Jarvis Matute,None,None,None,None,None,True,11/6/2025 7:51:29 PM,2/4/2026 6:05:27 AM,FedEx - RCNC,,8822 Etiwanda Ave,,Rancho Cucamonga,CA,91739-9662,4,,1,2,,,False,False,1,True,,,1,,1,44,8,,,,,,,,,,True,True,False,True,True,,,5,,,,,,,,,,,,,,,4,False,,,,False,,"Indstrl, Mnftng, Warehouse",CA - Janitorial Service,,Carlos Bernal,Semi-Monthly,Operations CA w/ M&R,2,Crane West Opco LLC,,,FedEx,CA,,,CA,No,No,Standard,eHub Mobile Timekeeping,,,,,,,,,,,,,,,,,,,,,,,,,,,,,,,,,,,,,,,,,,,,,,,,,,,,,,,,,,,,,,,,,,,,,,,,,,,,,,,253,False,,,,State,,,,,,City,State,Region,Service,Contract Owner,Service Provider,Manager,Reporting Super,Reviewing Super,Tier 10,Tier 11,Tier 12,,0,True,,
262,Atlanta,Georgia,Southeast,Contract Janitorial,SMFM,Self-Service,Joemaine Spears,None,None,None,None,None,True,2/4/2026 7:08:00 AM,2/4/2026 7:10:32 AM,FedEx - QFEA,,401 Windsor St SW,,Atlanta,GA,30312-2524,4,,1,3,,,False,False,1,True,,,1,,1,26,7,,,,,,,,,,True,True,False,True,True,,,5,,,,,,,,,,,,,,2/15/2026,6,False,,,,False,,"Indstrl, Mnftng, Warehouse",GA - Operations,,Silvestre Perez,Semi-Monthly,Operations FedEx,1,Crane Integrated Facility Services Inc.,,,FedEx,GA,,,GA,No,No,Standard,eHub Mobile Timekeeping,,,,,,,,,,,,,,,,,,,,,,,,,,,,,,,,,,,,,,,,,,,,,,,,,,,,,,,,,,,,,,,,,,,,,,,,,,,,,,,262,False,,,,State,,,,,,City,State,Region,Service,Contract Owner,Service Provider,Manager,Reporting Super,Reviewing Super,Tier 10,Tier 11,Tier 12,,0,True,,
233,Pensacola,Florida,Southeast,Contract Janitorial,SMFM,3rd Party Subcontractor,None,None,None,None,None,None,True,10/9/2025 2:21:13 PM,2/3/2026 3:47:32 PM,FedEx - PNSA,,5903 N W St,,Pensacola,FL,32505-2228,4,,1,1,,,False,False,1,True,,,1,,1,0,7,,,,,,,,,,True,True,False,True,True,,,,,,,,,,,,,,,,,,5,False,,,,False,,"Indstrl, Mnftng, Warehouse",FL - Operations,,None,,Operations FedEx,1,Crane Integrated Facility Services Inc.,,,FedEx,FL,,,FL,No,No,Standard,eHub Mobile Timekeeping,,,,,,,,,,,,,,,,,,,,,,,,,,,,,,,,,,,,,,,,,,,,,,,,,,,,,,,,,,,,,,,,,,,,,,,,,,,,,,,,False,,,,State,,,,,,City,State,Region,Service,Contract Owner,Service Provider,Manager,Reporting Super,Reviewing Super,Tier 10,Tier 11,Tier 12,,0,True,,
292,Pellston,Michigan,Midwest,Contract Janitorial,SMFM,Franchise Subcontractor,Joemaine Spears,None,None,None,None,None,True,5/1/2026 2:22:20 PM,5/1/2026 2:23:10 PM,FedEx - PLNA,,1285 N US Highway 31,,Pellston,MI,49769-9307,4,,1,5,,,False,False,1,True,,,1,,1,43,7,,,,,,,,,,True,True,False,True,True,,,5,,,,,,,,,,,,,,,9,False,,,,False,,"Indstrl, Mnftng, Warehouse",MI - Operations,,Joemaine Spears,Semi-Monthly,Operations FedEx,1,Crane Integrated Facility Services Inc.,,,FedEx,MI,,,MI,No,No,Standard,eHub Mobile Timekeeping,,,,,,,,,,,,,,,,,,,,,,,,,,,,,,,,,,,,,,,,,,,,,,,,,,,,,,,,,,,,,,,,,,,,,,,,,,,,,,,,False,,,,State,,,,,,City,State,Region,Service,Contract Owner,Service Provider,Manager,Reporting Super,Reviewing Super,Tier 10,Tier 11,Tier 12,,0,True,,
142,Pittsburgh,Pennsylvania,Northeast,Out of Scope,SMFM,Franchise Subcontractor,None,None,None,None,None,None,True,6/24/2025 7:26:07 AM,11/11/2025 3:37:00 PM,"FedEx - Pittsburgh, PA",,2702 Neville Rd,,Pittsburgh,PA,15225-1406,4,,1,3,,,False,False,1,False,,,1,,6,0,1,,,,,,,,,,True,True,False,True,True,,,5,,,,,,,,,,,,,,,21,False,,,,False,,"Indstrl, Mnftng, Warehouse",PA - Operations,,None,Semi-Monthly,Operations,1,Crane Integrated Facility Services Inc.,,,FedEx,GA,,,PA,No,No,Standard,TeamTime,,,,,,,,,,,,,,,,,,,,,,,,,,,,,,,,,,,,,,,,,,,,,,,,,,,,,,,,,,,,,,,,,,,,,,,,,,,,,,,,False,,,,State,,,,,,City,State,Region,Service,Contract Owner,Service Provider,Manager,Reporting Super,Reviewing Super,Tier 10,Tier 11,Tier 12,,0,True,,
211,West Palm Beach,Florida,Southeast,Contract Janitorial,SMFM,Self-Service,Jeff Abbott,None,None,None,None,None,True,9/29/2025 7:42:12 PM,4/28/2026 8:22:26 AM,FedEx - PBIR,,1475 N Perimeter Rd Ste A,,West Palm Beach,FL,33406-1413,4,,1,1,,,False,False,1,True,,,1,,1,58,7,,,,,,,,,,True,True,False,True,True,,,,,,,,,,,,,,,,,,5,False,,,,False,,"Indstrl, Mnftng, Warehouse",FL - Operations,,Yisel Chills Melendez,,Operations FedEx,1,Crane Integrated Facility Services Inc.,,,FedEx,FL,,,FL,No,No,Standard,eHub Mobile Timekeeping,,,,,,,,,,,,,,,,,,,,,,,,,,,,,,,,,,,,,,,,,,,,,,,,,,,,,,,,,,,,,,,,,,,,,,,,,,,,,,,211,False,,,,State,,,,,,City,State,Region,Service,Contract Owner,Service Provider,Manager,Reporting Super,Reviewing Super,Tier 10,Tier 11,Tier 12,,0,True,,
210,West Palm Beach,Florida,Southeast,Contract Janitorial,SMFM,Self-Service,Jeff Abbott,None,None,None,None,None,True,9/29/2025 7:39:07 PM,4/28/2026 8:24:49 AM,FedEx - PBIA,,7840 Central Industrial Drive,,West Palm Beach,FL,33404,4,,1,1,,,False,False,1,True,,,1,,1,58,7,,,,,,,,,,True,True,False,True,True,,,,,,,,,,,,,,,,,,5,False,,,,False,,"Indstrl, Mnftng, Warehouse",FL - Operations,,Yisel Chills Melendez,,Operations FedEx,1,Crane Integrated Facility Services Inc.,,,FedEx,FL,,,FL,No,No,Standard,eHub Mobile Timekeeping,,,,,,,,,,,,,,,,,,,,,,,,,,,,,,,,,,,,,,,,,,,,,,,,,,,,,,,,,,,,,,,,,,,,,,,,,,,,,,,210,False,,,,State,,,,,,City,State,Region,Service,Contract Owner,Service Provider,Manager,Reporting Super,Reviewing Super,Tier 10,Tier 11,Tier 12,,0,True,,
238,Owensboro,Kentucky,Midwest,Contract Janitorial,SMFM,3rd Party Subcontractor,None,None,None,None,None,None,True,10/9/2025 2:41:52 PM,2/3/2026 3:46:44 PM,FedEx - OWBA,,2200 Ragu Dr,,Owensboro,KY,42303-1436,4,,1,3,,,False,False,1,True,,,1,,1,0,7,,,,,,,,,,True,True,False,True,True,,,,,,,,,,,,,,,,,,6,False,,,,False,,"Indstrl, Mnftng, Warehouse",GA - Operations,,None,,Operations FedEx,1,Crane Integrated Facility Services Inc.,,,FedEx,GA,,,KY,No,No,Standard,eHub Mobile Timekeeping,,,,,,,,,,,,,,,,,,,,,,,,,,,,,,,,,,,,,,,,,,,,,,,,,,,,,,,,,,,,,,,,,,,,,,,,,,,,,,,,False,,,,State,,,,,,City,State,Region,Service,Contract Owner,Service Provider,Manager,Reporting Super,Reviewing Super,Tier 10,Tier 11,Tier 12,,0,True,,
228,Orlando,Florida,Southeast,Contract Janitorial,SMFM,3rd Party Subcontractor,None,None,None,None,None,None,True,10/9/2025 2:13:25 PM,2/3/2026 3:48:20 PM,FedEx - ORLA,,950 Bennett Rd,,Orlando,FL,32803-5242,4,,1,1,,,False,False,1,True,,,1,,1,0,7,,,,,,,,,,True,True,False,True,True,,,,,,,,,,,,,,,,,,5,False,,,,False,,"Indstrl, Mnftng, Warehouse",FL - Operations,,None,,Operations FedEx,1,Crane Integrated Facility Services Inc.,,,FedEx,FL,,,FL,No,No,Standard,eHub Mobile Timekeeping,,,,,,,,,,,,,,,,,,,,,,,,,,,,,,,,,,,,,,,,,,,,,,,,,,,,,,,,,,,,,,,,,,,,,,,,,,,,,,,,False,,,,State,,,,,,City,State,Region,Service,Contract Owner,Service Provider,Manager,Reporting Super,Reviewing Super,Tier 10,Tier 11,Tier 12,,0,True,,
271,Norfolk,Virginia,Southeast,Contract Janitorial,SMFM,Franchise Subcontractor,Joemaine Spears,None,None,None,None,None,True,3/26/2026 6:38:39 AM,3/26/2026 6:40:26 AM,FedEx - ORFR,,6000 Robin Hood Road,,Norfolk,VA,23518,4,,1,10,,,False,False,1,True,,,1,,1,43,7,,,,,,,,,,True,True,False,True,True,,,5,,,,,,,,,,,,,,,16,False,,,,False,,"Indstrl, Mnftng, Warehouse",VA - Operations,,Joemaine Spears,Semi-Monthly,Operations FedEx,1,Crane Integrated Facility Services Inc.,,,FedEx,VA,,,VA,No,No,Standard,eHub Mobile Timekeeping,,,,,,,,,,,,,,,,,,,,,,,,,,,,,,,,,,,,,,,,,,,,,,,,,,,,,,,,,,,,,,,,,,,,,,,,,,,,,,,,False,,,,State,,,,,,City,State,Region,Service,Contract Owner,Service Provider,Manager,Reporting Super,Reviewing Super,Tier 10,Tier 11,Tier 12,,0,True,,
551,Oklahoma City,Oklahoma,Southwest,Out of Scope,SMFM,Self-Service,None,None,None,None,None,None,True,6/24/2025 5:32:53 PM,11/11/2025 3:36:53 PM,"FedEx - Oklahoma City, OK Pallet",,2701 SW 18th St,,Oklahoma City,OK,73108-4449,4,,1,7,,,True,False,1,False,,,1,,6,29,9,,,,,,,,,,True,True,True,True,True,,24,,,,,,,,,,,,,,,,10,False,,,,False,55,"Indstrl, Mnftng, Warehouse",MN - Operations,,Trevinus Dorsey,,FedEx Pallet,1,Crane Integrated Facility Services Inc.,,,FedEx,OK,,,OK,Yes,No,Standard,TeamTime,,,,,,,,,,,,,,,,,,,,,,,,,,,,,,,,,,,,,,,,,,,,,,,,,,,,,,,,,,,,,,,,,,,,,,,,,,,,,,,551,True,,,,State,,,,,,City,State,Region,Service,Contract Owner,Service Provider,Manager,Reporting Super,Reviewing Super,Tier 10,Tier 11,Tier 12,,0,True,,
55,Oklahoma City,Oklahoma,Southwest,Out of Scope,SMFM,Self-Service,None,None,None,None,None,None,True,4/24/2025 3:21:23 PM,4/27/2026 8:13:35 AM,"FedEx - Oklahoma City, OK",,2701 SW 18th St,,Oklahoma City,OK,73108-4449,4,,1,7,,,True,False,1,False,,,1,,6,54,1,,,,,,,,,,True,True,True,True,True,,24,,,,,,,,,,,,,,,,10,False,,,,False,,"Indstrl, Mnftng, Warehouse",MN - Operations,,Binada Robinson,,Operations,1,Crane Integrated Facility Services Inc.,,,FedEx,OK,,,OK,Yes,No,Standard,TeamTime,,,,,,,,,,,,,,,,,,,,,,,,,,,,,,,,,,,,,,,,,,,,,,,,,,,,,,,,,,,,,,,,,,,,,,,,,,,,,,,55,True,,,,State,,,,,,City,State,Region,Service,Contract Owner,Service Provider,Manager,Reporting Super,Reviewing Super,Tier 10,Tier 11,Tier 12,,0,True,,
254,Oklahoma City,Oklahoma,Southwest,Contract Janitorial,SMFM,Self-Service,Brad Jester,None,None,None,None,None,True,12/23/2025 11:37:47 AM,4/27/2026 8:13:04 AM,FedEx - OKCA,,5700 S Portland Ave,,Oklahoma City,OK,73119-5101,4,,1,7,,,False,False,1,True,,,1,,1,54,7,,,,,,,,,,True,True,False,True,True,,,5,,,,,,,,,,,,,,,12,False,,,,False,,"Indstrl, Mnftng, Warehouse",OK - Operations,,Binada Robinson,Semi-Monthly,Operations FedEx,1,Crane Integrated Facility Services Inc.,,,FedEx,OK,,,OK,No,No,Standard,eHub Mobile Timekeeping,,,,,,,,,,,,,,,,,,,,,,,,,,,,,,,,,,,,,,,,,,,,,,,,,,,,,,,,,,,,,,,,,,,,,,,,,,,,,,,254,False,,,,State,,,,,,City,State,Region,Service,Contract Owner,Service Provider,Manager,Reporting Super,Reviewing Super,Tier 10,Tier 11,Tier 12,,0,True,,
227,Ocala,Florida,Southeast,Contract Janitorial,SMFM,3rd Party Subcontractor,None,None,None,None,None,None,True,10/9/2025 2:12:15 PM,2/3/2026 3:48:27 PM,FedEx - OCFA,,285 SW 60th Ave,,Ocala,FL,34474-9342,4,,1,1,,,False,False,1,True,,,1,,1,0,7,,,,,,,,,,True,True,False,True,True,,,,,,,,,,,,,,,,,,5,False,,,,False,,"Indstrl, Mnftng, Warehouse",FL - Operations,,None,,Operations FedEx,1,Crane Integrated Facility Services Inc.,,,FedEx,FL,,,FL,No,No,Standard,eHub Mobile Timekeeping,,,,,,,,,,,,,,,,,,,,,,,,,,,,,,,,,,,,,,,,,,,,,,,,,,,,,,,,,,,,,,,,,,,,,,,,,,,,,,,,False,,,,State,,,,,,City,State,Region,Service,Contract Owner,Service Provider,Manager,Reporting Super,Reviewing Super,Tier 10,Tier 11,Tier 12,,0,True,,
236,Waycross,Georgia,Southeast,Contract Janitorial,SMFM,3rd Party Subcontractor,None,None,None,None,None,None,True,10/9/2025 2:26:45 PM,2/3/2026 3:47:01 PM,FedEx - OBEA,,1911B Memorial Dr,,Waycross,GA,31501-1095,4,,1,3,,,False,False,1,True,,,1,,1,0,7,,,,,,,,,,True,True,False,True,True,,,,,,,,,,,,,,,,,,6,False,,,,False,,"Indstrl, Mnftng, Warehouse",GA - Operations,,None,,Operations FedEx,1,Crane Integrated Facility Services Inc.,,,FedEx,GA,,,GA,No,No,Standard,eHub Mobile Timekeeping,,,,,,,,,,,,,,,,,,,,,,,,,,,,,,,,,,,,,,,,,,,,,,,,,,,,,,,,,,,,,,,,,,,,,,,,,,,,,,,,False,,,,State,,,,,,City,State,Region,Service,Contract Owner,Service Provider,Manager,Reporting Super,Reviewing Super,Tier 10,Tier 11,Tier 12,,0,True,,
224,Jacksonville,Florida,Southeast,Contract Janitorial,SMFM,3rd Party Subcontractor,None,None,None,None,None,None,True,10/9/2025 2:07:18 PM,2/3/2026 3:48:54 PM,FedEx - NRBA,,3736 Salisbury Rd,,Jacksonville,FL,32216-6112,4,,1,1,,,False,False,1,True,,,1,,1,0,7,,,,,,,,,,True,True,False,True,True,,,,,,,,,,,,,,,,,,5,False,,,,False,,"Indstrl, Mnftng, Warehouse",FL - Operations,,None,,Operations FedEx,1,Crane Integrated Facility Services Inc.,,,FedEx,FL,,,FL,No,No,Standard,eHub Mobile Timekeeping,,,,,,,,,,,,,,,,,,,,,,,,,,,,,,,,,,,,,,,,,,,,,,,,,,,,,,,,,,,,,,,,,,,,,,,,,,,,,,,,False,,,,State,,,,,,City,State,Region,Service,Contract Owner,Service Provider,Manager,Reporting Super,Reviewing Super,Tier 10,Tier 11,Tier 12,,0,True,,
54,North Palm Springs,California,West,Contract Janitorial,SMFM,Self-Service,None,None,None,None,None,None,True,4/24/2025 3:21:23 PM,2/24/2026 7:39:37 AM,"FedEx - North Palm Springs, CA",,411 West Garnet Ave,,North Palm Springs,CA,92258,4,,1,2,,,True,False,1,False,,,1,,6,44,8,,,,,,,,,,True,True,True,True,True,,3,,,,,,,,,,,,,,,,4,False,,,,False,,"Indstrl, Mnftng, Warehouse",CA - Janitorial Service,,Carlos Bernal,,Operations CA w/ M&R,2,Crane West Opco LLC,,,FedEx,CA,,,CA,Yes,No,Standard,TeamTime,,,,,,,,,,,,,,,,,,,,,,,,,,,,,,,,,,,,,,,,,,,,,,,,,,,,,,,,,,,,,,,,,,,,,,,,,,,,,,,54,True,,,,State,,,,,,City,State,Region,Service,Contract Owner,Service Provider,Manager,Reporting Super,Reviewing Super,Tier 10,Tier 11,Tier 12,,0,True,,
541,North Palm Springs,California,West,Contract Janitorial,SMFM,Self-Service,None,None,None,None,None,None,True,2/24/2026 7:36:25 AM,2/24/2026 7:36:56 AM,"FedEx - North Palm Springs, CA",,411 West Garnet Ave,,North Palm Springs,CA,92258,4,,1,2,,,True,False,1,False,,,1,,6,44,8,,,,,,,,,,True,True,True,True,True,,3,,,,,,,,,,,,,,,,4,False,,,,False,,"Indstrl, Mnftng, Warehouse",CA - Janitorial Service,,Carlos Bernal,,Operations CA w/ M&R,2,Crane West Opco LLC,,,FedEx,CA,,,CA,Yes,No,Standard,TeamTime,,,,,,,,,,,,,,,,,,,,,,,,,,,,,,,,,,,,,,,,,,,,,,,,,,,,,,,,,,,,,,,,,,,,,,,,,,,,,,,541,True,,,,State,,,,,,City,State,Region,Service,Contract Owner,Service Provider,Manager,Reporting Super,Reviewing Super,Tier 10,Tier 11,Tier 12,,0,True,,
34,Norcross,Georgia,Southeast,Contract Janitorial,SMFM,Self-Service,None,None,None,None,None,None,True,4/24/2025 3:21:23 PM,12/17/2025 5:44:48 PM,"FedEx - Norcross, GA",,6650 Corners Industrial Ct,,Norcross,GA,30092-3603,4,,1,3,,,True,False,1,False,,,1,,6,26,1,,,,,,,,,,True,True,True,True,True,,8,,,,,,,,,,,,,,,,6,False,,,,False,,"Indstrl, Mnftng, Warehouse",GA - Operations,,Silvestre Perez,,Operations,1,Crane Integrated Facility Services Inc.,,,FedEx,GA,,,GA,Yes,No,Standard,TeamTime,,,,,,,,,,,,,,,,,,,,,,,,,,,,,,,,,,,,,,,,,,,,,,,,,,,,,,,,,,,,,,,,,,,,,,,,,,,,,,,34,True,,,,State,,,,,,City,State,Region,Service,Contract Owner,Service Provider,Manager,Reporting Super,Reviewing Super,Tier 10,Tier 11,Tier 12,,0,True,,
223,Jacksonville,Florida,Southeast,Contract Janitorial,SMFM,3rd Party Subcontractor,None,None,None,None,None,None,True,10/9/2025 1:52:32 PM,2/3/2026 3:49:02 PM,FedEx - NIPA,,7490 Commonwealth Ave,,Jacksonville,FL,32220-2431,4,,1,1,,,False,False,1,True,,,1,,1,0,7,,,,,,,,,,True,True,False,True,True,,,,,,,,,,,,,,,,,,5,False,,,,False,,"Indstrl, Mnftng, Warehouse",FL - Operations,,None,,Operations FedEx,1,Crane Integrated Facility Services Inc.,,,FedEx,FL,,,FL,No,No,Standard,eHub Mobile Timekeeping,,,,,,,,,,,,,,,,,,,,,,,,,,,,,,,,,,,,,,,,,,,,,,,,,,,,,,,,,,,,,,,,,,,,,,,,,,,,,,,,False,,,,State,,,,,,City,State,Region,Service,Contract Owner,Service Provider,Manager,Reporting Super,Reviewing Super,Tier 10,Tier 11,Tier 12,,0,True,,
140,Newburgh,New York,Northeast,Out of Scope,SMFM,Franchise Subcontractor,None,None,None,None,None,None,True,6/24/2025 7:22:33 AM,11/11/2025 3:36:07 PM,"FedEx - Newburgh, NY",,3 Enterprise Dr,,Newburgh,NY,12550-8335,4,,1,3,,,False,False,1,True,,,1,,6,0,1,,,,,,,,,,True,True,False,True,True,,,5,,,,,,,,,,,,,,,20,False,,,,False,,"Indstrl, Mnftng, Warehouse",NY - Operations,,None,Semi-Monthly,Operations,1,Crane Integrated Facility Services Inc.,,,FedEx,GA,,,NY,No,No,Standard,TeamTime,,,,,,,,,,,,,,,,,,,,,,,,,,,,,,,,,,,,,,,,,,,,,,,,,,,,,,,,,,,,,,,,,,,,,,,,,,,,,,,,False,,,,State,,,,,,City,State,Region,Service,Contract Owner,Service Provider,Manager,Reporting Super,Reviewing Super,Tier 10,Tier 11,Tier 12,,0,True,,
261,Marietta,Georgia,Southeast,Contract Janitorial,SMFM,Self-Service,Joemaine Spears,None,None,None,None,None,True,2/4/2026 7:05:29 AM,2/4/2026 7:06:24 AM,FedEx - NCQA,,2049 Franklin Way SE,,Marietta,GA,30067-8712,4,,1,3,,,False,False,1,True,,,1,,1,26,7,,,,,,,,,,True,True,False,True,True,,,5,,,,,,,,,,,,,,2/15/2026,6,False,,,,False,,"Indstrl, Mnftng, Warehouse",GA - Operations,,Silvestre Perez,Semi-Monthly,Operations FedEx,1,Crane Integrated Facility Services Inc.,,,FedEx,GA,,,GA,No,No,Standard,eHub Mobile Timekeeping,,,,,,,,,,,,,,,,,,,,,,,,,,,,,,,,,,,,,,,,,,,,,,,,,,,,,,,,,,,,,,,,,,,,,,,,,,,,,,,261,False,,,,State,,,,,,City,State,Region,Service,Contract Owner,Service Provider,Manager,Reporting Super,Reviewing Super,Tier 10,Tier 11,Tier 12,,0,True,,
209,Marathon,Florida,Southeast,Contract Janitorial,SMFM,Self-Service,Jeff Abbott,None,None,None,None,None,True,9/29/2025 7:36:52 PM,2/3/2026 3:40:40 PM,FedEx - MTHA,,9000 Overseas Hwy,,Marathon,FL,33050-3242,4,,1,1,,,False,False,1,True,,,1,,1,13,7,,,,,,,,,,True,True,False,True,True,,,,,,,,,,,,,,,,,,5,False,,,,False,,"Indstrl, Mnftng, Warehouse",FL - Operations,,Jeff Abbott,,Operations FedEx,1,Crane Integrated Facility Services Inc.,,,FedEx,FL,,,FL,No,No,Standard,eHub Mobile Timekeeping,,,,,,,,,,,,,,,,,,,,,,,,,,,,,,,,,,,,,,,,,,,,,,,,,,,,,,,,,,,,,,,,,,,,,,,,,,,,,,,209,False,,,,State,,,,,,City,State,Region,Service,Contract Owner,Service Provider,Manager,Reporting Super,Reviewing Super,Tier 10,Tier 11,Tier 12,,0,True,,
290,Auburn Hills,Michigan,Midwest,Contract Janitorial,SMFM,Franchise Subcontractor,Joemaine Spears,None,None,None,None,None,True,5/1/2026 2:21:21 PM,5/1/2026 2:22:03 PM,FedEx - MTCA,,4220 N Atlantic Blvd,,Auburn Hills,MI,48326-1578,4,,1,5,,,False,False,1,True,,,1,,1,43,7,,,,,,,,,,True,True,False,True,True,,,5,,,,,,,,,,,,,,,9,False,,,,False,,"Indstrl, Mnftng, Warehouse",MI - Operations,,Joemaine Spears,Semi-Monthly,Operations FedEx,1,Crane Integrated Facility Services Inc.,,,FedEx,MI,,,MI,No,No,Standard,eHub Mobile Timekeeping,,,,,,,,,,,,,,,,,,,,,,,,,,,,,,,,,,,,,,,,,,,,,,,,,,,,,,,,,,,,,,,,,,,,,,,,,,,,,,,,False,,,,State,,,,,,City,State,Region,Service,Contract Owner,Service Provider,Manager,Reporting Super,Reviewing Super,Tier 10,Tier 11,Tier 12,,0,True,,
242,Kenner,Louisiana,South Central,Contract Janitorial,SMFM,3rd Party Subcontractor,None,None,None,None,None,None,True,10/9/2025 3:03:39 PM,2/3/2026 3:46:05 PM,FedEx - MSYR,,300 Middle Access Road,,Kenner,LA,70062,4,,1,3,,,False,False,1,True,,,1,,1,0,7,,,,,,,,,,True,True,False,True,True,,,,,,,,,,,,,,,,,,6,False,,,,False,,"Indstrl, Mnftng, Warehouse",GA - Operations,,None,,Operations FedEx,1,Crane Integrated Facility Services Inc.,,,FedEx,GA,,,LA,No,No,Standard,eHub Mobile Timekeeping,,,,,,,,,,,,,,,,,,,,,,,,,,,,,,,,,,,,,,,,,,,,,,,,,,,,,,,,,,,,,,,,,,,,,,,,,,,,,,,,False,,,,State,,,,,,City,State,Region,Service,Contract Owner,Service Provider,Manager,Reporting Super,Reviewing Super,Tier 10,Tier 11,Tier 12,,0,True,,
241,Harahan,Louisiana,South Central,Contract Janitorial,SMFM,3rd Party Subcontractor,None,None,None,None,None,None,True,10/9/2025 3:01:52 PM,2/3/2026 3:46:14 PM,FedEx - MSYA,,6321 Humphreys St,,New Orleans,LA,70123-3160,4,,1,3,,,False,False,1,True,,,1,,1,0,7,,,,,,,,,,True,True,False,True,True,,,,,,,,,,,,,,,,,,6,False,,,,False,,"Indstrl, Mnftng, Warehouse",GA - Operations,,None,,Operations FedEx,1,Crane Integrated Facility Services Inc.,,,FedEx,GA,,,LA,No,No,Standard,eHub Mobile Timekeeping,,,,,,,,,,,,,,,,,,,,,,,,,,,,,,,,,,,,,,,,,,,,,,,,,,,,,,,,,,,,,,,,,,,,,,,,,,,,,,,,False,,,,State,,,,,,City,State,Region,Service,Contract Owner,Service Provider,Manager,Reporting Super,Reviewing Super,Tier 10,Tier 11,Tier 12,,0,True,,
208,Miami,Florida,Southeast,Contract Janitorial,SMFM,Self-Service,Jeff Abbott,None,None,None,None,None,True,9/29/2025 7:35:36 PM,4/28/2026 8:26:59 AM,FedEx - MPBA,,200 S Miami Ave,,Miami,FL,33130-1917,4,,1,1,,,False,False,1,True,,,1,,1,58,7,,,,,,,,,,True,True,False,True,True,,,,,,,,,,,,,,,,,,5,False,,,,False,,"Indstrl, Mnftng, Warehouse",FL - Operations,,Yisel Chills Melendez,,Operations FedEx,1,Crane Integrated Facility Services Inc.,,,FedEx,FL,,,FL,No,No,Standard,eHub Mobile Timekeeping,,,,,,,,,,,,,,,,,,,,,,,,,,,,,,,,,,,,,,,,,,,,,,,,,,,,,,,,,,,,,,,,,,,,,,,,,,,,,,,208,False,,,,State,,,,,,City,State,Region,Service,Contract Owner,Service Provider,Manager,Reporting Super,Reviewing Super,Tier 10,Tier 11,Tier 12,,0,True,,
53,Mosinee,Wisconson,Midwest,Contract Janitorial,SMFM,Self-Service,None,None,None,None,None,None,True,4/24/2025 3:21:23 PM,12/2/2025 4:33:54 PM,"FedEx - Mosinee, WI",,1000 N Park View Cir,,Mosinee,WI,54455-1885,4,,1,11,,,True,False,1,False,,,1,,6,29,1,,,,,,,,,,True,True,True,True,True,,31,,,,,,,,,,,,,,,,17,False,,,,False,,"Indstrl, Mnftng, Warehouse",WI - Operations,,Trevinus Dorsey,,Operations,1,Crane Integrated Facility Services Inc.,,,FedEx,WI,,,WI,Yes,No,Standard,TeamTime,,,,,,,,,,,,,,,,,,,,,,,,,,,,,,,,,,,,,,,,,,,,,,,,,,,,,,,,,,,,,,,,,,,,,,,,,,,,,,,53,True,,,,State,,,,,,City,State,Region,Service,Contract Owner,Service Provider,Manager,Reporting Super,Reviewing Super,Tier 10,Tier 11,Tier 12,,0,True,,
222,Melbourne,Florida,Southeast,Contract Janitorial,SMFM,3rd Party Subcontractor,None,None,None,None,None,None,True,10/9/2025 1:51:03 PM,2/3/2026 3:49:16 PM,FedEx - MLBA,,3960 Dow Rd,,Melbourne,FL,32934-9215,4,,1,1,,,False,False,1,True,,,1,,1,0,7,,,,,,,,,,True,True,False,True,True,,,,,,,,,,,,,,,,,,5,False,,,,False,,"Indstrl, Mnftng, Warehouse",FL - Operations,,None,,Operations FedEx,1,Crane Integrated Facility Services Inc.,,,FedEx,FL,,,FL,No,No,Standard,eHub Mobile Timekeeping,,,,,,,,,,,,,,,,,,,,,,,,,,,,,,,,,,,,,,,,,,,,,,,,,,,,,,,,,,,,,,,,,,,,,,,,,,,,,,,,False,,,,State,,,,,,City,State,Region,Service,Contract Owner,Service Provider,Manager,Reporting Super,Reviewing Super,Tier 10,Tier 11,Tier 12,,0,True,,
289,Muskegon,Michigan,Midwest,Contract Janitorial,SMFM,Franchise Subcontractor,Joemaine Spears,None,None,None,None,None,True,5/1/2026 2:20:03 PM,5/1/2026 2:20:43 PM,FedEx - MKGA,,5832 Grand Haven Rd,,Muskegon,MI,49441-6010,4,,1,5,,,False,False,1,True,,,1,,1,43,7,,,,,,,,,,True,True,False,True,True,,,5,,,,,,,,,,,,,,,9,False,,,,False,,"Indstrl, Mnftng, Warehouse",MI - Operations,,Joemaine Spears,Semi-Monthly,Operations FedEx,1,Crane Integrated Facility Services Inc.,,,FedEx,MI,,,MI,No,No,Standard,eHub Mobile Timekeeping,,,,,,,,,,,,,,,,,,,,,,,,,,,,,,,,,,,,,,,,,,,,,,,,,,,,,,,,,,,,,,,,,,,,,,,,,,,,,,,,False,,,,State,,,,,,City,State,Region,Service,Contract Owner,Service Provider,Manager,Reporting Super,Reviewing Super,Tier 10,Tier 11,Tier 12,,0,True,,
52,Minneapolis,Minnesota,Midwest,Contract Janitorial,SMFM,Franchise Subcontractor,None,None,None,None,None,None,True,4/24/2025 3:21:23 PM,2/9/2026 8:12:42 AM,FedEx - Minneapolis,,2825 Cargo Rd,,Minneapolis,MN,55450-1135,4,,1,6,,,True,False,1,False,,,1,,6,16,1,8.0000,16.0000,0.5000,,,,,,,True,True,True,True,True,,76,,,,,,,,,,,,,,,,10,False,,,,False,,"Indstrl, Mnftng, Warehouse",MN - Operations,,Khouan Vongkham,,Operations,1,Crane Integrated Facility Services Inc.,,,FedEx,OH,,,MN,Yes,No,Standard,TeamTime,,,,,,,,,,,,,,,,,,,,,,,,,,,,,,,,,,,,,,,,,,,,,,,,,,,,,,,,,,,,,,,,,,,,,,,,,,,,,,,52,True,,,,State,,,,,,City,State,Region,Service,Contract Owner,Service Provider,Manager,Reporting Super,Reviewing Super,Tier 10,Tier 11,Tier 12,,0,True,,
50,Miami,Florida,Southeast,Contract Janitorial,SMFM,Self-Service,None,None,None,None,None,None,True,4/24/2025 3:21:23 PM,4/28/2026 8:54:52 AM,FedEx - MIAR - Miami Ramp,,6100 NW 36th St,,Virginia Gardens,FL,33166-7005,4,,1,1,,,True,False,1,False,,,1,,6,58,1,8.0000,16.0000,0.5000,,,,,,,True,True,True,True,True,,7,,,,,,,,,,,,,,,,5,False,,,,False,,"Indstrl, Mnftng, Warehouse",FL - Operations,,Yisel Chills Melendez,,Operations,1,Crane Integrated Facility Services Inc.,,,FedEx,FL,,,FL,Yes,No,Standard,TeamTime,,,,,,,,,,,,,,,,,,,,,,,,,,,,,,,,,,,,,,,,,,,,,,,,,,,,,,,,,,,,,,,,,,,,,,,,,,,,,,,50,True,,,,State,,,,,,City,State,Region,Service,Contract Owner,Service Provider,Manager,Reporting Super,Reviewing Super,Tier 10,Tier 11,Tier 12,,0,True,,
511,Miami,Florida,Southeast,Out of Scope,SMFM,Self-Service,None,None,None,None,None,None,True,6/24/2025 5:29:13 PM,4/28/2026 8:51:30 AM,"FedEx - Miami Ground, FL Pallet",,10400 NW 122nd St,,Medley,FL,33178-3177,4,,1,1,,,True,False,1,False,,,1,,6,58,9,,,,,,,,,,True,True,True,True,True,,7,,,,,,,,,,,,,,,,5,False,,,,False,51,"Indstrl, Mnftng, Warehouse",FL - Operations,,Yisel Chills Melendez,,FedEx Pallet,1,Crane Integrated Facility Services Inc.,,,FedEx,FL,,,FL,Yes,No,Standard,TeamTime,,,,,,,,,,,,,,,,,,,,,,,,,,,,,,,,,,,,,,,,,,,,,,,,,,,,,,,,,,,,,,,,,,,,,,,,,,,,,,,511,True,,,,State,,,,,,City,State,Region,Service,Contract Owner,Service Provider,Manager,Reporting Super,Reviewing Super,Tier 10,Tier 11,Tier 12,,0,True,,
512,Miami,Florida,Southeast,Out of Scope,SMFM,Self-Service,None,None,None,None,None,None,True,6/24/2025 5:30:09 PM,4/28/2026 8:51:21 AM,"FedEx - Miami Ground, FL Handyman",,10400 NW 122nd St,,Medley,FL,33178-3177,4,,1,1,,,True,False,1,False,,,1,,6,58,10,,,,,,,,,,True,True,True,True,True,,7,,,,,,,,,,,,,,,,5,False,,,,False,51,"Indstrl, Mnftng, Warehouse",FL - Operations,,Yisel Chills Melendez,,FedEx Handyman,1,Crane Integrated Facility Services Inc.,,,FedEx,FL,,,FL,Yes,No,Standard,TeamTime,,,,,,,,,,,,,,,,,,,,,,,,,,,,,,,,,,,,,,,,,,,,,,,,,,,,,,,,,,,,,,,,,,,,,,,,,,,,,,,512,True,,,,State,,,,,,City,State,Region,Service,Contract Owner,Service Provider,Manager,Reporting Super,Reviewing Super,Tier 10,Tier 11,Tier 12,,0,True,,
51,Miami,Florida,Southeast,Contract Janitorial,SMFM,Self-Service,None,None,None,None,None,None,True,4/24/2025 3:21:23 PM,4/28/2026 8:51:12 AM,FedEx - Miami Ground - 331,,10400 NW 122nd St,,Medley,FL,33178-3177,4,,1,1,,,True,False,1,False,,,1,,6,58,1,8.0000,16.0000,0.5000,,,,,,,True,True,True,True,True,,7,,,,,,,,,,,,,,,,5,False,,,,False,,"Indstrl, Mnftng, Warehouse",FL - Operations,,Yisel Chills Melendez,,Operations,1,Crane Integrated Facility Services Inc.,,,FedEx,FL,,,FL,Yes,No,Standard,TeamTime,,,,,,,,,,,,,,,,,,,,,,,,,,,,,,,,,,,,,,,,,,,,,,,,,,,,,,,,,,,,,,,,,,,,,,,,,,,,,,,51,True,,,,State,,,,,,City,State,Region,Service,Contract Owner,Service Provider,Manager,Reporting Super,Reviewing Super,Tier 10,Tier 11,Tier 12,,0,True,,
147,Miami,Florida,Southeast,Contract Janitorial,SMFM,Self-Service,Jeff Abbott,None,None,None,None,None,True,8/13/2025 7:35:32 AM,4/28/2026 8:54:42 AM,FedEx - Miami - MIAD,,6715 NW 36th Street,,Miami,FL,33166,4,,1,1,,,False,False,1,True,,,1,,6,58,1,8.0000,16.0000,0.5000,,,,,,,True,True,False,True,True,,,5,,,,,,,,,,,,,,,5,False,,,,False,,"Indstrl, Mnftng, Warehouse",FL - Operations,,Yisel Chills Melendez,Semi-Monthly,Operations,1,Crane Integrated Facility Services Inc.,,,FedEx,FL,,,FL,No,No,Standard,TeamTime,,,,,,,,,,,,,,,,,,,,,,,,,,,,,,,,,,,,,,,,,,,,,,,,,,,,,,,,,,,,,,,,,,,,,,,,,,,,,,,147,False,,,,State,,,,,,City,State,Region,Service,Contract Owner,Service Provider,Manager,Reporting Super,Reviewing Super,Tier 10,Tier 11,Tier 12,,0,True,,
247,Meridian,Mississippi,Southeast,Contract Janitorial,SMFM,3rd Party Subcontractor,None,None,None,None,None,None,True,10/9/2025 3:16:18 PM,2/3/2026 3:43:05 PM,FedEx - MEIA,,5203 Arundel Rd,,Meridian,MS,39307-7214,4,,1,3,,,False,False,1,True,,,1,,1,0,7,,,,,,,,,,True,True,False,True,True,,,,,,,,,,,,,,,,,,6,False,,,,False,,"Indstrl, Mnftng, Warehouse",GA - Operations,,None,,Operations FedEx,1,Crane Integrated Facility Services Inc.,,,FedEx,GA,,,MS,No,No,Standard,eHub Mobile Timekeeping,,,,,,,,,,,,,,,,,,,,,,,,,,,,,,,,,,,,,,,,,,,,,,,,,,,,,,,,,,,,,,,,,,,,,,,,,,,,,,,,False,,,,State,,,,,,City,State,Region,Service,Contract Owner,Service Provider,Manager,Reporting Super,Reviewing Super,Tier 10,Tier 11,Tier 12,,0,True,,
49,Medley,Florida,Southeast,Contract Janitorial,SMFM,Self-Service,None,None,None,None,None,None,True,4/24/2025 3:21:23 PM,4/28/2026 8:54:32 AM,"FedEx - Medley, FL - 412",,10300 NW 121st Way,,Medley,FL,33178,4,,1,1,,,True,False,1,False,,,1,,6,58,1,8.0000,16.0000,0.5000,,,,,,,True,True,True,True,True,,7,,,,,,,,,,,,,,,,5,False,,,,False,,"Indstrl, Mnftng, Warehouse",FL - Operations,,Yisel Chills Melendez,,Operations,1,Crane Integrated Facility Services Inc.,,,FedEx,FL,,,FL,Yes,No,Standard,TeamTime,,,,,,,,,,,,,,,,,,,,,,,,,,,,,,,,,,,,,,,,,,,,,,,,,,,,,,,,,,,,,,,,,,,,,,,,,,,,,,,49,True,,,,State,,,,,,City,State,Region,Service,Contract Owner,Service Provider,Manager,Reporting Super,Reviewing Super,Tier 10,Tier 11,Tier 12,,0,True,,
288,Freeland,Michigan,Midwest,Contract Janitorial,SMFM,Franchise Subcontractor,Joemaine Spears,None,None,None,None,None,True,5/1/2026 1:11:20 PM,5/1/2026 1:12:13 PM,FedEx - MBSA,,8273 Garfield Rd,,Freeland,MI,48623-9013,4,,1,5,,,False,False,1,True,,,1,,1,43,7,,,,,,,,,,True,True,False,True,True,,,5,,,,,,,,,,,,,,,9,False,,,,False,,"Indstrl, Mnftng, Warehouse",MI - Operations,,Joemaine Spears,Semi-Monthly,Operations FedEx,1,Crane Integrated Facility Services Inc.,,,FedEx,MI,,,MI,No,No,Standard,eHub Mobile Timekeeping,,,,,,,,,,,,,,,,,,,,,,,,,,,,,,,,,,,,,,,,,,,,,,,,,,,,,,,,,,,,,,,,,,,,,,,,,,,,,,,,False,,,,State,,,,,,City,State,Region,Service,Contract Owner,Service Provider,Manager,Reporting Super,Reviewing Super,Tier 10,Tier 11,Tier 12,,0,True,,
1291,Madison,Wisconson,Midwest,Out of Scope,SMFM,Self-Service,None,None,None,None,None,None,True,6/24/2025 5:43:40 PM,2/9/2026 11:10:03 AM,"FedEx - Madison, WI Pallet",,7322 Manufacturers Dr,,Madison,WI,53704-6306,4,,1,11,,,False,False,1,False,,,1,,6,29,9,,,,,,,,,,True,True,False,True,True,,,,,,,,,,,,,,,,,,17,False,,,,False,129,"Indstrl, Mnftng, Warehouse",WI - Operations,,Trevinus Dorsey,,FedEx Pallet,1,Crane Integrated Facility Services Inc.,,,FedEx,WI,,,WI,No,No,Standard,TeamTime,,,,,,,,,,,,,,,,,,,,,,,,,,,,,,,,,,,,,,,,,,,,,,,,,,,,,,,,,,,,,,,,,,,,,,,,,,,,,,,1291,False,,,,State,,,,,,City,State,Region,Service,Contract Owner,Service Provider,Manager,Reporting Super,Reviewing Super,Tier 10,Tier 11,Tier 12,,0,True,,
129,Madison,Wisconson,Midwest,Contract Janitorial,SMFM,Self-Service,None,None,None,None,None,None,True,4/30/2025 11:15:07 AM,2/9/2026 11:09:54 AM,"FedEx - Madison, WI",,7322 Manufacturers Dr,,Madison,WI,53704-6306,4,,1,11,,,False,False,1,True,,,1,,6,29,1,7.0000,13.0000,0.5000,,,,,,,True,True,False,True,True,,,,,,,,,,,,,,,,,,17,False,,,,False,,"Indstrl, Mnftng, Warehouse",WI - Operations,,Trevinus Dorsey,,Operations,1,Crane Integrated Facility Services Inc.,,,FedEx,WI,,,WI,No,No,Standard,TeamTime,,,,,,,,,,,,,,,,,,,,,,,,,,,,,,,,,,,,,,,,,,,,,,,,,,,,,,,,,,,,,,,,,,,,,,,,,,,,,,,129,False,,,,State,,,,,,City,State,Region,Service,Contract Owner,Service Provider,Manager,Reporting Super,Reviewing Super,Tier 10,Tier 11,Tier 12,,0,True,,
481,Los Angeles,California,West,Out of Scope,SMFM,Self-Service,None,None,None,None,None,None,True,6/24/2025 5:27:06 PM,3/9/2026 12:06:06 PM,FedEx - Los Angeles Pallet,,2600 E 28th St,,Los Angeles,CA,90058-1400,4,,1,2,,,True,False,1,False,,,1,,6,44,9,,,,,,,,,,True,True,True,True,True,,3,,,,,,,,,,,,,,,,4,False,,,,False,48,"Indstrl, Mnftng, Warehouse",CA - Janitorial Service,,Carlos Bernal,,FedEx Pallet,2,Crane West Opco LLC,,,FedEx,CA,,,CA,Yes,No,Standard,TeamTime,,,,,,,,,,,,,,,,,,,,,,,,,,,,,,,,,,,,,,,,,,,,,,,,,,,,,,,,,,,,,,,,,,,,,,,,,,,,,,,481,True,,,,State,,,,,,City,State,Region,Service,Contract Owner,Service Provider,Manager,Reporting Super,Reviewing Super,Tier 10,Tier 11,Tier 12,,0,True,,
48,Los Angeles,California,West,Contract Janitorial,SMFM,Self-Service,None,None,None,None,None,None,True,4/24/2025 3:21:23 PM,4/27/2026 8:00:11 AM,FedEx - Los Angeles,,2600 E 28th St,,Los Angeles,CA,90058-1400,4,,1,2,,,True,False,1,False,,,1,,6,55,8,,,,,,,,,,True,True,True,True,True,,3,,,,,,,,,,,,,,,,4,False,,,,False,,"Indstrl, Mnftng, Warehouse",CA - Janitorial Service,,Viridiana Cervantes,,Operations CA w/ M&R,2,Crane West Opco LLC,,,FedEx,CA,,,CA,Yes,No,Standard,TeamTime,,,,,,,,,,,,,,,,,,,,,,,,,,,,,,,,,,,,,,,,,,,,,,,,,,,,,,,,,,,,,,,,,,,,,,,,,,,,,,,48,True,,,,State,,,,,,City,State,Region,Service,Contract Owner,Service Provider,Manager,Reporting Super,Reviewing Super,Tier 10,Tier 11,Tier 12,,0,True,,
141,Long Island City,New York,Northeast,Out of Scope,SMFM,Franchise Subcontractor,None,None,None,None,None,None,True,6/24/2025 7:23:38 AM,11/11/2025 3:33:36 PM,"FedEx - Long Island City, NY",,2901 Borden Ave,,Long Island City,NY,11101-3417,4,,1,3,,,False,False,1,True,,,1,,6,0,1,,,,,,,,,,True,True,False,True,True,,,5,,,,,,,,,,,,,,,20,False,,,,False,,"Indstrl, Mnftng, Warehouse",NY - Operations,,None,Semi-Monthly,Operations,1,Crane Integrated Facility Services Inc.,,,FedEx,GA,,,NY,No,No,Standard,TeamTime,,,,,,,,,,,,,,,,,,,,,,,,,,,,,,,,,,,,,,,,,,,,,,,,,,,,,,,,,,,,,,,,,,,,,,,,,,,,,,,,False,,,,State,,,,,,City,State,Region,Service,Contract Owner,Service Provider,Manager,Reporting Super,Reviewing Super,Tier 10,Tier 11,Tier 12,,0,True,,
207,Miami,Florida,Southeast,Contract Janitorial,SMFM,Self-Service,Jeff Abbott,None,None,None,None,None,True,9/29/2025 7:33:51 PM,4/28/2026 8:25:00 AM,FedEx - LNAA,,1145 Barnett Dr,,Lake Worth,FL,33461-2614,4,,1,1,,,False,False,1,True,,,1,,1,58,7,,,,,,,,,,True,True,False,True,True,,,,,,,,,,,,,,,,,,5,False,,,,False,,"Indstrl, Mnftng, Warehouse",FL - Operations,,Yisel Chills Melendez,,Operations FedEx,1,Crane Integrated Facility Services Inc.,,,FedEx,FL,,,FL,No,No,Standard,eHub Mobile Timekeeping,,,,,,,,,,,,,,,,,,,,,,,,,,,,,,,,,,,,,,,,,,,,,,,,,,,,,,,,,,,,,,,,,,,,,,,,,,,,,,,207,False,,,,State,,,,,,City,State,Region,Service,Contract Owner,Service Provider,Manager,Reporting Super,Reviewing Super,Tier 10,Tier 11,Tier 12,,0,True,,
215,Little Rock,Arkansas,Southwest,Contract Janitorial,SMFM,3rd Party Subcontractor,None,None,None,None,None,None,True,10/9/2025 12:35:20 PM,2/3/2026 3:50:40 PM,FedEx - LITRT,,10620 Colonel Glenn Rd,,Little Rock,AR,72204-8013,4,,1,3,,,False,False,1,True,,,1,,1,0,7,,,,,,,,,,True,True,False,True,True,,,,,,,,,,,,,,,,,,6,False,,,,False,,"Indstrl, Mnftng, Warehouse",GA - Operations,,None,,Operations FedEx,1,Crane Integrated Facility Services Inc.,,,FedEx,GA,,,AR,No,No,Standard,eHub Mobile Timekeeping,,,,,,,,,,,,,,,,,,,,,,,,,,,,,,,,,,,,,,,,,,,,,,,,,,,,,,,,,,,,,,,,,,,,,,,,,,,,,,,,False,,,,State,,,,,,City,State,Region,Service,Contract Owner,Service Provider,Manager,Reporting Super,Reviewing Super,Tier 10,Tier 11,Tier 12,,0,True,,
214,Little Rock,Arkansas,Southwest,Contract Janitorial,SMFM,3rd Party Subcontractor,None,None,None,None,None,None,True,10/9/2025 12:34:25 PM,2/3/2026 3:50:50 PM,FedEx - LITA,,1500 Westpark Dr,,Little Rock,AR,72204-2417,4,,1,3,,,False,False,1,True,,,1,,1,0,7,,,,,,,,,,True,True,False,True,True,,,,,,,,,,,,,,,,,,6,False,,,,False,,"Indstrl, Mnftng, Warehouse",GA - Operations,,None,,Operations FedEx,1,Crane Integrated Facility Services Inc.,,,FedEx,GA,,,AR,No,No,Standard,eHub Mobile Timekeeping,,,,,,,,,,,,,,,,,,,,,,,,,,,,,,,,,,,,,,,,,,,,,,,,,,,,,,,,,,,,,,,,,,,,,,,,,,,,,,,,False,,,,State,,,,,,City,State,Region,Service,Contract Owner,Service Provider,Manager,Reporting Super,Reviewing Super,Tier 10,Tier 11,Tier 12,,0,True,,
47,Baltimore,Maryland,Northeast,Out of Scope,SMFM,Self-Service,None,None,None,None,None,None,True,4/24/2025 3:21:23 PM,4/28/2026 7:02:50 AM,FedEx - Linthicum Heights,,719 North Hammonds Ferry Rd,,Linthicum Heights,MD,21090,4,,1,4,,,True,False,1,True,,,1,,6,30,1,8.0000,16.0000,0.5000,,,,,,,True,True,True,True,True,,43,,,,,,,,,,,,,,,,7,False,,,,False,,"Indstrl, Mnftng, Warehouse",MD - Operations,,Victoria Hernandez,,Operations,1,Crane Integrated Facility Services Inc.,,,FedEx,MD,,,MD,Yes,No,Standard,TeamTime,,,,,,,,,,,,,,,,,,,,,,,,,,,,,,,,,,,,,,,,,,,,,,,,,,,,,,,,,,,,,,,,,,,,,,,,,,,,,,,47,True,,,,State,,,,,,City,State,Region,Service,Contract Owner,Service Provider,Manager,Reporting Super,Reviewing Super,Tier 10,Tier 11,Tier 12,,0,True,,
260,Lagrange,Georgia,Southeast,Contract Janitorial,SMFM,3rd Party Subcontractor,Joemaine Spears,None,None,None,None,None,True,2/4/2026 6:59:21 AM,2/4/2026 7:00:23 AM,FedEx - LGCA,,1619 Whitesville St,,Lagrange,GA,30240-5927,4,,1,3,,,False,False,1,True,,,1,,1,4,7,,,,,,,,,,True,True,False,True,True,,,5,,,,,,,,,,,,,,2/15/2026,6,False,,,,False,,"Indstrl, Mnftng, Warehouse",GA - Operations,,Brad Jester,Semi-Monthly,Operations FedEx,1,Crane Integrated Facility Services Inc.,,,FedEx,GA,,,GA,No,No,Standard,eHub Mobile Timekeeping,,,,,,,,,,,,,,,,,,,,,,,,,,,,,,,,,,,,,,,,,,,,,,,,,,,,,,,,,,,,,,,,,,,,,,,,,,,,,,,,False,,,,State,,,,,,City,State,Region,Service,Contract Owner,Service Provider,Manager,Reporting Super,Reviewing Super,Tier 10,Tier 11,Tier 12,,0,True,,
240,Lafayette,Louisiana,South Central,Contract Janitorial,SMFM,3rd Party Subcontractor,None,None,None,None,None,None,True,10/9/2025 2:59:07 PM,2/3/2026 3:46:23 PM,FedEx - LFTR,,2201 SE Evangeline Trwy Ste A,,Lafayette,LA,70508-2193,4,,1,3,,,False,False,1,True,,,1,,1,0,7,,,,,,,,,,True,True,False,True,True,,,,,,,,,,,,,,,,,,6,False,,,,False,,"Indstrl, Mnftng, Warehouse",GA - Operations,,None,,Operations FedEx,1,Crane Integrated Facility Services Inc.,,,FedEx,GA,,,LA,No,No,Standard,eHub Mobile Timekeeping,,,,,,,,,,,,,,,,,,,,,,,,,,,,,,,,,,,,,,,,,,,,,,,,,,,,,,,,,,,,,,,,,,,,,,,,,,,,,,,,False,,,,State,,,,,,City,State,Region,Service,Contract Owner,Service Provider,Manager,Reporting Super,Reviewing Super,Tier 10,Tier 11,Tier 12,,0,True,,
46,Leesburg,Virginia,Southeast,Out of Scope,SMFM,Franchise Subcontractor,None,None,None,None,None,None,True,4/24/2025 3:21:23 PM,2/9/2026 8:11:47 AM,"FedEx - Leesburg, VA",,20200 Sycolin Rd,,Leesburg,VA,20175-4632,4,,1,10,,,True,False,1,False,,,1,,6,29,1,8.0000,16.0000,0.5000,,,,,,,True,True,True,True,True,,10,,,,,,,,,,,,,,,,16,False,,,,False,,"Indstrl, Mnftng, Warehouse",VA - Operations,,Trevinus Dorsey,,Operations,1,Crane Integrated Facility Services Inc.,,,FedEx,VA,,,VA,Yes,No,Standard,TeamTime,,,,,,,,,,,,,,,,,,,,,,,,,,,,,,,,,,,,,,,,,,,,,,,,,,,,,,,,,,,,,,,,,,,,,,,,,,,,,,,46,True,,,,State,,,,,,City,State,Region,Service,Contract Owner,Service Provider,Manager,Reporting Super,Reviewing Super,Tier 10,Tier 11,Tier 12,,0,True,,
226,Leesburg,Florida,Southeast,Contract Janitorial,SMFM,3rd Party Subcontractor,None,None,None,None,None,None,True,10/9/2025 2:10:16 PM,2/3/2026 3:48:36 PM,FedEx - LEEA,,2328 Montclair Rd,,Leesburg,FL,34748,4,,1,1,,,False,False,1,True,,,1,,1,0,7,,,,,,,,,,True,True,False,True,True,,,,,,,,,,,,,,,,,,5,False,,,,False,,"Indstrl, Mnftng, Warehouse",FL - Operations,,None,,Operations FedEx,1,Crane Integrated Facility Services Inc.,,,FedEx,FL,,,FL,No,No,Standard,eHub Mobile Timekeeping,,,,,,,,,,,,,,,,,,,,,,,,,,,,,,,,,,,,,,,,,,,,,,,,,,,,,,,,,,,,,,,,,,,,,,,,,,,,,,,,False,,,,State,,,,,,City,State,Region,Service,Contract Owner,Service Provider,Manager,Reporting Super,Reviewing Super,Tier 10,Tier 11,Tier 12,,0,True,,
287,Lansing,Michigan,Midwest,Contract Janitorial,SMFM,Franchise Subcontractor,Joemaine Spears,None,None,None,None,None,True,5/1/2026 1:09:17 PM,5/1/2026 1:10:10 PM,FedEx - LANA,,5930 Enterprise Dr,,Lansing,MI,48911-4109,4,,1,5,,,False,False,1,True,,,1,,1,43,7,,,,,,,,,,True,True,False,True,True,,,5,,,,,,,,,,,,,,,9,False,,,,False,,"Indstrl, Mnftng, Warehouse",MI - Operations,,Joemaine Spears,Semi-Monthly,Operations FedEx,1,Crane Integrated Facility Services Inc.,,,FedEx,MI,,,MI,No,No,Standard,eHub Mobile Timekeeping,,,,,,,,,,,,,,,,,,,,,,,,,,,,,,,,,,,,,,,,,,,,,,,,,,,,,,,,,,,,,,,,,,,,,,,,,,,,,,,,False,,,,State,,,,,,City,State,Region,Service,Contract Owner,Service Provider,Manager,Reporting Super,Reviewing Super,Tier 10,Tier 11,Tier 12,,0,True,,
221,Lakeland,Florida,Southeast,Contract Janitorial,SMFM,3rd Party Subcontractor,None,None,None,None,None,None,True,10/9/2025 1:49:32 PM,2/3/2026 3:49:37 PM,FedEx - LALA,,1900 Interstate Dr,,Lakeland,FL,33805-2694,4,,1,1,,,False,False,1,True,,,1,,1,0,7,,,,,,,,,,True,True,False,True,True,,,,,,,,,,,,,,,,,,5,False,,,,False,,"Indstrl, Mnftng, Warehouse",FL - Operations,,None,,Operations FedEx,1,Crane Integrated Facility Services Inc.,,,FedEx,FL,,,FL,No,No,Standard,eHub Mobile Timekeeping,,,,,,,,,,,,,,,,,,,,,,,,,,,,,,,,,,,,,,,,,,,,,,,,,,,,,,,,,,,,,,,,,,,,,,,,,,,,,,,,False,,,,State,,,,,,City,State,Region,Service,Contract Owner,Service Provider,Manager,Reporting Super,Reviewing Super,Tier 10,Tier 11,Tier 12,,0,True,,
245,West Plains,Missouri,Midwest,Contract Janitorial,SMFM,3rd Party Subcontractor,None,None,None,None,None,None,True,10/9/2025 3:10:48 PM,2/3/2026 3:43:30 PM,FedEx - KNTA,,400 W 2nd St,,West Plains,MO,65775-2627,4,,1,3,,,False,False,1,True,,,1,,1,0,7,,,,,,,,,,True,True,False,True,True,,,,,,,,,,,,,,,,,,6,False,,,,False,,"Indstrl, Mnftng, Warehouse",GA - Operations,,None,,Operations FedEx,1,Crane Integrated Facility Services Inc.,,,FedEx,GA,,,MO,No,No,Standard,eHub Mobile Timekeeping,,,,,,,,,,,,,,,,,,,,,,,,,,,,,,,,,,,,,,,,,,,,,,,,,,,,,,,,,,,,,,,,,,,,,,,,,,,,,,,,False,,,,State,,,,,,City,State,Region,Service,Contract Owner,Service Provider,Manager,Reporting Super,Reviewing Super,Tier 10,Tier 11,Tier 12,,0,True,,
286,Jackson,Michigan,Midwest,Contract Janitorial,SMFM,Franchise Subcontractor,Joemaine Spears,None,None,None,None,None,True,5/1/2026 1:08:07 PM,5/1/2026 1:08:53 PM,FedEx - JXNA,,1051 Hurst Rd,,Jackson,MI,49201-8905,4,,1,5,,,False,False,1,True,,,1,,1,43,7,,,,,,,,,,True,True,False,True,True,,,5,,,,,,,,,,,,,,,9,False,,,,False,,"Indstrl, Mnftng, Warehouse",MI - Operations,,Joemaine Spears,Semi-Monthly,Operations FedEx,1,Crane Integrated Facility Services Inc.,,,FedEx,MI,,,MI,No,No,Standard,eHub Mobile Timekeeping,,,,,,,,,,,,,,,,,,,,,,,,,,,,,,,,,,,,,,,,,,,,,,,,,,,,,,,,,,,,,,,,,,,,,,,,,,,,,,,,False,,,,State,,,,,,City,State,Region,Service,Contract Owner,Service Provider,Manager,Reporting Super,Reviewing Super,Tier 10,Tier 11,Tier 12,,0,True,,
220,Jacksonville,Florida,Southeast,Contract Janitorial,SMFM,3rd Party Subcontractor,None,None,None,None,None,None,True,10/9/2025 1:28:59 PM,2/3/2026 3:49:44 PM,FedEx - JAXR,,2260 Cole Flyer Rd,,Jacksonville,FL,32218-2390,4,,1,1,,,False,False,1,True,,,1,,1,0,7,,,,,,,,,,True,True,False,True,True,,,,,,,,,,,,,,,,,,5,False,,,,False,,"Indstrl, Mnftng, Warehouse",FL - Operations,,None,,Operations FedEx,1,Crane Integrated Facility Services Inc.,,,FedEx,FL,,,FL,No,No,Standard,eHub Mobile Timekeeping,,,,,,,,,,,,,,,,,,,,,,,,,,,,,,,,,,,,,,,,,,,,,,,,,,,,,,,,,,,,,,,,,,,,,,,,,,,,,,,,False,,,,State,,,,,,City,State,Region,Service,Contract Owner,Service Provider,Manager,Reporting Super,Reviewing Super,Tier 10,Tier 11,Tier 12,,0,True,,
246,Pearl,Mississippi,Southeast,Contract Janitorial,SMFM,3rd Party Subcontractor,None,None,None,None,None,None,True,10/9/2025 3:13:29 PM,2/3/2026 3:43:16 PM,FedEx - JANRT,,110 Metroplex Blvd,,Pearl,MS,39208,4,,1,3,,,False,False,1,True,,,1,,1,0,7,,,,,,,,,,True,True,False,True,True,,,,,,,,,,,,,,,,,,6,False,,,,False,,"Indstrl, Mnftng, Warehouse",GA - Operations,,None,,Operations FedEx,1,Crane Integrated Facility Services Inc.,,,FedEx,GA,,,MS,No,No,Standard,eHub Mobile Timekeeping,,,,,,,,,,,,,,,,,,,,,,,,,,,,,,,,,,,,,,,,,,,,,,,,,,,,,,,,,,,,,,,,,,,,,,,,,,,,,,,,False,,,,State,,,,,,City,State,Region,Service,Contract Owner,Service Provider,Manager,Reporting Super,Reviewing Super,Tier 10,Tier 11,Tier 12,,0,True,,
219,Orlando,Florida,Southeast,Contract Janitorial,SMFM,3rd Party Subcontractor,None,None,None,None,None,None,True,10/9/2025 1:21:36 PM,2/3/2026 3:49:55 PM,FedEx - ISMA,,6900 Presidents Dr,,Orlando,FL,32809-5668,4,,1,1,,,False,False,1,True,,,1,,1,0,7,,,,,,,,,,True,True,False,True,True,,,,,,,,,,,,,,,,,,5,False,,,,False,,"Indstrl, Mnftng, Warehouse",FL - Operations,,None,,Operations FedEx,1,Crane Integrated Facility Services Inc.,,,FedEx,FL,,,FL,No,No,Standard,eHub Mobile Timekeeping,,,,,,,,,,,,,,,,,,,,,,,,,,,,,,,,,,,,,,,,,,,,,,,,,,,,,,,,,,,,,,,,,,,,,,,,,,,,,,,,False,,,,State,,,,,,City,State,Region,Service,Contract Owner,Service Provider,Manager,Reporting Super,Reviewing Super,Tier 10,Tier 11,Tier 12,,0,True,,
267,Winston Salem,North Carolina,Southeast,Contract Janitorial,SMFM,Franchise Subcontractor,Joemaine Spears,None,None,None,None,None,True,3/5/2026 7:17:07 AM,3/5/2026 7:18:23 AM,FedEx - INTA,,100 Progress Ct,,Winston Salem,NC,27106-3238,4,,1,3,,,False,False,1,True,,,1,,1,0,7,,,,,,,,,,True,True,False,True,True,,,5,,,,,,,,,,,,,,,6,False,,,,False,,"Indstrl, Mnftng, Warehouse",GA - Operations,,None,Semi-Monthly,Operations FedEx,1,Crane Integrated Facility Services Inc.,,,FedEx,GA,,,NC,No,No,Standard,eHub Mobile Timekeeping,,,,,,,,,,,,,,,,,,,,,,,,,,,,,,,,,,,,,,,,,,,,,,,,,,,,,,,,,,,,,,,,,,,,,,,,,,,,,,,,False,,,,State,,,,,,City,State,Region,Service,Contract Owner,Service Provider,Manager,Reporting Super,Reviewing Super,Tier 10,Tier 11,Tier 12,,0,True,,
265,Huntington,West Virginia,Southeast,Contract Janitorial,SMFM,Franchise Subcontractor,Joemaine Spears,None,None,None,None,None,True,2/18/2026 9:39:31 AM,,FedEx - HTSA,,1400 Airport Rd,,Huntington,WV,25704-9000,4,,1,3,,,False,False,1,True,,,1,,1,0,7,,,,,,,,,,True,True,False,True,True,,,5,,,,,,,,,,,,,,,6,False,,,,False,,"Indstrl, Mnftng, Warehouse",GA - Operations,,None,Semi-Monthly,Operations FedEx,1,Crane Integrated Facility Services Inc.,,,FedEx,GA,,,WV,No,No,Standard,eHub Mobile Timekeeping,,,,,,,,,,,,,,,,,,,,,,,,,,,,,,,,,,,,,,,,,,,,,,,,,,,,,,,,,,,,,,,,,,,,,,,,,,,,,,,,False,,,,State,,,,,,City,State,Region,Service,Contract Owner,Service Provider,Manager,Reporting Super,Reviewing Super,Tier 10,Tier 11,Tier 12,,0,True,,
206,Miami,Florida,Southeast,Contract Janitorial,SMFM,Self-Service,Jeff Abbott,None,None,None,None,None,True,9/29/2025 7:32:01 PM,4/28/2026 8:26:38 AM,FedEx - HSTA,,14101 SW 119th Ave,,Miami,FL,33186-6013,4,,1,1,,,False,False,1,True,,,1,,1,58,7,,,,,,,,,,True,True,False,True,True,,,,,,,,,,,,,,,,,,5,False,,,,False,,"Indstrl, Mnftng, Warehouse",FL - Operations,,Yisel Chills Melendez,,Operations FedEx,1,Crane Integrated Facility Services Inc.,,,FedEx,FL,,,FL,No,No,Standard,eHub Mobile Timekeeping,,,,,,,,,,,,,,,,,,,,,,,,,,,,,,,,,,,,,,,,,,,,,,,,,,,,,,,,,,,,,,,,,,,,,,,,,,,,,,,206,False,,,,State,,,,,,City,State,Region,Service,Contract Owner,Service Provider,Manager,Reporting Super,Reviewing Super,Tier 10,Tier 11,Tier 12,,0,True,,
451,Hayward,California,West,Contract Janitorial,SMFM,Self-Service,None,None,None,None,None,None,True,6/24/2025 5:24:30 PM,3/11/2026 4:14:50 PM,"FedEx - Hayward, CA Pallet",,3596 Baumberg Ave,,Hayward,CA,94545-4416,4,,1,2,,,True,False,1,False,,,1,,6,49,9,,,,,,,,,,True,True,True,True,True,,3,,,,,,,,,,,,,,,,4,False,,,,False,45,"Indstrl, Mnftng, Warehouse",CA - Janitorial Service,,Joselyn Mayoral Salas,,FedEx Pallet,2,Crane West Opco LLC,,,FedEx,CA,,,CA,Yes,No,Standard,TeamTime,,,,,,,,,,,,,,,,,,,,,,,,,,,,,,,,,,,,,,,,,,,,,,,,,,,,,,,,,,,,,,,,,,,,,,,,,,,,,,,451,True,,,,State,,,,,,City,State,Region,Service,Contract Owner,Service Provider,Manager,Reporting Super,Reviewing Super,Tier 10,Tier 11,Tier 12,,0,True,,
452,Hayward,California,West,Out of Scope,SMFM,Self-Service,None,None,None,None,None,None,True,6/24/2025 5:25:09 PM,3/11/2026 4:15:02 PM,"FedEx - Hayward, CA Handyman",,3596 Baumberg Ave,,Hayward,CA,94545-4416,4,,1,2,,,True,False,1,False,,,1,,6,49,10,,,,,,,,,,True,True,True,True,True,,3,,,,,,,,,,,,,,,,4,False,,,,False,45,"Indstrl, Mnftng, Warehouse",CA - Janitorial Service,,Joselyn Mayoral Salas,,FedEx Handyman,2,Crane West Opco LLC,,,FedEx,CA,,,CA,Yes,No,Standard,TeamTime,,,,,,,,,,,,,,,,,,,,,,,,,,,,,,,,,,,,,,,,,,,,,,,,,,,,,,,,,,,,,,,,,,,,,,,,,,,,,,,452,True,,,,State,,,,,,City,State,Region,Service,Contract Owner,Service Provider,Manager,Reporting Super,Reviewing Super,Tier 10,Tier 11,Tier 12,,0,True,,
45,Hayward,California,West,Contract Janitorial,SMFM,Self-Service,None,None,None,None,None,None,True,4/24/2025 3:21:23 PM,3/11/2026 4:14:36 PM,"FedEx - Hayward, CA",,3596 Baumberg Ave,,Hayward,CA,94545-4416,4,,1,2,,,True,False,1,False,,,1,,6,49,8,,,,,,,,,,True,True,True,True,True,,3,,,,,,,,,,,,,,,,4,False,,,,False,,"Indstrl, Mnftng, Warehouse",CA - Janitorial Service,,Joselyn Mayoral Salas,,Operations CA w/ M&R,2,Crane West Opco LLC,,,FedEx,CA,,,CA,Yes,No,Standard,TeamTime,,,,,,,,,,,,,,,,,,,,,,,,,,,,,,,,,,,,,,,,,,,,,,,,,,,,,,,,,,,,,,,,,,,,,,,,,,,,,,,45,True,,,,State,,,,,,City,State,Region,Service,Contract Owner,Service Provider,Manager,Reporting Super,Reviewing Super,Tier 10,Tier 11,Tier 12,,0,True,,
259,Alpharetta,Georgia,Southeast,Contract Janitorial,SMFM,Self-Service,Joemaine Spears,None,None,None,None,None,True,2/4/2026 7:03:50 AM,2/4/2026 7:04:36 AM,FedEx - GVLA,,1525 Morrison Pkwy,,Alpharetta,GA,30009-2187,4,,1,3,,,False,False,1,True,,,1,,1,26,7,,,,,,,,,,True,True,False,True,True,,,5,,,,,,,,,,,,,,2/15/2026,6,False,,,,False,,"Indstrl, Mnftng, Warehouse",GA - Operations,,Silvestre Perez,Semi-Monthly,Operations FedEx,1,Crane Integrated Facility Services Inc.,,,FedEx,GA,,,GA,No,No,Standard,eHub Mobile Timekeeping,,,,,,,,,,,,,,,,,,,,,,,,,,,,,,,,,,,,,,,,,,,,,,,,,,,,,,,,,,,,,,,,,,,,,,,,,,,,,,,259,False,,,,State,,,,,,City,State,Region,Service,Contract Owner,Service Provider,Manager,Reporting Super,Reviewing Super,Tier 10,Tier 11,Tier 12,,0,True,,
44,Greenville,South Carolina,Southeast,Contract Janitorial,SMFM,Self-Service,None,None,None,None,None,None,True,4/24/2025 3:21:23 PM,11/11/2025 3:32:43 PM,"FedEx - Greenville, SC",,135 FedEx Way,,Greenville,SC,29605-3472,4,,1,8,,,True,False,1,False,,,1,,6,26,1,8.0000,16.0000,0.5000,,,,,,,True,True,True,True,True,,85,,,,,,,,,,,,,,,,13,False,,,,False,,"Indstrl, Mnftng, Warehouse",SC - Operations,,Silvestre Perez,,Operations,1,Crane Integrated Facility Services Inc.,,,FedEx,SC,,,SC,Yes,No,Standard,TeamTime,,,,,,,,,,,,,,,,,,,,,,,,,,,,,,,,,,,,,,,,,,,,,,,,,,,,,,,,,,,,,,,,,,,,,,,,,,,,,,,44,True,,,,State,,,,,,City,State,Region,Service,Contract Owner,Service Provider,Manager,Reporting Super,Reviewing Super,Tier 10,Tier 11,Tier 12,,0,True,,
43,Green Bay,Wisconson,Midwest,Contract Janitorial,SMFM,Self-Service,None,None,None,None,None,None,True,4/24/2025 3:21:23 PM,11/11/2025 3:32:36 PM,"FedEx - Green Bay, WI",,3383 Spirit Way,,Green Bay,WI,54304-5663,4,,1,11,,,True,False,1,False,,,1,,6,29,1,,,,,,,,,,True,True,True,True,True,,31,,,,,,,,,,,,,,,,17,False,,,,False,,"Indstrl, Mnftng, Warehouse",WI - Operations,,Trevinus Dorsey,,Operations,1,Crane Integrated Facility Services Inc.,,,FedEx,WI,,,WI,Yes,No,Standard,TeamTime,,,,,,,,,,,,,,,,,,,,,,,,,,,,,,,,,,,,,,,,,,,,,,,,,,,,,,,,,,,,,,,,,,,,,,,,,,,,,,,43,True,,,,State,,,,,,City,State,Region,Service,Contract Owner,Service Provider,Manager,Reporting Super,Reviewing Super,Tier 10,Tier 11,Tier 12,,0,True,,
225,Gainesville,Florida,Southeast,Contract Janitorial,SMFM,3rd Party Subcontractor,None,None,None,None,None,None,True,10/9/2025 2:09:07 PM,2/3/2026 3:48:45 PM,FedEx - GNVA,,4640 NE 49th Ave,,Gainesville,FL,32609-2535,4,,1,1,,,False,False,1,True,,,1,,1,0,7,,,,,,,,,,True,True,False,True,True,,,,,,,,,,,,,,,,,,5,False,,,,False,,"Indstrl, Mnftng, Warehouse",FL - Operations,,None,,Operations FedEx,1,Crane Integrated Facility Services Inc.,,,FedEx,FL,,,FL,No,No,Standard,eHub Mobile Timekeeping,,,,,,,,,,,,,,,,,,,,,,,,,,,,,,,,,,,,,,,,,,,,,,,,,,,,,,,,,,,,,,,,,,,,,,,,,,,,,,,,False,,,,State,,,,,,City,State,Region,Service,Contract Owner,Service Provider,Manager,Reporting Super,Reviewing Super,Tier 10,Tier 11,Tier 12,,0,True,,
285,Gaylord,Michigan,Midwest,Contract Janitorial,SMFM,Franchise Subcontractor,Joemaine Spears,None,None,None,None,None,True,5/1/2026 1:06:08 PM,5/1/2026 1:06:47 PM,FedEx - GLRA,,1099 Aero Dr,,Gaylord,MI,49735,4,,1,5,,,False,False,1,True,,,1,,1,43,7,,,,,,,,,,True,True,False,True,True,,,5,,,,,,,,,,,,,,,9,False,,,,False,,"Indstrl, Mnftng, Warehouse",MI - Operations,,Joemaine Spears,Semi-Monthly,Operations FedEx,1,Crane Integrated Facility Services Inc.,,,FedEx,MI,,,MI,No,No,Standard,eHub Mobile Timekeeping,,,,,,,,,,,,,,,,,,,,,,,,,,,,,,,,,,,,,,,,,,,,,,,,,,,,,,,,,,,,,,,,,,,,,,,,,,,,,,,,False,,,,State,,,,,,City,State,Region,Service,Contract Owner,Service Provider,Manager,Reporting Super,Reviewing Super,Tier 10,Tier 11,Tier 12,,0,True,,
205,Fort Lauderdale,Florida,Southeast,Contract Janitorial,SMFM,Self-Service,Jeff Abbott,None,None,None,None,None,True,9/29/2025 7:30:16 PM,4/28/2026 8:26:27 AM,FedEx - FXEA,,10501 Commerce Pkwy,,Hollywood,FL,33025-3914,4,,1,1,,,False,False,1,True,,,1,,1,58,7,,,,,,,,,,True,True,False,True,True,,,,,,,,,,,,,,,,,,5,False,,,,False,,"Indstrl, Mnftng, Warehouse",FL - Operations,,Yisel Chills Melendez,,Operations FedEx,1,Crane Integrated Facility Services Inc.,,,FedEx,FL,,,FL,No,No,Standard,eHub Mobile Timekeeping,,,,,,,,,,,,,,,,,,,,,,,,,,,,,,,,,,,,,,,,,,,,,,,,,,,,,,,,,,,,,,,,,,,,,,,,,,,,,,,205,False,,,,State,,,,,,City,State,Region,Service,Contract Owner,Service Provider,Manager,Reporting Super,Reviewing Super,Tier 10,Tier 11,Tier 12,,0,True,,
258,Atlanta,Georgia,Southeast,Contract Janitorial,SMFM,Self-Service,Joemaine Spears,None,None,None,None,None,True,2/4/2026 7:01:09 AM,2/4/2026 7:02:27 AM,FedEx - FTYA,,4400 International Pkwy,,Atlanta,GA,30354-3907,4,,1,3,,,False,False,1,True,,,1,,1,26,7,,,,,,,,,,True,True,False,True,True,,,5,,,,,,,,,,,,,,2/15/2026,6,False,,,,False,,"Indstrl, Mnftng, Warehouse",GA - Operations,,Silvestre Perez,Semi-Monthly,Operations FedEx,1,Crane Integrated Facility Services Inc.,,,FedEx,GA,,,GA,No,No,Standard,eHub Mobile Timekeeping,,,,,,,,,,,,,,,,,,,,,,,,,,,,,,,,,,,,,,,,,,,,,,,,,,,,,,,,,,,,,,,,,,,,,,,,,,,,,,,258,False,,,,State,,,,,,City,State,Region,Service,Contract Owner,Service Provider,Manager,Reporting Super,Reviewing Super,Tier 10,Tier 11,Tier 12,,0,True,,
255,Vero Beach,Florida,Southeast,Contract Janitorial,SMFM,Franchise Subcontractor,None,None,None,None,None,None,True,1/6/2026 11:27:25 AM,2/9/2026 11:09:43 AM,FedEx - FPRB,,685 8th Ct,,Vero Beach,FL,32962-1645,4,,1,1,,,False,False,1,True,,,1,,1,0,7,,,,,,,,,,True,True,False,True,True,,,,,,,,,,,,,,,,,,5,False,,,,False,,"Indstrl, Mnftng, Warehouse",FL - Operations,,None,,Operations FedEx,1,Crane Integrated Facility Services Inc.,,,FedEx,FL,,,FL,No,No,Standard,eHub Mobile Timekeeping,,,,,,,,,,,,,,,,,,,,,,,,,,,,,,,,,,,,,,,,,,,,,,,,,,,,,,,,,,,,,,,,,,,,,,,,,,,,,,,,False,,,,State,,,,,,City,State,Region,Service,Contract Owner,Service Provider,Manager,Reporting Super,Reviewing Super,Tier 10,Tier 11,Tier 12,,0,True,,
218,Port Saint Lucie,Florida,Southeast,Contract Janitorial,SMFM,3rd Party Subcontractor,None,None,None,None,None,None,True,10/9/2025 1:17:55 PM,2/3/2026 3:50:04 PM,FedEx - FPRA,,480 NW Enterprise Dr,,Port Saint Lucie,FL,34986-2201,4,,1,1,,,False,False,1,True,,,1,,1,0,7,,,,,,,,,,True,True,False,True,True,,,,,,,,,,,,,,,,,,5,False,,,,False,,"Indstrl, Mnftng, Warehouse",FL - Operations,,None,,Operations FedEx,1,Crane Integrated Facility Services Inc.,,,FedEx,FL,,,FL,No,No,Standard,eHub Mobile Timekeeping,,,,,,,,,,,,,,,,,,,,,,,,,,,,,,,,,,,,,,,,,,,,,,,,,,,,,,,,,,,,,,,,,,,,,,,,,,,,,,,,False,,,,State,,,,,,City,State,Region,Service,Contract Owner,Service Provider,Manager,Reporting Super,Reviewing Super,Tier 10,Tier 11,Tier 12,,0,True,,
268,Flint,Michigan,Midwest,Contract Janitorial,SMFM,Franchise Subcontractor,Joemaine Spears,None,None,None,None,None,True,3/26/2026 6:33:45 AM,,FedEx - FNTR,,3521 W Bristol Rd,,Flint,MI,48507-3133,4,,1,5,,,False,False,1,True,,,1,,1,43,7,,,,,,,,,,True,True,False,True,True,,,5,,,,,,,,,,,,,,,9,False,,,,False,,"Indstrl, Mnftng, Warehouse",MI - Operations,,Joemaine Spears,Semi-Monthly,Operations FedEx,1,Crane Integrated Facility Services Inc.,,,FedEx,MI,,,MI,No,No,Standard,eHub Mobile Timekeeping,,,,,,,,,,,,,,,,,,,,,,,,,,,,,,,,,,,,,,,,,,,,,,,,,,,,,,,,,,,,,,,,,,,,,,,,,,,,,,,,False,,,,State,,,,,,City,State,Region,Service,Contract Owner,Service Provider,Manager,Reporting Super,Reviewing Super,Tier 10,Tier 11,Tier 12,,0,True,,
284,Flint,Michigan,Midwest,Contract Janitorial,SMFM,Franchise Subcontractor,Joemaine Spears,None,None,None,None,None,True,5/1/2026 1:02:38 PM,5/1/2026 1:03:26 PM,FedEx - FNTA,,4455 Linden Creek Pkwy,,Flint,MI,48507-2943,4,,1,5,,,False,False,1,True,,,1,,1,43,7,,,,,,,,,,True,True,False,True,True,,,5,,,,,,,,,,,,,,,9,False,,,,False,,"Indstrl, Mnftng, Warehouse",MI - Operations,,Joemaine Spears,Semi-Monthly,Operations FedEx,1,Crane Integrated Facility Services Inc.,,,FedEx,MI,,,MI,No,No,Standard,eHub Mobile Timekeeping,,,,,,,,,,,,,,,,,,,,,,,,,,,,,,,,,,,,,,,,,,,,,,,,,,,,,,,,,,,,,,,,,,,,,,,,,,,,,,,,False,,,,State,,,,,,City,State,Region,Service,Contract Owner,Service Provider,Manager,Reporting Super,Reviewing Super,Tier 10,Tier 11,Tier 12,,0,True,,
204,Fort Lauderdale,Florida,Southeast,Contract Janitorial,SMFM,Self-Service,Jeff Abbott,None,None,None,None,None,True,9/29/2025 7:28:03 PM,4/28/2026 8:25:17 AM,FedEx - FLLR,,1000 SW 34th St,,Fort Lauderdale,FL,33315-3405,4,,1,1,,,False,False,1,True,,,1,,1,58,7,,,,,,,,,,True,True,False,True,True,,,,,,,,,,,,,,,,,,5,False,,,,False,,"Indstrl, Mnftng, Warehouse",FL - Operations,,Yisel Chills Melendez,,Operations FedEx,1,Crane Integrated Facility Services Inc.,,,FedEx,FL,,,FL,No,No,Standard,eHub Mobile Timekeeping,,,,,,,,,,,,,,,,,,,,,,,,,,,,,,,,,,,,,,,,,,,,,,,,,,,,,,,,,,,,,,,,,,,,,,,,,,,,,,,204,False,,,,State,,,,,,City,State,Region,Service,Contract Owner,Service Provider,Manager,Reporting Super,Reviewing Super,Tier 10,Tier 11,Tier 12,,0,True,,
421,Fairfield,California,West,Out of Scope,SMFM,Self-Service,None,None,None,None,None,None,True,6/24/2025 5:22:11 PM,4/28/2026 7:00:05 AM,"FedEx - Fairfield, CA 94534 Pallet",,5191 Fermi Dr,,Fairfield,CA,94534-1607,4,,1,2,,,True,False,1,False,,,1,,6,53,9,,,,,,,,,,True,True,True,True,True,,3,,,,,,,,,,,,,,,,4,False,,,,False,42,"Indstrl, Mnftng, Warehouse",CA - Janitorial Service,,Shannon Johnson,,FedEx Pallet,2,Crane West Opco LLC,,,FedEx,CA,,,CA,Yes,No,Standard,TeamTime,,,,,,,,,,,,,,,,,,,,,,,,,,,,,,,,,,,,,,,,,,,,,,,,,,,,,,,,,,,,,,,,,,,,,,,,,,,,,,,421,True,,,,State,,,,,,City,State,Region,Service,Contract Owner,Service Provider,Manager,Reporting Super,Reviewing Super,Tier 10,Tier 11,Tier 12,,0,True,,
42,Fairfield,California,West,Contract Janitorial,SMFM,Self-Service,None,None,None,None,None,None,True,4/24/2025 3:21:23 PM,4/22/2026 2:43:17 PM,"FedEx - Fairfield, CA 94534",,5191 Fermi Dr,,Fairfield,CA,94534-1607,4,,1,2,,,True,False,1,False,,,1,,6,53,8,,,,,,,,,,True,True,True,True,True,,3,,,,,,,,,,,,,,,,4,False,,,,False,,"Indstrl, Mnftng, Warehouse",CA - Janitorial Service,,Shannon Johnson,,Operations CA w/ M&R,2,Crane West Opco LLC,,,FedEx,CA,,,CA,Yes,No,Standard,TeamTime,,,,,,,,,,,,,,,,,,,,,,,,,,,,,,,,,,,,,,,,,,,,,,,,,,,,,,,,,,,,,,,,,,,,,,,,,,,,,,,42,True,,,,State,,,,,,City,State,Region,Service,Contract Owner,Service Provider,Manager,Reporting Super,Reviewing Super,Tier 10,Tier 11,Tier 12,,0,True,,
203,Daytona Beach,Florida,Southeast,Contract Janitorial,SMFM,Self-Service,Jeff Abbott,None,None,None,None,None,True,9/29/2025 7:26:05 PM,2/3/2026 3:34:29 PM,FedEx - EYWA,,3553 S Roosevelt Blvd,,Key West,FL,33040-5209,4,,1,1,,,False,False,1,True,,,1,,1,13,7,,,,,,,,,,True,True,False,True,True,,,,,,,,,,,,,,,,,,5,False,,,,False,,"Indstrl, Mnftng, Warehouse",FL - Operations,,Jeff Abbott,,Operations FedEx,1,Crane Integrated Facility Services Inc.,,,FedEx,FL,,,FL,No,No,Standard,eHub Mobile Timekeeping,,,,,,,,,,,,,,,,,,,,,,,,,,,,,,,,,,,,,,,,,,,,,,,,,,,,,,,,,,,,,,,,,,,,,,,,,,,,,,,203,False,,,,State,,,,,,City,State,Region,Service,Contract Owner,Service Provider,Manager,Reporting Super,Reviewing Super,Tier 10,Tier 11,Tier 12,,0,True,,
252,Lakeland,Florida,Southeast,Contract Janitorial,SMFM,Franchise Subcontractor,None,None,None,None,None,None,True,10/27/2025 7:46:28 AM,2/3/2026 3:42:15 PM,FedEx - ENTP,,231 N Kentucky Ave Ste 222,,Lakeland,FL,33801-4910,4,,1,1,,,False,False,1,True,,,1,,2,0,7,,,,,,,,,,True,True,False,True,True,,,5,,,,,,,,,,,,,,,5,False,,,,False,,"Indstrl, Mnftng, Warehouse",FL - Operations,,None,Semi-Monthly,Operations FedEx,1,Crane Integrated Facility Services Inc.,,,FedEx,FL,,,FL,No,No,Standard,Manual Timesheets,,,,,,,,,,,,,,,,,,,,,,,,,,,,,,,,,,,,,,,,,,,,,,,,,,,,,,,,,,,,,,,,,,,,,,,,,,,,,,,,False,,,,State,,,,,,City,State,Region,Service,Contract Owner,Service Provider,Manager,Reporting Super,Reviewing Super,Tier 10,Tier 11,Tier 12,,0,True,,
41,Durham,California,West,Contract Janitorial,SMFM,Self-Service,None,None,None,None,None,None,True,4/24/2025 3:21:23 PM,3/11/2026 4:13:45 PM,"FedEx - Durham, CA",,101 Book Farm Rd,,Durham,CA,95938-9521,4,,1,2,,,True,False,1,False,,,1,,6,49,8,,,,,,,,,,True,True,True,True,True,,3,,,,,,,,,,,,,,,,4,False,,,,False,,"Indstrl, Mnftng, Warehouse",CA - Janitorial Service,,Joselyn Mayoral Salas,,Operations CA w/ M&R,2,Crane West Opco LLC,,,FedEx,CA,,,CA,Yes,No,Standard,TeamTime,,,,,,,,,,,,,,,,,,,,,,,,,,,,,,,,,,,,,,,,,,,,,,,,,,,,,,,,,,,,,,,,,,,,,,,,,,,,,,,41,True,,,,State,,,,,,City,State,Region,Service,Contract Owner,Service Provider,Manager,Reporting Super,Reviewing Super,Tier 10,Tier 11,Tier 12,,0,True,,
283,Southfield,Michigan,Midwest,Contract Janitorial,SMFM,Franchise Subcontractor,Joemaine Spears,None,None,None,None,None,True,5/1/2026 1:00:08 PM,5/1/2026 1:01:48 PM,FedEx - DETA,,21600 Melrose Ave,,Southfield,MI,48075-7905,4,,1,5,,,False,False,1,True,,,1,,1,43,7,,,,,,,,,,True,True,False,True,True,,,5,,,,,,,,,,,,,,,9,False,,,,False,,"Indstrl, Mnftng, Warehouse",MI - Operations,,Joemaine Spears,Semi-Monthly,Operations FedEx,1,Crane Integrated Facility Services Inc.,,,FedEx,MI,,,MI,No,No,Standard,eHub Mobile Timekeeping,,,,,,,,,,,,,,,,,,,,,,,,,,,,,,,,,,,,,,,,,,,,,,,,,,,,,,,,,,,,,,,,,,,,,,,,,,,,,,,,False,,,,State,,,,,,City,State,Region,Service,Contract Owner,Service Provider,Manager,Reporting Super,Reviewing Super,Tier 10,Tier 11,Tier 12,,0,True,,
282,Novi,Michigan,Midwest,Contract Janitorial,SMFM,Franchise Subcontractor,Joemaine Spears,None,None,None,None,None,True,5/1/2026 12:55:36 PM,5/1/2026 12:59:06 PM,FedEx - DEOA,,41390 W 11 Mile Rd,,Novi,MI,48375-1905,4,,1,5,,,False,False,1,True,,,1,,1,43,7,,,,,,,,,,True,True,False,True,True,,,5,,,,,,,,,,,,,,,9,False,,,,False,,"Indstrl, Mnftng, Warehouse",MI - Operations,,Joemaine Spears,Semi-Monthly,Operations FedEx,1,Crane Integrated Facility Services Inc.,,,FedEx,MI,,,MI,No,No,Standard,eHub Mobile Timekeeping,,,,,,,,,,,,,,,,,,,,,,,,,,,,,,,,,,,,,,,,,,,,,,,,,,,,,,,,,,,,,,,,,,,,,,,,,,,,,,,,False,,,,State,,,,,,City,State,Region,Service,Contract Owner,Service Provider,Manager,Reporting Super,Reviewing Super,Tier 10,Tier 11,Tier 12,,0,True,,
202,Daytona Beach,Florida,Southeast,Contract Janitorial,SMFM,Self-Service,Jeff Abbott,None,None,None,None,None,True,9/29/2025 7:25:00 PM,5/14/2026 1:15:40 PM,FedEx - DABA,,833 Bill France Blvd,,Daytona Beach,FL,32117-5110,4,,1,1,,,False,False,1,True,,,1,,1,7,7,,,,,,,,,,True,True,False,True,True,,,,,,,,,,,,,,,,,,5,False,,,,False,,"Indstrl, Mnftng, Warehouse",FL - Operations,,Claudia Zanesky,,Operations FedEx,1,Crane Integrated Facility Services Inc.,,,FedEx,FL,,,FL,No,No,Standard,eHub Mobile Timekeeping,,,,,,,,,,,,,,,,,,,,,,,,,,,,,,,,,,,,,,,,,,,,,,,,,,,,,,,,,,,,,,,,,,,,,,,,,,,,,,,202,False,,,,State,,,,,,City,State,Region,Service,Contract Owner,Service Provider,Manager,Reporting Super,Reviewing Super,Tier 10,Tier 11,Tier 12,,0,True,,
257,Columbus,Georgia,Southeast,Contract Janitorial,SMFM,3rd Party Subcontractor,Joemaine Spears,None,None,None,None,None,True,2/4/2026 6:56:10 AM,2/4/2026 6:57:03 AM,FedEx - CSGA,,4470 Warm Springs Rd,,Columbus,GA,31909-5444,4,,1,3,,,False,False,1,True,,,1,,1,4,7,,,,,,,,,,True,True,False,True,True,,,5,,,,,,,,,,,,,,2/15/2026,6,False,,,,False,,"Indstrl, Mnftng, Warehouse",GA - Operations,,Brad Jester,Semi-Monthly,Operations FedEx,1,Crane Integrated Facility Services Inc.,,,FedEx,GA,,,GA,No,No,Standard,eHub Mobile Timekeeping,,,,,,,,,,,,,,,,,,,,,,,,,,,,,,,,,,,,,,,,,,,,,,,,,,,,,,,,,,,,,,,,,,,,,,,,,,,,,,,,False,,,,State,,,,,,City,State,Region,Service,Contract Owner,Service Provider,Manager,Reporting Super,Reviewing Super,Tier 10,Tier 11,Tier 12,,0,True,,
217,Cocoa,Florida,Southeast,Contract Janitorial,SMFM,3rd Party Subcontractor,None,None,None,None,None,None,True,10/9/2025 1:14:46 PM,2/3/2026 3:50:18 PM,FedEx - COIA,,2205 W King St,,Cocoa,FL,32926-5144,4,,1,1,,,False,False,1,True,,,1,,1,0,7,,,,,,,,,,True,True,False,True,True,,,,,,,,,,,,,,,,,,5,False,,,,False,,"Indstrl, Mnftng, Warehouse",FL - Operations,,None,,Operations FedEx,1,Crane Integrated Facility Services Inc.,,,FedEx,FL,,,FL,No,No,Standard,eHub Mobile Timekeeping,,,,,,,,,,,,,,,,,,,,,,,,,,,,,,,,,,,,,,,,,,,,,,,,,,,,,,,,,,,,,,,,,,,,,,,,,,,,,,,,False,,,,State,,,,,,City,State,Region,Service,Contract Owner,Service Provider,Manager,Reporting Super,Reviewing Super,Tier 10,Tier 11,Tier 12,,0,True,,
277,Charlotte,North Carolina,Southeast,Contract Janitorial,SMFM,Franchise Subcontractor,Joemaine Spears,None,None,None,None,None,True,3/26/2026 3:25:43 PM,3/26/2026 3:26:07 PM,FedEx - CLTRT,,4302 Yorkmont Rd,,Charlotte,NC,28208-7340,4,,1,3,,,False,False,1,True,,,1,,1,43,7,,,,,,,,,,True,True,False,True,True,,,5,,,,,,,,,,,,,,,6,False,,,,False,,"Indstrl, Mnftng, Warehouse",GA - Operations,,Joemaine Spears,Semi-Monthly,Operations FedEx,1,Crane Integrated Facility Services Inc.,,,FedEx,GA,,,NC,No,No,Standard,eHub Mobile Timekeeping,,,,,,,,,,,,,,,,,,,,,,,,,,,,,,,,,,,,,,,,,,,,,,,,,,,,,,,,,,,,,,,,,,,,,,,,,,,,,,,,False,,,,State,,,,,,City,State,Region,Service,Contract Owner,Service Provider,Manager,Reporting Super,Reviewing Super,Tier 10,Tier 11,Tier 12,,0,True,,
275,Charlotte,North Carolina,Southeast,Contract Janitorial,SMFM,Franchise Subcontractor,Joemaine Spears,None,None,None,None,None,True,3/26/2026 6:54:16 AM,3/26/2026 6:55:38 AM,FedEx - CLTR,,4200 Yorkmont Rd,,Charlotte,NC,28208-7339,4,,1,3,,,False,False,1,True,,,1,,1,43,7,,,,,,,,,,True,True,False,True,True,,,5,,,,,,,,,,,,,,,6,False,,,,False,,"Indstrl, Mnftng, Warehouse",GA - Operations,,Joemaine Spears,Semi-Monthly,Operations FedEx,1,Crane Integrated Facility Services Inc.,,,FedEx,GA,,,NC,No,No,Standard,eHub Mobile Timekeeping,,,,,,,,,,,,,,,,,,,,,,,,,,,,,,,,,,,,,,,,,,,,,,,,,,,,,,,,,,,,,,,,,,,,,,,,,,,,,,,,False,,,,State,,,,,,City,State,Region,Service,Contract Owner,Service Provider,Manager,Reporting Super,Reviewing Super,Tier 10,Tier 11,Tier 12,,0,True,,
401,City of Industry,California,West,Out of Scope,SMFM,Self-Service,None,None,None,None,None,None,True,6/24/2025 5:20:02 PM,12/17/2025 1:28:04 PM,"FedEx - City of Industry, CA Pallet",,21971 Industry Way,,City Of Industry,CA,91789-5218,4,,1,2,,,True,False,1,False,,,1,,6,44,9,,,,,,,,,,True,True,True,True,True,,3,,,,,,,,,,,,,,,,4,False,,,,False,40,"Indstrl, Mnftng, Warehouse",CA - Janitorial Service,,Carlos Bernal,,FedEx Pallet,2,Crane West Opco LLC,,,FedEx,CA,,,CA,Yes,No,Standard,TeamTime,,,,,,,,,,,,,,,,,,,,,,,,,,,,,,,,,,,,,,,,,,,,,,,,,,,,,,,,,,,,,,,,,,,,,,,,,,,,,,,401,True,,,,State,,,,,,City,State,Region,Service,Contract Owner,Service Provider,Manager,Reporting Super,Reviewing Super,Tier 10,Tier 11,Tier 12,,0,True,,
40,City of Industry,California,West,Contract Janitorial,SMFM,Self-Service,None,None,None,None,None,None,True,4/24/2025 3:21:23 PM,4/27/2026 8:01:19 AM,"FedEx - City of Industry, CA",,21971 Industry Way,,City Of Industry,CA,91789-5218,4,,1,2,,,True,False,1,False,,,1,,6,55,8,,,,,,,,,,True,True,True,True,True,,3,,,,,,,,,,,,,,,,4,False,,,,False,,"Indstrl, Mnftng, Warehouse",CA - Janitorial Service,,Viridiana Cervantes,,Operations CA w/ M&R,2,Crane West Opco LLC,,,FedEx,CA,,,CA,Yes,No,Standard,TeamTime,,,,,,,,,,,,,,,,,,,,,,,,,,,,,,,,,,,,,,,,,,,,,,,,,,,,,,,,,,,,,,,,,,,,,,,,,,,,,,,40,True,,,,State,,,,,,City,State,Region,Service,Contract Owner,Service Provider,Manager,Reporting Super,Reviewing Super,Tier 10,Tier 11,Tier 12,,0,True,,
281,Cadillac,Michigan,Midwest,Contract Janitorial,SMFM,Franchise Subcontractor,Joemaine Spears,None,None,None,None,None,True,5/1/2026 12:53:48 PM,5/1/2026 12:54:45 PM,FedEx - CADA,,1555 Hanthorn St Famis,,Cadillac,MI,49601,4,,1,5,,,False,False,1,True,,,1,,1,43,7,,,,,,,,,,True,True,False,True,True,,,5,,,,,,,,,,,,,,,9,False,,,,False,,"Indstrl, Mnftng, Warehouse",MI - Operations,,Joemaine Spears,Semi-Monthly,Operations FedEx,1,Crane Integrated Facility Services Inc.,,,FedEx,MI,,,MI,No,No,Standard,eHub Mobile Timekeeping,,,,,,,,,,,,,,,,,,,,,,,,,,,,,,,,,,,,,,,,,,,,,,,,,,,,,,,,,,,,,,,,,,,,,,,,,,,,,,,,False,,,,State,,,,,,City,State,Region,Service,Contract Owner,Service Provider,Manager,Reporting Super,Reviewing Super,Tier 10,Tier 11,Tier 12,,0,True,,
216,Bradenton,Florida,Southeast,Contract Janitorial,SMFM,3rd Party Subcontractor,None,None,None,None,None,None,True,10/9/2025 1:03:32 PM,2/3/2026 3:50:30 PM,FedEx - BOWA,,4605 18th St E,,Bradenton,FL,34203-3786,4,,1,1,,,False,False,1,True,,,1,,1,0,7,,,,,,,,,,True,True,False,True,True,,,,,,,,,,,,,,,,,,5,False,,,,False,,"Indstrl, Mnftng, Warehouse",FL - Operations,,None,,Operations FedEx,1,Crane Integrated Facility Services Inc.,,,FedEx,FL,,,FL,No,No,Standard,eHub Mobile Timekeeping,,,,,,,,,,,,,,,,,,,,,,,,,,,,,,,,,,,,,,,,,,,,,,,,,,,,,,,,,,,,,,,,,,,,,,,,,,,,,,,,False,,,,State,,,,,,City,State,Region,Service,Contract Owner,Service Provider,Manager,Reporting Super,Reviewing Super,Tier 10,Tier 11,Tier 12,,0,True,,
391,Bloomington,California,West,Out of Scope,SMFM,Self-Service,None,None,None,None,None,None,True,6/24/2025 5:17:35 PM,3/23/2026 11:40:18 AM,"FedEx - Bloomington, CA Pallet",,11600 S Cactus Ave,,Bloomington,CA,92316,4,,1,2,,,True,False,1,False,,,1,,6,44,9,,,,,,,,,,True,True,True,True,True,,3,,,,,,,,,,,,,,,,4,False,,,,False,39,"Indstrl, Mnftng, Warehouse",CA - Janitorial Service,,Carlos Bernal,,FedEx Pallet,2,Crane West Opco LLC,,,FedEx,CA,,,CA,Yes,No,Standard,TeamTime,,,,,,,,,,,,,,,,,,,,,,,,,,,,,,,,,,,,,,,,,,,,,,,,,,,,,,,,,,,,,,,,,,,,,,,,,,,,,,,391,True,,,,State,,,,,,City,State,Region,Service,Contract Owner,Service Provider,Manager,Reporting Super,Reviewing Super,Tier 10,Tier 11,Tier 12,,0,True,,
39,Bloomington,California,West,Contract Janitorial,SMFM,Self-Service,None,None,None,None,None,None,True,4/24/2025 3:21:23 PM,12/17/2025 1:27:34 PM,"FedEx - Bloomington, CA",,11600 S Cactus Ave,,Bloomington,CA,92316,4,,1,2,,,True,False,1,False,,,1,,6,44,8,,,,,,,,,,True,True,True,True,True,,3,,,,,,,,,,,,,,,,4,False,,,,False,,"Indstrl, Mnftng, Warehouse",CA - Janitorial Service,,Carlos Bernal,,Operations CA w/ M&R,2,Crane West Opco LLC,,,FedEx,CA,,,CA,Yes,No,Standard,TeamTime,,,,,,,,,,,,,,,,,,,,,,,,,,,,,,,,,,,,,,,,,,,,,,,,,,,,,,,,,,,,,,,,,,,,,,,,,,,,,,,39,True,,,,State,,,,,,City,State,Region,Service,Contract Owner,Service Provider,Manager,Reporting Super,Reviewing Super,Tier 10,Tier 11,Tier 12,,0,True,,
251,Gulfport,Mississippi,Southeast,Contract Janitorial,SMFM,Franchise Subcontractor,None,None,None,None,None,None,True,10/27/2025 7:44:24 AM,2/3/2026 3:42:25 PM,FedEx - BIXA,,10440 Express Dr,,Gulfport,MS,39503-4612,4,,1,14,,,False,False,1,True,,,1,,1,0,7,,,,,,,,,,True,True,False,True,True,,,5,,,,,,,,,,,,,,,22,False,,,,False,,"Indstrl, Mnftng, Warehouse",Subcontracted,,None,Semi-Monthly,Operations FedEx,1,Crane Integrated Facility Services Inc.,,,FedEx,MS,,,MS,No,No,Standard,eHub Mobile Timekeeping,,,,,,,,,,,,,,,,,,,,,,,,,,,,,,,,,,,,,,,,,,,,,,,,,,,,,,,,,,,,,,,,,,,,,,,,,,,,,,,,False,,,,State,,,,,,City,State,Region,Service,Contract Owner,Service Provider,Manager,Reporting Super,Reviewing Super,Tier 10,Tier 11,Tier 12,,0,True,,
244,Birmingham,Alabama,Southeast,Contract Janitorial,SMFM,3rd Party Subcontractor,None,None,None,None,None,None,True,10/9/2025 3:09:15 PM,2/3/2026 3:43:43 PM,FedEx - BHMRT,,4300 Coalburg Rd,,Birmingham,AL,35207-1641,4,,1,3,,,False,False,1,True,,,1,,1,0,7,,,,,,,,,,True,True,False,True,True,,,,,,,,,,,,,,,,,,6,False,,,,False,,"Indstrl, Mnftng, Warehouse",GA - Operations,,None,,Operations FedEx,1,Crane Integrated Facility Services Inc.,,,FedEx,GA,,,AL,No,No,Standard,eHub Mobile Timekeeping,,,,,,,,,,,,,,,,,,,,,,,,,,,,,,,,,,,,,,,,,,,,,,,,,,,,,,,,,,,,,,,,,,,,,,,,,,,,,,,,False,,,,State,,,,,,City,State,Region,Service,Contract Owner,Service Provider,Manager,Reporting Super,Reviewing Super,Tier 10,Tier 11,Tier 12,,0,True,,
243,Birmingham,Alabama,Southeast,Contract Janitorial,SMFM,3rd Party Subcontractor,None,None,None,None,None,None,True,10/9/2025 3:06:06 PM,2/3/2026 3:44:07 PM,FedEx - BHMR,,1710 40th Street North,,Birmingham,AL,35217,4,,1,3,,,False,False,1,True,,,1,,1,0,7,,,,,,,,,,True,True,False,True,True,,,,,,,,,,,,,,,,,,6,False,,,,False,,"Indstrl, Mnftng, Warehouse",GA - Operations,,None,,Operations FedEx,1,Crane Integrated Facility Services Inc.,,,FedEx,GA,,,AL,No,No,Standard,eHub Mobile Timekeeping,,,,,,,,,,,,,,,,,,,,,,,,,,,,,,,,,,,,,,,,,,,,,,,,,,,,,,,,,,,,,,,,,,,,,,,,,,,,,,,,False,,,,State,,,,,,City,State,Region,Service,Contract Owner,Service Provider,Manager,Reporting Super,Reviewing Super,Tier 10,Tier 11,Tier 12,,0,True,,
237,Huntington,Indiana,Midwest,Contract Janitorial,SMFM,3rd Party Subcontractor,None,None,None,None,None,None,True,10/9/2025 2:31:32 PM,2/3/2026 3:46:53 PM,FedEx - BFRA,,100 Phoenix Dr,,Huntingburg,IN,47542-9198,4,,1,13,,,False,False,1,True,,,1,,1,0,7,,,,,,,,,,True,True,False,True,True,,,,,,,,,,,,,,,,,,19,False,,,,False,,"Indstrl, Mnftng, Warehouse",IN - Operations,,None,,Operations FedEx,1,Crane Integrated Facility Services Inc.,,,FedEx,IN,,,IN,No,No,Standard,eHub Mobile Timekeeping,,,,,,,,,,,,,,,,,,,,,,,,,,,,,,,,,,,,,,,,,,,,,,,,,,,,,,,,,,,,,,,,,,,,,,,,,,,,,,,,False,,,,State,,,,,,City,State,Region,Service,Contract Owner,Service Provider,Manager,Reporting Super,Reviewing Super,Tier 10,Tier 11,Tier 12,,0,True,,
201,Boca Raton,Florida,Southeast,Contract Janitorial,SMFM,Self-Service,Jeff Abbott,None,None,None,None,None,True,9/29/2025 7:22:32 PM,4/28/2026 8:26:09 AM,FedEx - BCTA,,1101 Clint Moore Rd,,Boca Raton,FL,33487-2720,4,,1,1,,,False,False,1,True,,,1,,1,58,7,,,,,,,,,,True,True,False,True,True,,,,,,,,,,,,,,,,,,5,False,,,,False,,"Indstrl, Mnftng, Warehouse",FL - Operations,,Yisel Chills Melendez,,Operations FedEx,1,Crane Integrated Facility Services Inc.,,,FedEx,FL,,,FL,No,No,Standard,eHub Mobile Timekeeping,,,,,,,,,,,,,,,,,,,,,,,,,,,,,,,,,,,,,,,,,,,,,,,,,,,,,,,,,,,,,,,,,,,,,,,,,,,,,,,201,False,,,,State,,,,,,City,State,Region,Service,Contract Owner,Service Provider,Manager,Reporting Super,Reviewing Super,Tier 10,Tier 11,Tier 12,,0,True,,
38,Baltimore,Maryland,Northeast,Out of Scope,SMFM,Self-Service,None,None,None,None,None,None,True,4/24/2025 3:21:23 PM,4/28/2026 7:46:15 AM,FedEx - Baltimore - Cargo Bldg,,1009 Air Cargo Drive,,Baltimore,MD,21240,4,,1,4,,,True,False,1,True,,,1,,6,30,1,8.0000,16.0000,0.5000,,,,,,,True,True,True,True,True,,43,,,,,,,,,,,,,,,,7,False,,,,False,,"Indstrl, Mnftng, Warehouse",MD - Operations,,Victoria Hernandez,,Operations,1,Crane Integrated Facility Services Inc.,,,FedEx,MD,,,MD,Yes,No,Standard,TeamTime,,,,,,,,,,,,,,,,,,,,,,,,,,,,,,,,,,,,,,,,,,,,,,,,,,,,,,,,,,,,,,,,,,,,,,,,,,,,,,,38,True,,,,State,,,,,,City,State,Region,Service,Contract Owner,Service Provider,Manager,Reporting Super,Reviewing Super,Tier 10,Tier 11,Tier 12,,0,True,,
280,Portage,Michigan,Midwest,Contract Janitorial,SMFM,Franchise Subcontractor,Joemaine Spears,None,None,None,None,None,True,5/1/2026 12:31:21 PM,5/1/2026 12:49:37 PM,FedEx - AZOA,,6180 Corporate Ave,,Portage,MI,49002-9392,4,,1,5,,,False,False,1,True,,,1,,1,43,7,,,,,,,,,,True,True,False,True,True,,,5,,,,,,,,,,,,,,,9,False,,,,False,,"Indstrl, Mnftng, Warehouse",MI - Operations,,Joemaine Spears,Semi-Monthly,Operations FedEx,1,Crane Integrated Facility Services Inc.,,,FedEx,MI,,,MI,No,No,Standard,eHub Mobile Timekeeping,,,,,,,,,,,,,,,,,,,,,,,,,,,,,,,,,,,,,,,,,,,,,,,,,,,,,,,,,,,,,,,,,,,,,,,,,,,,,,,,False,,,,State,,,,,,City,State,Region,Service,Contract Owner,Service Provider,Manager,Reporting Super,Reviewing Super,Tier 10,Tier 11,Tier 12,,0,True,,
200,Miami,Florida,Southeast,Contract Janitorial,SMFM,Self-Service,Jeff Abbott,None,None,None,None,None,True,9/29/2025 7:12:44 PM,4/28/2026 8:26:51 AM,FedEx - ATUA,,10000 NW 21st St,,Miami,FL,33172-2539,4,,1,1,,,False,False,1,True,,,1,,1,58,7,,,,,,,,,,True,True,False,True,True,,,,,,,,,,,,,,,,,,5,False,,,,False,,"Indstrl, Mnftng, Warehouse",FL - Operations,,Yisel Chills Melendez,,Operations FedEx,1,Crane Integrated Facility Services Inc.,,,FedEx,FL,,,FL,No,No,Standard,eHub Mobile Timekeeping,,,,,,,,,,,,,,,,,,,,,,,,,,,,,,,,,,,,,,,,,,,,,,,,,,,,,,,,,,,,,,,,,,,,,,,,,,,,,,,200,False,,,,State,,,,,,City,State,Region,Service,Contract Owner,Service Provider,Manager,Reporting Super,Reviewing Super,Tier 10,Tier 11,Tier 12,,0,True,,
37,Atlanta,Georgia,Southeast,Contract Janitorial,SMFM,Self-Service,None,None,None,None,None,None,True,4/24/2025 3:21:23 PM,11/11/2025 3:26:06 PM,FedEx - Atlanta Ramp,,3600 N Inner Loop Rd,,Atlanta,GA,30354-1995,4,,1,3,,,True,False,1,False,,,1,,6,28,1,8.0000,16.0000,0.5000,,,,,,,True,True,True,True,True,,8,,,,,,,,,,,,,,,,6,False,,,,False,,"Indstrl, Mnftng, Warehouse",GA - Operations,,Tiffany Williams,,Operations,1,Crane Integrated Facility Services Inc.,,,FedEx,GA,,,GA,Yes,No,Standard,TeamTime,,,,,,,,,,,,,,,,,,,,,,,,,,,,,,,,,,,,,,,,,,,,,,,,,,,,,,,,,,,,,,,,,,,,,,,,,,,,,,,37,True,,,,State,,,,,,City,State,Region,Service,Contract Owner,Service Provider,Manager,Reporting Super,Reviewing Super,Tier 10,Tier 11,Tier 12,,0,True,,
36,Atlanta,Georgia,Southeast,Contract Janitorial,SMFM,Self-Service,None,None,None,None,None,None,True,4/24/2025 3:21:23 PM,11/11/2025 3:26:01 PM,FedEx - Atlanta - Int'l Pkwy,,4400 International Pkwy,,Atlanta,GA,30354-3907,4,,1,3,,,True,False,1,False,,,1,,6,26,1,8.0000,16.0000,0.5000,,,,,,,True,True,True,True,True,,8,,,,,,,,,,,,,,,,6,False,,,,False,,"Indstrl, Mnftng, Warehouse",GA - Operations,,Silvestre Perez,,Operations,1,Crane Integrated Facility Services Inc.,,,FedEx,GA,,,GA,Yes,No,Standard,TeamTime,,,,,,,,,,,,,,,,,,,,,,,,,,,,,,,,,,,,,,,,,,,,,,,,,,,,,,,,,,,,,,,,,,,,,,,,,,,,,,,36,True,,,,State,,,,,,City,State,Region,Service,Contract Owner,Service Provider,Manager,Reporting Super,Reviewing Super,Tier 10,Tier 11,Tier 12,,0,True,,
351,Arcadia,California,West,Out of Scope,SMFM,Self-Service,None,None,None,None,None,None,True,6/24/2025 5:14:56 PM,12/17/2025 1:27:19 PM,"FedEx - Arcadia, CA Pallet",,12369 Lower Azusa Rd,,Arcadia,CA,91006-5889,4,,1,2,,,True,False,1,False,,,1,,6,44,9,,,,,,,,,,True,True,True,True,True,,3,,,,,,,,,,,,,,,,4,False,,,,False,35,"Indstrl, Mnftng, Warehouse",CA - Janitorial Service,,Carlos Bernal,,FedEx Pallet,2,Crane West Opco LLC,,,FedEx,CA,,,CA,Yes,No,Standard,TeamTime,,,,,,,,,,,,,,,,,,,,,,,,,,,,,,,,,,,,,,,,,,,,,,,,,,,,,,,,,,,,,,,,,,,,,,,,,,,,,,,351,True,,,,State,,,,,,City,State,Region,Service,Contract Owner,Service Provider,Manager,Reporting Super,Reviewing Super,Tier 10,Tier 11,Tier 12,,0,True,,
35,Arcadia,California,West,Contract Janitorial,SMFM,Self-Service,Gabriel Vasquez,None,None,None,None,None,True,4/24/2025 3:21:23 PM,4/27/2026 8:00:51 AM,"FedEx - Arcadia, CA",,12369 Lower Azusa Rd,,Arcadia,CA,91006-5889,4,,1,2,,,True,False,1,False,,,1,,6,55,8,,,,,,,,,,True,True,True,True,True,,3,,,,,,,,,,,,,,,,4,False,,,,False,,"Indstrl, Mnftng, Warehouse",CA - Janitorial Service,,Viridiana Cervantes,,Operations CA w/ M&R,2,Crane West Opco LLC,,,FedEx,CA,,,CA,Yes,No,Standard,TeamTime,,,,,,,,,,,,,,,,,,,,,,,,,,,,,,,,,,,,,,,,,,,,,,,,,,,,,,,,,,,,,,,,,,,,,,,,,,,,,,,35,True,,,,State,,,,,,City,State,Region,Service,Contract Owner,Service Provider,Manager,Reporting Super,Reviewing Super,Tier 10,Tier 11,Tier 12,,0,True,,
279,Ann Arbor,Michigan,Midwest,Contract Janitorial,SMFM,Franchise Subcontractor,Joemaine Spears,None,None,None,None,None,True,5/1/2026 12:26:48 PM,5/1/2026 12:28:09 PM,FedEx - ARBA,,4556 Concourse Dr,,Ann Arbor,MI,48108-9630,4,,1,5,,,False,False,1,True,,,1,,1,43,7,,,,,,,,,,True,True,False,True,True,,,5,,,,,,,,,,,,,,,9,False,,,,False,,"Indstrl, Mnftng, Warehouse",MI - Operations,,Joemaine Spears,Semi-Monthly,Operations FedEx,1,Crane Integrated Facility Services Inc.,,,FedEx,MI,,,MI,No,No,Standard,eHub Mobile Timekeeping,,,,,,,,,,,,,,,,,,,,,,,,,,,,,,,,,,,,,,,,,,,,,,,,,,,,,,,,,,,,,,,,,,,,,,,,,,,,,,,,False,,,,State,,,,,,City,State,Region,Service,Contract Owner,Service Provider,Manager,Reporting Super,Reviewing Super,Tier 10,Tier 11,Tier 12,,0,True,,
278,Alpena,Michigan,Midwest,Contract Janitorial,SMFM,Franchise Subcontractor,Joemaine Spears,None,None,None,None,None,True,5/1/2026 12:12:03 PM,5/1/2026 12:14:35 PM,FedEx - APNA,,2070 M 32 W,,Alpena,MI,49707-8110,4,,1,5,,,False,False,1,True,,,1,,1,43,7,,,,,,,,,,True,True,False,True,True,,,5,,,,,,,,,,,,,,,9,False,,,,False,,"Indstrl, Mnftng, Warehouse",MI - Operations,,Joemaine Spears,Semi-Monthly,Operations FedEx,1,Crane Integrated Facility Services Inc.,,,FedEx,MI,,,MI,No,No,Standard,eHub Mobile Timekeeping,,,,,,,,,,,,,,,,,,,,,,,,,,,,,,,,,,,,,,,,,,,,,,,,,,,,,,,,,,,,,,,,,,,,,,,,,,,,,,,,False,,,,State,,,,,,City,State,Region,Service,Contract Owner,Service Provider,Manager,Reporting Super,Reviewing Super,Tier 10,Tier 11,Tier 12,,0,True,,
256,Albany,Georgia,Southeast,Contract Janitorial,SMFM,3rd Party Subcontractor,Joemaine Spears,None,None,None,None,None,True,2/3/2026 3:55:09 PM,2/3/2026 3:59:00 PM,FedEx - ABYA,,2501 W Gordon Ave,,Albany,GA,31707-0610,4,,1,3,,,False,False,1,True,,,1,,1,4,7,,,,,,,,,,True,True,False,True,True,,,5,,,,,,,,,,,,,,2/15/2026,6,False,,,,False,,"Indstrl, Mnftng, Warehouse",GA - Operations,,Brad Jester,Semi-Monthly,Operations FedEx,1,Crane Integrated Facility Services Inc.,,,FedEx,GA,,,GA,No,No,Standard,eHub Mobile Timekeeping,,,,,,,,,,,,,,,,,,,,,,,,,,,,,,,,,,,,,,,,,,,,,,,,,,,,,,,,,,,,,,,,,,,,,,,,,,,,,,,,False,,,,State,,,,,,City,State,Region,Service,Contract Owner,Service Provider,Manager,Reporting Super,Reviewing Super,Tier 10,Tier 11,Tier 12,,0,True,,
139,Ridgewood,New York,Northeast,Out of Scope,SMFM,Franchise Subcontractor,None,None,None,None,None,None,True,6/24/2025 7:19:50 AM,11/11/2025 3:25:08 PM,"FedEx - 3123 Ridgewood, NY",,46-81 Metropolitan Avenue,,Ridgewood,NY,11385,4,,1,3,,,False,False,1,True,,,1,,6,0,1,,,,,,,,,,True,True,False,True,True,,,5,,,,,,,,,,,,,,,20,False,,,,False,,"Indstrl, Mnftng, Warehouse",NY - Operations,,None,Semi-Monthly,Operations,1,Crane Integrated Facility Services Inc.,,,FedEx,GA,,,NY,No,No,Standard,TeamTime,,,,,,,,,,,,,,,,,,,,,,,,,,,,,,,,,,,,,,,,,,,,,,,,,,,,,,,,,,,,,,,,,,,,,,,,,,,,,,,,False,,,,State,,,,,,City,State,Region,Service,Contract Owner,Service Provider,Manager,Reporting Super,Reviewing Super,Tier 10,Tier 11,Tier 12,,0,True,,
138,Bethpage,New York,Northeast,Out of Scope,SMFM,Franchise Subcontractor,None,None,None,None,None,None,True,6/24/2025 7:17:58 AM,11/11/2025 3:24:52 PM,"FedEx - 3117 Bethpage, NY",,700 Hicksville Road,,Bethpage,NY,11714,4,,1,3,,,False,False,1,True,,,1,,6,0,1,,,,,,,,,,True,True,False,True,True,,,5,,,,,,,,,,,,,,,20,False,,,,False,,"Indstrl, Mnftng, Warehouse",NY - Operations,,None,Semi-Monthly,Operations,1,Crane Integrated Facility Services Inc.,,,FedEx,GA,,,NY,No,No,Standard,TeamTime,,,,,,,,,,,,,,,,,,,,,,,,,,,,,,,,,,,,,,,,,,,,,,,,,,,,,,,,,,,,,,,,,,,,,,,,,,,,,,,,False,,,,State,,,,,,City,State,Region,Service,Contract Owner,Service Provider,Manager,Reporting Super,Reviewing Super,Tier 10,Tier 11,Tier 12,,0,True,,
135,Brooklyn,New York,Northeast,Out of Scope,SMFM,Franchise Subcontractor,None,None,None,None,None,None,True,6/24/2025 7:14:47 AM,11/11/2025 3:24:46 PM,"FedEx - 3112 Brooklyn, NY",,830 Fountain Ave,,Brooklyn,NY,11239-5908,4,,1,3,,,False,False,1,True,,,1,,6,0,1,,,,,,,,,,True,True,False,True,True,,,5,,,,,,,,,,,,,,,20,False,,,,False,,"Indstrl, Mnftng, Warehouse",NY - Operations,,None,Semi-Monthly,Operations,1,Crane Integrated Facility Services Inc.,,,FedEx,GA,,,NY,No,No,Standard,TeamTime,,,,,,,,,,,,,,,,,,,,,,,,,,,,,,,,,,,,,,,,,,,,,,,,,,,,,,,,,,,,,,,,,,,,,,,,,,,,,,,,False,,,,State,,,,,,City,State,Region,Service,Contract Owner,Service Provider,Manager,Reporting Super,Reviewing Super,Tier 10,Tier 11,Tier 12,,0,True,,
291,Whitsett,North Carolina,Southeast,Contract Janitorial,SMFM,Franchise Subcontractor,Joemaine Spears,None,None,None,None,None,True,4/15/2026 8:53:54 AM,,FedEx - 272 Whitsett,,6538 Judge Adams Rd,,Whitsett,NC,27377-9718,4,,1,3,,,False,False,1,True,,,1,,1,0,7,,,,,,,,,,True,True,False,True,True,,,,,,,,,,,,,,,,,,6,False,,,,False,,"Indstrl, Mnftng, Warehouse",GA - Operations,,None,,Operations FedEx,1,Crane Integrated Facility Services Inc.,,,FedEx,GA,,,NC,No,No,Standard,eHub Mobile Timekeeping,,,,,,,,,,,,,,,,,,,,,,,,,,,,,,,,,,,,,,,,,,,,,,,,,,,,,,,,,,,,,,,,,,,,,,,,,,,,,,,,False,,,,State,,,,,,City,State,Region,Service,Contract Owner,Service Provider,Manager,Reporting Super,Reviewing Super,Tier 10,Tier 11,Tier 12,,0,True,,
137,Bethpage,New York,Northeast,Contract Janitorial,SMFM,Franchise Subcontractor,None,None,None,None,None,None,True,6/24/2025 7:17:00 AM,11/11/2025 3:24:37 PM,"FedEx - 116 Bethpage, NY",,1 Aerospace Blvd,,Bethpage,NY,11714-1046,4,,1,3,,,False,False,1,True,,,1,,6,0,1,,,,,,,,,,True,True,False,True,True,,,5,,,,,,,,,,,,,,,20,False,,,,False,,"Indstrl, Mnftng, Warehouse",NY - Operations,,None,Semi-Monthly,Operations,1,Crane Integrated Facility Services Inc.,,,FedEx,GA,,,NY,No,No,Standard,TeamTime,,,,,,,,,,,,,,,,,,,,,,,,,,,,,,,,,,,,,,,,,,,,,,,,,,,,,,,,,,,,,,,,,,,,,,,,,,,,,,,,False,,,,State,,,,,,City,State,Region,Service,Contract Owner,Service Provider,Manager,Reporting Super,Reviewing Super,Tier 10,Tier 11,Tier 12,,0,True,,
136,Maspeth,New York,Northeast,Out of Scope,SMFM,Franchise Subcontractor,None,None,None,None,None,None,True,6/24/2025 7:15:56 AM,11/11/2025 2:19:52 PM,"FedEx - 103 Maspeth, NY",,4606 57th Ave,,Maspeth,NY,11378-2026,4,,1,3,,,False,False,1,True,,,1,,6,0,1,,,,,,,,,,True,True,False,True,True,,,5,,,,,,,,,,,,,,,20,False,,,,False,,"Indstrl, Mnftng, Warehouse",NY - Operations,,None,Semi-Monthly,Operations,1,Crane Integrated Facility Services Inc.,,,FedEx,GA,,,NY,No,No,Standard,TeamTime,,,,,,,,,,,,,,,,,,,,,,,,,,,,,,,,,,,,,,,,,,,,,,,,,,,,,,,,,,,,,,,,,,,,,,,,,,,,,,,,False,,,,State,,,,,,City,State,Region,Service,Contract Owner,Service Provider,Manager,Reporting Super,Reviewing Super,Tier 10,Tier 11,Tier 12,,0,True,,
134,Brooklyn,New York,Northeast,Out of Scope,SMFM,Franchise Subcontractor,None,None,None,None,None,None,True,6/24/2025 7:13:57 AM,11/11/2025 2:19:42 PM,"FedEx - 100 Brooklyn, NY",,300 Maspeth Ave,,Brooklyn,NY,11211-1704,4,,1,3,,,False,False,1,True,,,1,,6,0,1,,,,,,,,,,True,True,False,True,True,,,5,,,,,,,,,,,,,,,20,False,,,,False,,"Indstrl, Mnftng, Warehouse",NY - Operations,,None,Semi-Monthly,Operations,1,Crane Integrated Facility Services Inc.,,,FedEx,GA,,,NY,No,No,Standard,TeamTime,,,,,,,,,,,,,,,,,,,,,,,,,,,,,,,,,,,,,,,,,,,,,,,,,,,,,,,,,,,,,,,,,,,,,,,,,,,,,,,,False,,,,State,,,,,,City,State,Region,Service,Contract Owner,Service Provider,Manager,Reporting Super,Reviewing Super,Tier 10,Tier 11,Tier 12,,0,True,,
33,Norcross,Georgia,Southeast,Contract Janitorial,House Account,Self-Service,None,None,None,None,None,None,True,4/24/2025 3:21:23 PM,12/16/2025 3:49:44 PM,Eric Young CPA,,5555 Oakbrook Pkwy Ste 345,,Norcross,GA,30093-2267,5,,1,3,,,True,False,1,False,,,1,,6,26,1,,,,,,,,,,True,True,True,True,True,,8,,,,,,,,,,,,,,,,6,False,,,,False,,Internal Department,GA - Operations,,Silvestre Perez,,Operations,1,Crane Integrated Facility Services Inc.,,,Main,GA,,,GA,Yes,No,Standard,TeamTime,,,,,,,,,,,,,,,,,,,,,,,,,,,,,,,,,,,,,,,,,,,,,,,,,,,,,,,,,,,,,,,,,,,,,,,,,,,,,,,33,True,,,,State,,,,,,City,State,Region,Service,Contract Owner,Service Provider,Manager,Reporting Super,Reviewing Super,Tier 10,Tier 11,Tier 12,11/30/2025,0,True,,
32,Duluth,Georgia,Southeast,Contract Janitorial,House Account,Self-Service,None,None,None,None,None,None,True,4/24/2025 3:21:23 PM,5/28/2025 12:48:46 PM,"EFI Global, Inc.",,2150 Northmont Pkwy Ste F,,Duluth,GA,30096-5835,5,,1,3,,,True,False,1,False,,,1,,6,26,1,,,,,,,,,,True,True,True,True,True,,8,,,,,,,,,,,,,,,,6,False,,,,False,,Internal Department,GA - Operations,,Silvestre Perez,,Operations,1,Crane Integrated Facility Services Inc.,,,Main,GA,,,GA,Yes,No,Standard,TeamTime,,,,,,,,,,,,,,,,,,,,,,,,,,,,,,,,,,,,,,,,,,,,,,,,,,,,,,,,,,,,,,,,,,,,,,,,,,,,,,,32,True,,,,State,,,,,,City,State,Region,Service,Contract Owner,Service Provider,Manager,Reporting Super,Reviewing Super,Tier 10,Tier 11,Tier 12,,0,True,,
145,Miami,Florida,Southeast,Contract Janitorial,Crane,Self-Service,None,None,None,None,None,None,False,6/26/2025 9:06:51 AM,1/27/2026 3:20:06 PM,Eataly - Aventura,,19501 Biscayne Blvd,,Miami,FL,33180,7,,1,1,,,False,False,1,True,7/31/2025,2,1,,6,13,1,,,,,,,,,,True,True,False,True,True,,,5,,,,,,,,,,,,,,,5,False,,,,False,,Other,FL - Operations,Contract Breach,Jeff Abbott,Semi-Monthly,Operations,1,Crane Integrated Facility Services Inc.,,,Main,FL,,,FL,No,No,Standard,TeamTime,,,,,,,,,,,,,,,,,,,,,,,,,,,,,,,,,,,,,,,,,,,,,,,,,,,,,,,,,,,,,,,,,,,,,,,,,,,,,,,145,False,,,,State,,,,,,City,State,Region,Service,Contract Owner,Service Provider,Manager,Reporting Super,Reviewing Super,Tier 10,Tier 11,Tier 12,7/31/2025,0,True,,
31,Dunwoody,Georgia,Southeast,Contract Janitorial,House Account,Self-Service,None,None,None,None,None,None,True,4/24/2025 3:21:23 PM,12/9/2025 1:10:03 PM,Dunwoody Preservation Trust,,4831 Chamblee Dunwoody Rd,,Dunwoody,GA,30338-5666,5,,1,3,,,True,False,1,False,,,1,,6,26,1,,,,,,,,,,True,True,True,True,True,,8,,,,,,,,,,,,,,,,6,False,,,,False,,Internal Department,GA - Operations,,Silvestre Perez,,Operations,1,Crane Integrated Facility Services Inc.,,,Main,GA,,,GA,Yes,No,Standard,TeamTime,,,,,,,,,,,,,,,,,,,,,,,,,,,,,,,,,,,,,,,,,,,,,,,,,,,,,,,,,,,,,,,,,,,,,,,,,,,,,,,31,True,,,,State,,,,,,City,State,Region,Service,Contract Owner,Service Provider,Manager,Reporting Super,Reviewing Super,Tier 10,Tier 11,Tier 12,11/30/2025,0,True,,
30,Dunwoody,Georgia,Southeast,Contract Janitorial,House Account,Self-Service,None,None,None,None,None,None,True,4/24/2025 3:21:23 PM,12/16/2025 3:29:20 PM,Dunwoody Nature Center,,5343 Roberts Dr,,Dunwoody,GA,30338-3834,5,,1,3,,,True,False,1,False,,,1,,6,26,1,,,,,,,,,,True,True,True,True,True,,8,,,,,,,,,,,,,,,,6,False,,,,False,,Internal Department,GA - Operations,,Silvestre Perez,,Operations,1,Crane Integrated Facility Services Inc.,,,Main,GA,,,GA,Yes,No,Standard,TeamTime,,,,,,,,,,,,,,,,,,,,,,,,,,,,,,,,,,,,,,,,,,,,,,,,,,,,,,,,,,,,,,,,,,,,,,,,,,,,,,,30,True,,,,State,,,,,,City,State,Region,Service,Contract Owner,Service Provider,Manager,Reporting Super,Reviewing Super,Tier 10,Tier 11,Tier 12,12/31/2025,0,True,,
151,Duluth,Georgia,Southeast,Janitorial Project,Crane,Self-Service,None,None,None,None,None,None,True,8/30/2025 10:42:27 AM,,Duluth City Parks & Recreation,,3180 Bunten Rd,,Duluth,GA,30096-3654,7,,1,3,,,False,False,1,True,,,1,,1,0,1,,,,,,,,,,True,True,False,True,True,,,5,,,,,,,,,,,,,,,6,False,,,,False,,Other,GA - Operations,,None,Semi-Monthly,Operations,1,Crane Integrated Facility Services Inc.,,,Main,GA,,,GA,No,No,Standard,eHub Mobile Timekeeping,,,,,,,,,,,,,,,,,,,,,,,,,,,,,,,,,,,,,,,,,,,,,,,,,,,,,,,,,,,,,,,,,,,,,,,,,,,,,,,151,False,,,,State,,,,,,City,State,Region,Service,Contract Owner,Service Provider,Manager,Reporting Super,Reviewing Super,Tier 10,Tier 11,Tier 12,,0,True,,
154,Chicago,Illinois,Midwest,Janitorial Project,Crane,3rd Party Subcontractor,None,None,None,None,None,None,True,9/3/2025 3:03:03 PM,,DSI Holding Corp.,,2400 Wisconsin Ave,,Downers Grove,IL,60515-4019,7,,1,3,,,False,False,1,True,,,1,,1,0,1,,,,,,,,,,True,True,False,True,True,,,,,,,,,,,,,,,,,,6,False,,,,False,,Other,GA - Operations,,None,,Operations,1,Crane Integrated Facility Services Inc.,,,Main,GA,,,IL,No,No,Standard,eHub Mobile Timekeeping,,,,,,,,,,,,,,,,,,,,,,,,,,,,,,,,,,,,,,,,,,,,,,,,,,,,,,,,,,,,,,,,,,,,,,,,,,,,,,,,False,,,,State,,,,,,City,State,Region,Service,Contract Owner,Service Provider,Manager,Reporting Super,Reviewing Super,Tier 10,Tier 11,Tier 12,,0,True,,
29,Buford,Georgia,Southeast,Contract Janitorial,House Account,Self-Service,None,None,None,None,None,None,False,4/24/2025 3:21:23 PM,1/27/2026 3:21:49 PM,Display It,,4345 Hamilton Mill Rd Ste 100,,Buford,GA,30518-3723,5,,1,3,,,True,False,1,False,9/30/2025,3,1,,6,26,1,,,,,,,,,,True,True,True,True,True,,8,,,,,,,,,,,,,,,,6,False,,,,False,,Internal Department,GA - Operations,Early Contract Termination,Silvestre Perez,,Operations,1,Crane Integrated Facility Services Inc.,,,Main,GA,,,GA,Yes,No,Standard,TeamTime,,,,,,,,,,,,,,,,,,,,,,,,,,,,,,,,,,,,,,,,,,,,,,,,,,,,,,,,,,,,,,,,,,,,,,,,,,,,,,,29,True,,,,State,,,,,,City,State,Region,Service,Contract Owner,Service Provider,Manager,Reporting Super,Reviewing Super,Tier 10,Tier 11,Tier 12,9/30/2025,1,True,,
28,Norcross,Georgia,Southeast,Contract Janitorial,House Account,Self-Service,None,None,None,None,None,None,True,4/24/2025 3:21:23 PM,5/28/2025 12:48:41 PM,Dent Wizard,,5390 Goshen Springs Rd,,Norcross,GA,30093-2211,5,,1,3,,,True,False,1,False,,,1,,6,26,1,,,,,,,,,,True,True,True,True,True,,8,,,,,,,,,,,,,,,,6,False,,,,False,,Internal Department,GA - Operations,,Silvestre Perez,,Operations,1,Crane Integrated Facility Services Inc.,,,Main,GA,,,GA,Yes,No,Standard,TeamTime,,,,,,,,,,,,,,,,,,,,,,,,,,,,,,,,,,,,,,,,,,,,,,,,,,,,,,,,,,,,,,,,,,,,,,,,,,,,,,,28,True,,,,State,,,,,,City,State,Region,Service,Contract Owner,Service Provider,Manager,Reporting Super,Reviewing Super,Tier 10,Tier 11,Tier 12,,0,True,,
27,Daytona Beach,Florida,Southeast,Contract Janitorial,House Account,Self-Service,None,None,None,None,None,None,True,4/24/2025 3:21:23 PM,8/1/2025 8:18:43 AM,Daytona International Speedway,,1 Daytona Blvd,,Daytona Beach,FL,32114-1252,5,,1,1,12,,False,False,1,False,,,1,,6,7,1,8.0000,16.0000,0.5000,,,,,,,True,True,True,True,True,,7,,,,,,,,,,,,,,,,5,False,,,,False,,Internal Department,FL - Operations,,Claudia Zanesky,,Operations,1,Crane Integrated Facility Services Inc.,,,Main,FL,Volusia,,FL,No,No,Standard,TeamTime,,,,,,,,,,,,,,,,,,,,,,,,,,,,,,,,,,,,,,,,,,,,,,,,,,,,,,,,,,,,,,,,,,,,,,,,,,,,,,,27,True,,,,State,County,,,,,City,State,Region,Service,Contract Owner,Service Provider,Manager,Reporting Super,Reviewing Super,Tier 10,Tier 11,Tier 12,,0,True,,
26,Buford,Georgia,Southeast,Contract Janitorial,House Account,Self-Service,None,None,None,None,None,None,True,4/24/2025 3:21:23 PM,5/28/2025 1:29:20 PM,CTDI - Gravel Springs Rd,,2880 Gravel Springs Road,,Buford,GA,30519,5,,1,3,,,True,False,1,False,,,1,,6,26,1,,,,,,,,,,True,True,True,True,True,,8,,,,,,,,,,,,,,,,6,False,,,,False,,Internal Department,GA - Operations,,Silvestre Perez,,Operations,1,Crane Integrated Facility Services Inc.,,,Main,GA,,,GA,Yes,No,Standard,TeamTime,,,,,,,,,,,,,,,,,,,,,,,,,,,,,,,,,,,,,,,,,,,,,,,,,,,,,,,,,,,,,,,,,,,,,,,,,,,,,,,26,True,,,,State,,,,,,City,State,Region,Service,Contract Owner,Service Provider,Manager,Reporting Super,Reviewing Super,Tier 10,Tier 11,Tier 12,,0,True,,
25,Buford,Georgia,Southeast,Contract Janitorial,House Account,Self-Service,None,None,None,None,None,None,True,4/24/2025 3:21:23 PM,5/28/2025 12:48:11 PM,CTDI - Buford Mill Dr,,2000 Buford Mill Dr Bldg 100,,Buford,GA,30519-4757,5,,1,3,,,True,False,1,False,,,1,,6,26,1,,,,,,,,,,True,True,True,True,True,,8,,,,,,,,,,,,,,,,6,False,,,,False,,Internal Department,GA - Operations,,Silvestre Perez,,Operations,1,Crane Integrated Facility Services Inc.,,,Main,GA,,,GA,Yes,No,Standard,TeamTime,,,,,,,,,,,,,,,,,,,,,,,,,,,,,,,,,,,,,,,,,,,,,,,,,,,,,,,,,,,,,,,,,,,,,,,,,,,,,,,25,True,,,,State,,,,,,City,State,Region,Service,Contract Owner,Service Provider,Manager,Reporting Super,Reviewing Super,Tier 10,Tier 11,Tier 12,,0,True,,
910,Fort Worth,Texas,Southwest,Contract Janitorial,Crane,Self-Service,Brad Jester,None,None,None,None,None,True,6/12/2026 12:29:28 PM,,Crowley ISD,,1900 Crooked Ln,,Fort Worth,TX,76112-4511,1,,1,9,,,False,False,1,True,,,1,,1,4,1,,,,,,,,,,True,True,False,True,True,,,5,,,,,,,,,,,,,,,15,False,,,,False,,Education,TX - Operations,,Brad Jester,Semi-Monthly,Operations,3,Crane Southwest Opco LLC,,,Main,TX,,,TX,No,No,Standard,eHub Mobile Timekeeping,,,,,,,,,,,,,,,,,,,,,,,,,,,,,,,,,,,,,,,,,,,,,,,,,,,,,,,,,,,,,,,,,,,,,,,,,,,,,,,910,False,,,,State,,,,,,City,State,Region,Service,Contract Owner,Service Provider,Manager,Reporting Super,Reviewing Super,Tier 10,Tier 11,Tier 12,,0,True,,
24,Duluth,Georgia,Southeast,Contract Janitorial,House Account,Self-Service,None,None,None,None,None,None,True,4/24/2025 3:21:23 PM,,Costco Regional Office,,3980 Venture Dr,,Duluth,GA,30096-5077,5,,1,3,,,True,False,1,False,,,1,,6,26,1,,,,,,,,,,True,True,True,True,True,,8,,,,,,,,,,,,,,,,6,False,,,,False,,Internal Department,GA - Operations,,Silvestre Perez,,Operations,1,Crane Integrated Facility Services Inc.,,,Main,GA,,,GA,Yes,No,Standard,TeamTime,,,,,,,,,,,,,,,,,,,,,,,,,,,,,,,,,,,,,,,,,,,,,,,,,,,,,,,,,,,,,,,,,,,,,,,,,,,,,,,24,True,,,,State,,,,,,City,State,Region,Service,Contract Owner,Service Provider,Manager,Reporting Super,Reviewing Super,Tier 10,Tier 11,Tier 12,,0,True,,
63252,xCorporate/Overhead,xCorporate/Overhead,Corporate/Overhead,Corporate/Overhead,Corporate/Overhead,Corporate/Overhead,Jeff Abbott,Corporate/Overhead,None,None,None,None,True,8/21/2025 1:10:04 PM,8/21/2025 1:10:27 PM,Corporate/Overhead Job - Crane West,,6325 Regency Pkwy Ste 840,,Norcross,GA,30071-2339,0,,1,1,,,False,False,1,True,,,1,,6,33,6,8.0000,16.0000,0.5000,,,,,,,True,True,True,True,True,,22,,,,,,,,,,,,,,,,2,False,,,,False,,None,Any - Admin,,Jordan Perry,,Overhead,2,Crane West Opco LLC,,,Main,FL,,,GA,No,No,Standard,TeamTime,,,,,,,,,,,,,,,,,,,,,,,,,,,,,,,,,,,,,,,,,,,,,,,,,,,,,,,,,,,,,,,,,,,,,,,,,,,,,,,63252,False,,,,State,,,,,,City,State,Region,Service,Contract Owner,Service Provider,Manager,Reporting Super,Reviewing Super,Tier 10,Tier 11,Tier 12,,0,True,,
63253,xCorporate/Overhead,xCorporate/Overhead,Corporate/Overhead,Corporate/Overhead,Corporate/Overhead,Corporate/Overhead,Jeff Abbott,Corporate/Overhead,None,None,None,None,True,6/5/2026 9:35:18 AM,6/5/2026 9:35:31 AM,Corporate/Overhead Job - Crane Southwest,,6325 Regency Pkwy Ste 840,,Norcross,GA,30071-2339,0,,1,1,,,False,False,1,True,,,1,,6,33,6,8.0000,16.0000,0.5000,,,,,,,True,True,True,True,True,,22,,,,,,,,,,,,,,,,2,False,,,,False,,None,Any - Admin,,Jordan Perry,,Overhead,3,Crane Southwest Opco LLC,,,Main,FL,,,GA,No,No,Standard,TeamTime,,,,,,,,,,,,,,,,,,,,,,,,,,,,,,,,,,,,,,,,,,,,,,,,,,,,,,,,,,,,,,,,,,,,,,,,,,,,,,,,False,,,,State,,,,,,City,State,Region,Service,Contract Owner,Service Provider,Manager,Reporting Super,Reviewing Super,Tier 10,Tier 11,Tier 12,,0,True,,
6325,xCorporate/Overhead,xCorporate/Overhead,Corporate/Overhead,Corporate/Overhead,Corporate/Overhead,Corporate/Overhead,Jeff Abbott,Corporate/Overhead,None,None,None,None,True,1/9/2018 11:12:32 AM,8/21/2025 1:10:51 PM,Corporate/Overhead Job - Crane IFS,,6325 Regency Pkwy Ste 840,,Norcross,GA,30071-2339,0,,1,1,,,False,False,1,True,,,1,,6,33,6,8.0000,16.0000,0.5000,,,,,,,True,True,True,True,True,,22,,,,,,,,,,,,,,,,2,False,,,,False,,None,Any - Admin,,Jordan Perry,,Overhead,1,Crane Integrated Facility Services Inc.,,,Main,FL,,,GA,No,No,Standard,TeamTime,,,,,,,,,,,,,,,,,,,,,,,,,,,,,,,,,,,,,,,,,,,,,,,,,,,,,,,,,,,,,,,,,,,,,,,,,,,,,,,6325,False,,,,State,,,,,,City,State,Region,Service,Contract Owner,Service Provider,Manager,Reporting Super,Reviewing Super,Tier 10,Tier 11,Tier 12,,0,True,,
23,Los Angeles,California,West,Contract Janitorial,House Account,Self-Service,None,None,None,None,None,None,True,4/24/2025 3:21:23 PM,2/3/2026 8:59:50 AM,"CoreSite Real Estate LA2 & LA3, LP (LA3)",,200 Bauchet St,,Los Angeles,CA,90012-4855,5,,1,2,,,True,False,1,False,,,1,,6,44,8,,,,,,,,,,True,True,True,True,True,,3,,,,,,,,,,,,,,,,4,False,,,,False,,Internal Department,CA - Janitorial Service,,Carlos Bernal,,Operations CA w/ M&R,2,Crane West Opco LLC,,,Main,CA,,,CA,Yes,No,Standard,TeamTime,,,,,,,,,,,,,,,,,,,,,,,,,,,,,,,,,,,,,,,,,,,,,,,,,,,,,,,,,,,,,,,,,,,,,,,,,,,,,,,23,True,,,,State,,,,,,City,State,Region,Service,Contract Owner,Service Provider,Manager,Reporting Super,Reviewing Super,Tier 10,Tier 11,Tier 12,,0,True,,
22,Los Angeles,California,West,Contract Janitorial,House Account,Self-Service,None,None,None,None,None,None,True,4/24/2025 3:21:23 PM,2/6/2026 6:52:02 AM,"CoreSite Real Estate LA2 & LA3, LP (LA2)",,900 N Alameda St,,Los Angeles,CA,90012-2904,5,,1,2,,,True,False,1,False,,,1,,6,44,8,,,,,,,,,,True,True,True,True,True,,3,,,,,,,,,,,,,,,,4,False,,,,False,,Internal Department,CA - Janitorial Service,,Carlos Bernal,,Operations CA w/ M&R,2,Crane West Opco LLC,,,Main,CA,,,CA,Yes,No,Standard,TeamTime,,,,,,,,,,,,,,,,,,,,,,,,,,,,,,,,,,,,,,,,,,,,,,,,,,,,,,,,,,,,,,,,,,,,,,,,,,,,,,,22,True,,,,State,,,,,,City,State,Region,Service,Contract Owner,Service Provider,Manager,Reporting Super,Reviewing Super,Tier 10,Tier 11,Tier 12,,0,True,,
21,Los Angeles,California,West,Contract Janitorial,House Account,Self-Service,None,None,None,None,None,None,True,4/24/2025 3:21:23 PM,2/3/2026 8:59:00 AM,CoreSite One Wilshire LLC (LA1),,624 South Grand Avenue,,Los Angeles,CA,90017,5,,1,2,,,True,False,1,False,,,1,,6,44,8,,,,,,,,,,True,True,True,True,True,,3,,,,,,,,,,,,,,,,4,False,,,,False,,Internal Department,CA - Janitorial Service,,Carlos Bernal,,Operations CA w/ M&R,2,Crane West Opco LLC,,,Main,CA,,,CA,Yes,No,Standard,TeamTime,,,,,,,,,,,,,,,,,,,,,,,,,,,,,,,,,,,,,,,,,,,,,,,,,,,,,,,,,,,,,,,,,,,,,,,,,,,,,,,21,True,,,,State,,,,,,City,State,Region,Service,Contract Owner,Service Provider,Manager,Reporting Super,Reviewing Super,Tier 10,Tier 11,Tier 12,,0,True,,
20,Daytona Beach,Florida,Southeast,Contract Janitorial,House Account,Self-Service,None,None,None,None,None,None,True,4/24/2025 3:21:23 PM,6/5/2025 1:43:17 PM,Coquina Office Properties,,825 Ballough Road,,Daytona Beach,FL,32114,5,,1,1,12,,True,False,1,False,,,1,,6,7,1,,,,,,,,,,True,True,True,True,True,,7,,,,,,,,,,,,,,,,5,False,,,,False,,Internal Department,FL - Operations,,Claudia Zanesky,,Operations,1,Crane Integrated Facility Services Inc.,,,Main,FL,Volusia,,FL,Yes,No,Standard,TeamTime,,,,,,,,,,,,,,,,,,,,,,,,,,,,,,,,,,,,,,,,,,,,,,,,,,,,,,,,,,,,,,,,,,,,,,,,,,,,,,,20,True,,,,State,County,,,,,City,State,Region,Service,Contract Owner,Service Provider,Manager,Reporting Super,Reviewing Super,Tier 10,Tier 11,Tier 12,,0,True,,
19,Atlanta,Georgia,Southeast,Contract Janitorial,House Account,Self-Service,None,None,None,None,None,None,True,4/24/2025 3:21:23 PM,5/28/2025 12:48:09 PM,Community Loans,,8601 Dunwoody Pl Ste 406,,Atlanta,GA,30350-2550,5,,1,3,,,True,False,1,False,,,1,,6,26,1,,,,,,,,,,True,True,True,True,True,,8,,,,,,,,,,,,,,,,6,False,,,,False,,Internal Department,GA - Operations,,Silvestre Perez,,Operations,1,Crane Integrated Facility Services Inc.,,,Main,GA,,,GA,Yes,No,Standard,TeamTime,,,,,,,,,,,,,,,,,,,,,,,,,,,,,,,,,,,,,,,,,,,,,,,,,,,,,,,,,,,,,,,,,,,,,,,,,,,,,,,19,True,,,,State,,,,,,City,State,Region,Service,Contract Owner,Service Provider,Manager,Reporting Super,Reviewing Super,Tier 10,Tier 11,Tier 12,,0,True,,
18,Norcross,Georgia,Southeast,Contract Janitorial,House Account,Self-Service,None,None,None,None,None,None,True,4/24/2025 3:21:23 PM,5/28/2025 12:48:06 PM,Colorchrome,,5555 Oakbrook Pkwy Ste 555,,Norcross,GA,30093-6214,5,,1,3,,,True,False,1,False,,,1,,6,26,1,,,,,,,,,,True,True,True,True,True,,8,,,,,,,,,,,,,,,,6,False,,,,False,,Internal Department,GA - Operations,,Silvestre Perez,,Operations,1,Crane Integrated Facility Services Inc.,,,Main,GA,,,GA,Yes,No,Standard,TeamTime,,,,,,,,,,,,,,,,,,,,,,,,,,,,,,,,,,,,,,,,,,,,,,,,,,,,,,,,,,,,,,,,,,,,,,,,,,,,,,,18,True,,,,State,,,,,,City,State,Region,Service,Contract Owner,Service Provider,Manager,Reporting Super,Reviewing Super,Tier 10,Tier 11,Tier 12,,0,True,,
17,Atlanta,Georgia,Southeast,Contract Janitorial,House Account,3rd Party Subcontractor,None,None,None,None,None,None,True,4/24/2025 3:21:23 PM,5/28/2025 12:48:03 PM,Colony Square Dental Associates,,1175 Peachtree St NE Ste 1210,,Atlanta,GA,30361-3544,3,,1,3,,,True,False,1,False,,,1,,6,26,1,,,,,,,,,,True,True,True,True,True,,8,,,,,,,,,,,,,,,,6,False,,,,False,,Healthcare,GA - Operations,,Silvestre Perez,,Operations,1,Crane Integrated Facility Services Inc.,,,Main,GA,,,GA,Yes,No,Standard,TeamTime,,,,,,,,,,,,,,,,,,,,,,,,,,,,,,,,,,,,,,,,,,,,,,,,,,,,,,,,,,,,,,,,,,,,,,,,,,,,,,,17,True,,,,State,,,,,,City,State,Region,Service,Contract Owner,Service Provider,Manager,Reporting Super,Reviewing Super,Tier 10,Tier 11,Tier 12,,0,True,,
16,Norcross,Georgia,Southeast,Contract Janitorial,House Account,Self-Service,None,None,None,None,None,None,True,4/24/2025 3:21:23 PM,5/28/2025 12:48:01 PM,Colliers Internantional,,6090 Northbelt Pkwy Ste A,,Norcross,GA,30071-4613,5,,1,3,,,True,False,1,False,,,1,,6,26,1,,,,,,,,,,True,True,True,True,True,,8,,,,,,,,,,,,,,,,6,False,,,,False,,Internal Department,GA - Operations,,Silvestre Perez,,Operations,1,Crane Integrated Facility Services Inc.,,,Main,GA,,,GA,Yes,No,Standard,TeamTime,,,,,,,,,,,,,,,,,,,,,,,,,,,,,,,,,,,,,,,,,,,,,,,,,,,,,,,,,,,,,,,,,,,,,,,,,,,,,,,16,True,,,,State,,,,,,City,State,Region,Service,Contract Owner,Service Provider,Manager,Reporting Super,Reviewing Super,Tier 10,Tier 11,Tier 12,,0,True,,
15,Smyrna,Georgia,Southeast,Contract Janitorial,House Account,3rd Party Subcontractor,None,None,None,None,None,None,True,4/24/2025 3:21:23 PM,5/28/2025 12:47:57 PM,Cochran & Edwards,,2950 Atlanta Rd SE,,Smyrna,GA,30080-3655,5,,1,3,,,True,False,1,False,,,1,,6,26,1,,,,,,,,,,True,True,True,True,True,,8,,,,,,,,,,,,,,,,6,False,,,,False,,Internal Department,GA - Operations,,Silvestre Perez,,Operations,1,Crane Integrated Facility Services Inc.,,,Main,GA,,,GA,Yes,No,Standard,TeamTime,,,,,,,,,,,,,,,,,,,,,,,,,,,,,,,,,,,,,,,,,,,,,,,,,,,,,,,,,,,,,,,,,,,,,,,,,,,,,,,15,True,,,,State,,,,,,City,State,Region,Service,Contract Owner,Service Provider,Manager,Reporting Super,Reviewing Super,Tier 10,Tier 11,Tier 12,,0,True,,
158,Duluth,Georgia,Southeast,Janitorial Project,Crane,Self-Service,None,None,None,None,None,None,True,2/10/2026 8:58:54 AM,,City of Duluth,,3167 Main St,,Duluth,GA,30096-3263,2,,1,3,,,False,False,1,True,,,1,,1,0,1,,,,,,,,,,True,True,False,True,True,,,5,,,,,,,,,,,,,,,6,False,,,,False,,Government,GA - Operations,,None,Semi-Monthly,Operations,1,Crane Integrated Facility Services Inc.,,,Main,GA,,,GA,No,No,Standard,eHub Mobile Timekeeping,,,,,,,,,,,,,,,,,,,,,,,,,,,,,,,,,,,,,,,,,,,,,,,,,,,,,,,,,,,,,,,,,,,,,,,,,,,,,,,158,False,,,,State,,,,,,City,State,Region,Service,Contract Owner,Service Provider,Manager,Reporting Super,Reviewing Super,Tier 10,Tier 11,Tier 12,,0,True,,
14,Lawrenceville,Georgia,Southeast,Contract Janitorial,House Account,Self-Service,None,None,None,None,None,None,True,4/24/2025 3:21:23 PM,5/28/2025 12:47:52 PM,CBM of America,,309 Oakland Rd Ste 900,,Lawrenceville,GA,30044-6307,5,,1,3,,,True,False,1,False,,,1,,6,26,1,,,,,,,,,,True,True,True,True,True,,8,,,,,,,,,,,,,,,,6,False,,,,False,,Internal Department,GA - Operations,,Silvestre Perez,,Operations,1,Crane Integrated Facility Services Inc.,,,Main,GA,,,GA,Yes,No,Standard,TeamTime,,,,,,,,,,,,,,,,,,,,,,,,,,,,,,,,,,,,,,,,,,,,,,,,,,,,,,,,,,,,,,,,,,,,,,,,,,,,,,,14,True,,,,State,,,,,,City,State,Region,Service,Contract Owner,Service Provider,Manager,Reporting Super,Reviewing Super,Tier 10,Tier 11,Tier 12,,0,True,,
163,Tempe,Arizona,Southwest,Contract Janitorial,Crane,Franchise Subcontractor,Joemaine Spears,None,None,None,None,None,True,4/29/2026 6:30:09 AM,4/29/2026 6:31:31 AM,"Carvana - Tempe, AZ",,707 E Gilbert Dr,,Tempe,AZ,85288-6030,11,,1,15,,,False,False,1,True,,,1,,1,43,1,,,,,,,,,,True,True,False,True,True,,,5,,,,,,,,,,,,,,,6,False,,,,False,,Retail,GA - Operations,,Joemaine Spears,Semi-Monthly,Operations,1,Crane Integrated Facility Services Inc.,,,Main,AR,,,AZ,No,No,Standard,eHub Mobile Timekeeping,,,,,,,,,,,,,,,,,,,,,,,,,,,,,,,,,,,,,,,,,,,,,,,,,,,,,,,,,,,,,,,,,,,,,,,,,,,,,,,,False,,,,State,,,,,,City,State,Region,Service,Contract Owner,Service Provider,Manager,Reporting Super,Reviewing Super,Tier 10,Tier 11,Tier 12,,0,True,,
162,Peoria,Arizona,Southwest,Contract Janitorial,Crane,Franchise Subcontractor,Joemaine Spears,None,None,None,None,None,True,4/29/2026 6:28:17 AM,,"Carvana - Peoria, AZ",,8316 West Bell Road,,Peoria,AZ,85382,11,,1,15,,,False,False,1,True,,,1,,1,43,1,,,,,,,,,,True,True,False,True,True,,,5,,,,,,,,,,,,,,,6,False,,,,False,,Retail,GA - Operations,,Joemaine Spears,Semi-Monthly,Operations,1,Crane Integrated Facility Services Inc.,,,Main,AR,,,AZ,No,No,Standard,eHub Mobile Timekeeping,,,,,,,,,,,,,,,,,,,,,,,,,,,,,,,,,,,,,,,,,,,,,,,,,,,,,,,,,,,,,,,,,,,,,,,,,,,,,,,,False,,,,State,,,,,,City,State,Region,Service,Contract Owner,Service Provider,Manager,Reporting Super,Reviewing Super,Tier 10,Tier 11,Tier 12,,0,True,,
159,Oklahoma City,Oklahoma,Southwest,Contract Janitorial,Crane,Self-Service,Joemaine Spears,None,None,None,None,None,True,2/20/2026 11:02:40 AM,4/29/2026 6:29:58 AM,Carvana - Oklahoma City,,5500 S Rockwell St,,Oklahoma City,OK,73179-6609,11,,1,7,,,False,False,1,True,,,1,,1,54,1,,,,,,,,,,True,True,False,True,True,,,5,,,,,,,,,,,,,,,12,False,,,,False,,Retail,OK - Operations,,Binada Robinson,Semi-Monthly,Operations,1,Crane Integrated Facility Services Inc.,,,Main,OK,,,OK,No,No,Standard,eHub Mobile Timekeeping,,,,,,,,,,,,,,,,,,,,,,,,,,,,,,,,,,,,,,,,,,,,,,,,,,,,,,,,,,,,,,,,,,,,,,,,,,,,,,,159,False,,,,State,,,,,,City,State,Region,Service,Contract Owner,Service Provider,Manager,Reporting Super,Reviewing Super,Tier 10,Tier 11,Tier 12,,0,True,,
13,Suwanee,Georgia,Southeast,Contract Janitorial,House Account,Self-Service,None,None,None,None,None,None,True,4/24/2025 3:21:23 PM,5/28/2025 12:47:42 PM,Building Reports,,1325 Satellite Blvd NW Ste 1607,,Suwanee,GA,30024-4657,5,,1,3,,,True,False,1,False,,,1,,6,26,1,,,,,,,,,,True,True,True,True,True,,8,,,,,,,,,,,,,,,,6,False,,,,False,,Internal Department,GA - Operations,,Silvestre Perez,,Operations,1,Crane Integrated Facility Services Inc.,,,Main,GA,,,GA,Yes,No,Standard,TeamTime,,,,,,,,,,,,,,,,,,,,,,,,,,,,,,,,,,,,,,,,,,,,,,,,,,,,,,,,,,,,,,,,,,,,,,,,,,,,,,,13,True,,,,State,,,,,,City,State,Region,Service,Contract Owner,Service Provider,Manager,Reporting Super,Reviewing Super,Tier 10,Tier 11,Tier 12,,0,True,,
12,Alpharetta,Georgia,Southeast,Contract Janitorial,House Account,Self-Service,None,None,None,None,None,None,True,4/24/2025 3:21:23 PM,5/28/2025 1:24:14 PM,Blend,,6515 Shiloh Road 4th Floor,,Alpharetta,GA,30005,5,,1,3,,,True,False,1,False,,,1,,6,26,1,,,,,,,,,,True,True,True,True,True,,8,,,,,,,,,,,,,,,,6,False,,,,False,,Internal Department,GA - Operations,,Silvestre Perez,,Operations,1,Crane Integrated Facility Services Inc.,,,Main,GA,,,GA,Yes,No,Standard,TeamTime,,,,,,,,,,,,,,,,,,,,,,,,,,,,,,,,,,,,,,,,,,,,,,,,,,,,,,,,,,,,,,,,,,,,,,,,,,,,,,,12,True,,,,State,,,,,,City,State,Region,Service,Contract Owner,Service Provider,Manager,Reporting Super,Reviewing Super,Tier 10,Tier 11,Tier 12,,0,True,,
156,Norcross,Georgia,Southeast,Contract Janitorial,Crane,Self-Service,Silvestre Perez,None,None,None,None,None,True,1/2/2026 1:00:56 PM,,BIA Charter School,,186 Hunter St,,Norcross,GA,30071-1825,1,,1,3,,,False,False,1,True,,,1,,6,26,1,,,,,,,,,,True,True,False,True,True,,,,,,,,,,,,,,,,,,6,False,,,,False,,Education,GA - Operations,,Silvestre Perez,,Operations,1,Crane Integrated Facility Services Inc.,,,Main,GA,,,GA,No,No,Standard,TeamTime,,,,,,,,,,,,,,,,,,,,,,,,,,,,,,,,,,,,,,,,,,,,,,,,,,,,,,,,,,,,,,,,,,,,,,,,,,,,,,,156,False,,,,State,,,,,,City,State,Region,Service,Contract Owner,Service Provider,Manager,Reporting Super,Reviewing Super,Tier 10,Tier 11,Tier 12,,0,True,,
11,Alpharetta,Georgia,Southeast,Contract Janitorial,House Account,Self-Service,None,None,None,None,None,None,True,4/24/2025 3:21:23 PM,5/28/2025 1:00:29 PM,Benchmarck  Technology,,1665 Bluegrass Lakes Pkwy Ste 100,,Alpharetta,GA,30004,5,,1,3,,,True,False,1,False,,,1,,6,26,1,,,,,,,,,,True,True,True,True,True,,8,,,,,,,,,,,,,,,,6,False,,,,False,,Internal Department,GA - Operations,,Silvestre Perez,,Operations,1,Crane Integrated Facility Services Inc.,,,Main,GA,,,GA,Yes,No,Standard,TeamTime,,,,,,,,,,,,,,,,,,,,,,,,,,,,,,,,,,,,,,,,,,,,,,,,,,,,,,,,,,,,,,,,,,,,,,,,,,,,,,,11,True,,,,State,,,,,,City,State,Region,Service,Contract Owner,Service Provider,Manager,Reporting Super,Reviewing Super,Tier 10,Tier 11,Tier 12,,0,True,,
BalSheet,WT System Job,WT System Job,WT System Job,WT System Job,WT System Job,WT System Job,Gabriel Vasquez,WT System Job,None,None,None,None,True,5/4/1996,5/28/2025 1:34:05 PM,Balance Sheet,,6325 Regency Pkwy Ste 840,,Norcross,GA,30071-2339,0,,1,1,,,False,False,1,True,,,1,,,0,5,,,,,,,,,,False,False,False,False,False,,22,,,,,,,,,,,,,,,,1,False,,,,False,,None,WT System Job,,None,,WT System Job,1,Crane Integrated Facility Services Inc.,,,Main,FL,,,GA,No,No,Standard,,,,,,,,,,,,,,,,,,,,,,,,,,,,,,,,,,,,,,,,,,,,,,,,,,,,,,,,,,,,,,,,,,,,,,,,,,,,,,,,,False,,,,State,,,,,,City,State,Region,Service,Contract Owner,Service Provider,Manager,Reporting Super,Reviewing Super,Tier 10,Tier 11,Tier 12,,0,True,,
BalSheet2,WT System Job,WT System Job,WT System Job,WT System Job,WT System Job,WT System Job,Gabriel Vasquez,WT System Job,None,None,None,None,True,2/26/2025 1:33:32 PM,5/28/2025 1:34:45 PM,Balance Sheet,,6325 Regency Pkwy Ste 840,,Norcross,GA,30071-2339,0,,1,1,,,False,False,1,True,,,1,,,0,5,,,,,,,,,,False,False,False,False,False,,22,,,,,,,,,,,,,,,,1,False,,,,False,,None,WT System Job,,None,,WT System Job,2,Crane West Opco LLC,,,Main,FL,,,GA,No,No,Standard,,,,,,,,,,,,,,,,,,,,,,,,,,,,,,,,,,,,,,,,,,,,,,,,,,,,,,,,,,,,,,,,,,,,,,,,,,,,,,,,,False,,,,State,,,,,,City,State,Region,Service,Contract Owner,Service Provider,Manager,Reporting Super,Reviewing Super,Tier 10,Tier 11,Tier 12,,0,True,,
BalSheet3,WT System Job,WT System Job,WT System Job,WT System Job,WT System Job,WT System Job,Gabriel Vasquez,WT System Job,None,None,None,None,True,4/28/2026 9:10:44 AM,4/28/2026 9:10:44 AM,Balance Sheet,,6325 Regency Pkwy Ste 840,,Norcross,GA,30071-2339,0,,1,1,,,False,False,1,True,,,1,,,0,5,,,,,,,,,,False,False,False,False,False,,22,,,,,,,,,,,,,,,,1,False,,,,False,,None,WT System Job,,None,,WT System Job,3,Crane Southwest Opco LLC,,,Main,FL,,,GA,No,No,Standard,,,,,,,,,,,,,,,,,,,,,,,,,,,,,,,,,,,,,,,,,,,,,,,,,,,,,,,,,,,,,,,,,,,,,,,,,,,,,,,,,False,,,,State,,,,,,City,State,Region,Service,Contract Owner,Service Provider,Manager,Reporting Super,Reviewing Super,Tier 10,Tier 11,Tier 12,,0,True,,
10,Tucker,Georgia,Southeast,Contract Janitorial,House Account,Self-Service,None,None,None,None,None,None,True,4/24/2025 3:21:23 PM,5/28/2025 12:51:46 PM,Babcock & Wilcox (Diamond Pwr),,2540 Mountain Industrial Blvd Ste E,,Tucker,GA,30084-3817,5,,1,3,,,True,False,1,False,,,1,,6,26,1,,,,,,,,,,True,True,True,True,True,,8,,,,,,,,,,,,,,,,6,False,,,,False,,Internal Department,GA - Operations,,Silvestre Perez,,Operations,1,Crane Integrated Facility Services Inc.,,,Main,GA,,,GA,Yes,No,Standard,TeamTime,,,,,,,,,,,,,,,,,,,,,,,,,,,,,,,,,,,,,,,,,,,,,,,,,,,,,,,,,,,,,,,,,,,,,,,,,,,,,,,10,True,,,,State,,,,,,City,State,Region,Service,Contract Owner,Service Provider,Manager,Reporting Super,Reviewing Super,Tier 10,Tier 11,Tier 12,,0,True,,
9,Suwanee,Georgia,Southeast,Contract Janitorial,House Account,Self-Service,None,None,None,None,None,None,True,4/24/2025 3:21:23 PM,5/28/2025 12:47:38 PM,Asys,,140 Satellite Blvd NE Ste D,,Suwanee,GA,30024-7128,5,,1,3,,,True,False,1,False,,,1,,6,26,1,,,,,,,,,,True,True,True,True,True,,8,,,,,,,,,,,,,,,,6,False,,,,False,,Internal Department,GA - Operations,,Silvestre Perez,,Operations,1,Crane Integrated Facility Services Inc.,,,Main,GA,,,GA,Yes,No,Standard,TeamTime,,,,,,,,,,,,,,,,,,,,,,,,,,,,,,,,,,,,,,,,,,,,,,,,,,,,,,,,,,,,,,,,,,,,,,,,,,,,,,,9,True,,,,State,,,,,,City,State,Region,Service,Contract Owner,Service Provider,Manager,Reporting Super,Reviewing Super,Tier 10,Tier 11,Tier 12,,0,True,,
8,Douglasville,Georgia,Southeast,Contract Janitorial,Franchisor,Self-Service,None,None,None,None,None,None,True,4/24/2025 3:21:23 PM,8/1/2025 8:18:13 AM,ARC - Box Handlers,,9851 Commerce Way,,Douglasville,GA,30135-3101,3,,1,3,,,True,False,1,False,,,1,,6,26,1,8.0000,16.0000,0.5000,,,,,,,True,True,True,True,True,,8,,,,,,,,,,,,,,,,6,False,,,,False,,Healthcare,GA - Operations,,Silvestre Perez,,Operations,1,Crane Integrated Facility Services Inc.,,,Main,GA,,,GA,Yes,No,Standard,TeamTime,,,,,,,,,,,,,,,,,,,,,,,,,,,,,,,,,,,,,,,,,,,,,,,,,,,,,,,,,,,,,,,,,,,,,,,,,,,,,,,8,True,,,,State,,,,,,City,State,Region,Service,Contract Owner,Service Provider,Manager,Reporting Super,Reviewing Super,Tier 10,Tier 11,Tier 12,,0,True,,
7,Woodstock,Georgia,Southeast,Contract Janitorial,Franchisor,Self-Service,None,None,None,None,None,None,True,4/24/2025 3:21:23 PM,5/28/2025 12:47:35 PM,Amedisys- Woodstock,,400 Churchill Ct Ste 440,,Woodstock,GA,30188-6871,5,,1,3,,,True,False,1,False,,,1,,6,26,1,,,,,,,,,,True,True,True,True,True,,8,,,,,,,,,,,,,,,,6,False,,,,False,,Internal Department,GA - Operations,,Silvestre Perez,,Operations,1,Crane Integrated Facility Services Inc.,,,Main,GA,,,GA,Yes,No,Standard,TeamTime,,,,,,,,,,,,,,,,,,,,,,,,,,,,,,,,,,,,,,,,,,,,,,,,,,,,,,,,,,,,,,,,,,,,,,,,,,,,,,,7,True,,,,State,,,,,,City,State,Region,Service,Contract Owner,Service Provider,Manager,Reporting Super,Reviewing Super,Tier 10,Tier 11,Tier 12,,0,True,,
6,Stockbridge,Georgia,Southeast,Contract Janitorial,Franchisor,3rd Party Subcontractor,None,None,None,None,None,None,True,4/24/2025 3:21:23 PM,5/28/2025 12:47:32 PM,Amedisys - Stockbridge,,250 Village Center Pkwy Ste 200,,Stockbridge,GA,30281-9104,5,,1,3,,,True,False,1,False,,,1,,6,26,1,,,,,,,,,,True,True,True,True,True,,8,,,,,,,,,,,,,,,,6,False,,,,False,,Internal Department,GA - Operations,,Silvestre Perez,,Operations,1,Crane Integrated Facility Services Inc.,,,Main,GA,,,GA,Yes,No,Standard,TeamTime,,,,,,,,,,,,,,,,,,,,,,,,,,,,,,,,,,,,,,,,,,,,,,,,,,,,,,,,,,,,,,,,,,,,,,,,,,,,,,,6,True,,,,State,,,,,,City,State,Region,Service,Contract Owner,Service Provider,Manager,Reporting Super,Reviewing Super,Tier 10,Tier 11,Tier 12,,0,True,,
5,Duluth,Georgia,Southeast,Contract Janitorial,Franchisor,Self-Service,None,None,None,None,None,None,True,4/24/2025 3:21:23 PM,3/25/2026 9:55:02 AM,Amedisys - Dululth,,3505 Duluth Park Ln Ste 300,,Duluth,GA,30096-3203,5,,1,3,,,True,False,1,False,,,1,,6,26,1,,,,,,,,,,True,True,True,True,True,,8,,,,,,,,,,,,,,,,6,False,,,,False,,Internal Department,GA - Operations,,Silvestre Perez,,Operations,1,Crane Integrated Facility Services Inc.,,,Main,GA,,,GA,Yes,No,Standard,TeamTime,,,,,,,,,,,,,,,,,,,,,,,,,,,,,,,,,,,,,,,,,,,,,,,,,,,,,,,,,,,,,,,,,,,,,,,,,,,,,,,5,True,,,,State,,,,,,City,State,Region,Service,Contract Owner,Service Provider,Manager,Reporting Super,Reviewing Super,Tier 10,Tier 11,Tier 12,,0,True,,
514,Milwaukee,Wisconson,Midwest,Contract Janitorial,SMFM,Self-Service,Joemaine Spears,None,None,None,None,None,True,1/26/2026 6:46:51 AM,2/2/2026 8:29:54 AM,Amazon - UWI2,,3935 West Mitchell Street,,Milwaukee,WI,53215-1700,4,,1,11,,,False,False,1,True,,,1,,1,29,1,,,,,,,,,,True,True,False,True,True,,,5,,,,,,,,,,,,,,,17,False,,,,False,,"Indstrl, Mnftng, Warehouse",WI - Operations,,Trevinus Dorsey,Semi-Monthly,Operations,1,Crane Integrated Facility Services Inc.,,,Amazon,WI,,,WI,No,No,Standard,eHub Mobile Timekeeping,,,,,,,,,,,,,,,,,,,,,,,,,,,,,,,,,,,,,,,,,,,,,,,,,,,,,,,,,,,,,,,,,,,,,,,,,,,,,,,514,False,,,,State,,,,,,City,State,Region,Service,Contract Owner,Service Provider,Manager,Reporting Super,Reviewing Super,Tier 10,Tier 11,Tier 12,,0,True,,
517,Austin,Texas,Southwest,Contract Janitorial,SMFM,Franchise Subcontractor,Geff Borges,None,None,None,None,None,True,3/3/2026 8:01:07 AM,3/16/2026 8:47:55 AM,Amazon - UTX9,,4616 West Howard Lane,,Austin,TX,78728,4,,1,9,,,False,False,1,False,,,1,,1,0,1,,,,,,,,,,True,True,False,True,True,,,5,,,,,,,,,,,,,,,15,False,,,,False,,"Indstrl, Mnftng, Warehouse",TX - Operations,,None,Semi-Monthly,Operations,1,Crane Integrated Facility Services Inc.,,,Amazon,TX,,,TX,No,No,Standard,eHub Mobile Timekeeping,,,,,,,,,,,,,,,,,,,,,,,,,,,,,,,,,,,,,,,,,,,,,,,,,,,,,,,,,,,,,,,,,,,,,,,,,,,,,,,,False,,,,State,,,,,,City,State,Region,Service,Contract Owner,Service Provider,Manager,Reporting Super,Reviewing Super,Tier 10,Tier 11,Tier 12,,0,True,,
516,San Antonio,Texas,Southwest,Contract Janitorial,SMFM,Franchise Subcontractor,Geff Borges,None,None,None,None,None,True,3/3/2026 7:56:40 AM,3/16/2026 8:49:07 AM,Amazon - UTX8,,4825 Eisenhauer Rd,,San Antonio,TX,78218-3870,4,,1,9,,,False,False,1,False,,,1,,1,0,1,,,,,,,,,,True,True,False,True,True,,,5,,,,,,,,,,,,,,,15,False,,,,False,,"Indstrl, Mnftng, Warehouse",TX - Operations,,None,Semi-Monthly,Operations,1,Crane Integrated Facility Services Inc.,,,Amazon,TX,,,TX,No,No,Standard,eHub Mobile Timekeeping,,,,,,,,,,,,,,,,,,,,,,,,,,,,,,,,,,,,,,,,,,,,,,,,,,,,,,,,,,,,,,,,,,,,,,,,,,,,,,,,False,,,,State,,,,,,City,State,Region,Service,Contract Owner,Service Provider,Manager,Reporting Super,Reviewing Super,Tier 10,Tier 11,Tier 12,,0,True,,
513,Dallas,Texas,Southwest,Contract Janitorial,SMFM,Self-Service,Joemaine Spears,None,None,None,None,None,True,1/26/2026 6:43:33 AM,1/31/2026 11:11:56 AM,Amazon - UTX4,,6627 Maple Ave,,Dallas,TX,75235-4622,4,,1,9,,,False,False,1,True,,,1,,1,4,1,,,,,,,,,,True,True,False,True,True,,,5,,,,,,,,,,,,,,,15,False,,,,False,,"Indstrl, Mnftng, Warehouse",TX - Operations,,Brad Jester,Semi-Monthly,Operations,1,Crane Integrated Facility Services Inc.,,,Amazon,TX,,,TX,No,No,Standard,eHub Mobile Timekeeping,,,,,,,,,,,,,,,,,,,,,,,,,,,,,,,,,,,,,,,,,,,,,,,,,,,,,,,,,,,,,,,,,,,,,,,,,,,,,,,513,False,,,,State,,,,,,City,State,Region,Service,Contract Owner,Service Provider,Manager,Reporting Super,Reviewing Super,Tier 10,Tier 11,Tier 12,,0,True,,
510,Brisbane,California,West,Contract Janitorial,SMFM,Self-Service,Joemaine Spears,None,None,None,None,None,True,1/26/2026 6:41:15 AM,3/11/2026 3:57:22 PM,Amazon - USF4,,455 Valley Dr,,Brisbane,CA,94005-1209,4,,1,2,,,False,False,1,True,,,1,,1,49,8,,,,,,,,,,True,True,False,True,True,,,5,,,,,,,,,,,,,,,4,False,,,,False,,"Indstrl, Mnftng, Warehouse",CA - Janitorial Service,,Joselyn Mayoral Salas,Semi-Monthly,Operations CA w/ M&R,2,Crane West Opco LLC,,,Amazon,CA,,,CA,No,No,Standard,eHub Mobile Timekeeping,,,,,,,,,,,,,,,,,,,,,,,,,,,,,,,,,,,,,,,,,,,,,,,,,,,,,,,,,,,,,,,,,,,,,,,,,,,,,,,510,False,,,,State,,,,,,City,State,Region,Service,Contract Owner,Service Provider,Manager,Reporting Super,Reviewing Super,Tier 10,Tier 11,Tier 12,,0,True,,
509,San Diego,California,West,Contract Janitorial,SMFM,Self-Service,Joemaine Spears,None,None,None,None,None,True,1/26/2026 6:37:19 AM,2/2/2026 6:13:21 AM,Amazon - USD1,,9269 Lightwave Ave,,San Diego,CA,92123-6405,4,,1,2,,,False,False,1,True,,,1,,1,44,8,,,,,,,,,,True,True,False,True,True,,,5,,,,,,,,,,,,,,,4,False,,,,False,,"Indstrl, Mnftng, Warehouse",CA - Janitorial Service,,Carlos Bernal,Semi-Monthly,Operations CA w/ M&R,2,Crane West Opco LLC,,,Amazon,CA,,,CA,No,No,Standard,eHub Mobile Timekeeping,,,,,,,,,,,,,,,,,,,,,,,,,,,,,,,,,,,,,,,,,,,,,,,,,,,,,,,,,,,,,,,,,,,,,,,,,,,,,,,509,False,,,,State,,,,,,City,State,Region,Service,Contract Owner,Service Provider,Manager,Reporting Super,Reviewing Super,Tier 10,Tier 11,Tier 12,,0,True,,
515,Raleigh,North Carolina,Southeast,Contract Janitorial,SMFM,Franchise Subcontractor,Geff Borges,None,None,None,None,None,True,3/3/2026 7:56:17 AM,,Amazon - UNC2,,3200 Bush St,,Raleigh,NC,27609-7503,4,,1,3,,,False,False,1,True,,,1,,1,0,1,,,,,,,,,,True,True,False,True,True,,,5,,,,,,,,,,,,,,,6,False,,,,False,,"Indstrl, Mnftng, Warehouse",GA - Operations,,None,Semi-Monthly,Operations,1,Crane Integrated Facility Services Inc.,,,Amazon,GA,,,NC,No,No,Standard,eHub Mobile Timekeeping,,,,,,,,,,,,,,,,,,,,,,,,,,,,,,,,,,,,,,,,,,,,,,,,,,,,,,,,,,,,,,,,,,,,,,,,,,,,,,,,False,,,,State,,,,,,City,State,Region,Service,Contract Owner,Service Provider,Manager,Reporting Super,Reviewing Super,Tier 10,Tier 11,Tier 12,,0,True,,
508,Los Angeles,California,West,Contract Janitorial,SMFM,Self-Service,Joemaine Spears,None,None,None,None,None,True,1/26/2026 6:33:33 AM,2/2/2026 6:12:24 AM,Amazon - UCA5,,3334 N San Fernando Road,Bldg E,Los Angeles,CA,90065,4,,1,2,,,False,False,1,True,,,1,,1,44,8,,,,,,,,,,True,True,False,True,True,,,5,,,,,,,,,,,,,,,4,False,,,,False,,"Indstrl, Mnftng, Warehouse",CA - Janitorial Service,,Carlos Bernal,Semi-Monthly,Operations CA w/ M&R,2,Crane West Opco LLC,,,Amazon,CA,,,CA,No,No,Standard,eHub Mobile Timekeeping,,,,,,,,,,,,,,,,,,,,,,,,,,,,,,,,,,,,,,,,,,,,,,,,,,,,,,,,,,,,,,,,,,,,,,,,,,,,,,,508,False,,,,State,,,,,,City,State,Region,Service,Contract Owner,Service Provider,Manager,Reporting Super,Reviewing Super,Tier 10,Tier 11,Tier 12,,0,True,,
130,Bristol,Indiana,Midwest,Contract Janitorial,Crane,Self-Service,None,None,None,None,None,None,True,6/6/2025 1:24:06 PM,9/18/2025 9:52:52 AM,Amazon - SBN1,,21300 Walorski Pkwy,,Bristol,IN,46507,4,,1,13,,,False,False,1,True,,,1,,6,32,1,7.0000,13.0000,0.5000,,,,,,,True,True,False,True,True,,,5,,,,,,,,,,,,,,,19,False,,,,False,,"Indstrl, Mnftng, Warehouse",IN - Operations,,Breinner Ramirez,Semi-Monthly,Operations,1,Crane Integrated Facility Services Inc.,,,Amazon,IN,,,IN,No,No,Standard,TeamTime,,,,,,,,,,,,,,,,,,,,,,,,,,,,,,,,,,,,,,,,,,,,,,,,,,,,,,,,,,,,,,,,,,,,,,,,,,,,,,,130,False,,,,State,,,,,,City,State,Region,Service,Contract Owner,Service Provider,Manager,Reporting Super,Reviewing Super,Tier 10,Tier 11,Tier 12,,0,True,,
504,Desert Hot Springs,California,West,Contract Janitorial,SMFM,Self-Service,Gabriel Vasquez,None,None,None,None,None,True,10/14/2025 11:36:34 AM,5/12/2026 1:18:44 PM,Amazon - PSP3,,64165 19th Avenue,,Desert Hot Springs,CA,92240,4,,1,2,,,False,False,1,True,,,1,,6,59,8,,,,,,,,,,True,True,False,True,True,,,5,,,,,,,,,,,,,,,4,False,,,,False,,"Indstrl, Mnftng, Warehouse",CA - Janitorial Service,,Guillermo Figueroa Chavez,Semi-Monthly,Operations CA w/ M&R,2,Crane West Opco LLC,,,Amazon,CA,,,CA,No,No,Standard,TeamTime,,,,,,,,,,,,,,,,,,,,,,,,,,,,,,,,,,,,,,,,,,,,,,,,,,,,,,,,,,,,,,,,,,,,,,,,,,,,,,,504,False,,,,State,,,,,,City,State,Region,Service,Contract Owner,Service Provider,Manager,Reporting Super,Reviewing Super,Tier 10,Tier 11,Tier 12,,0,True,,
502,Norcross,Georgia,Southeast,Out of Scope,SMFM,3rd Party Subcontractor,None,None,None,None,None,None,True,8/22/2025 3:18:35 PM,8/22/2025 3:27:34 PM,Amazon - Project - Crane West,,6325 Regency Pkwy Ste 840,,Norcross,GA,30071-2339,4,,1,3,,,False,False,1,True,,,1,,6,0,1,,,,,,,,,,True,True,False,True,True,,,,,,,,,,,,,,,,,,22,False,,,,False,,"Indstrl, Mnftng, Warehouse",Subcontracted,,None,,Operations,2,Crane West Opco LLC,,,Amazon,GA,,,GA,No,No,Standard,TeamTime,,,,,,,,,,,,,,,,,,,,,,,,,,,,,,,,,,,,,,,,,,,,,,,,,,,,,,,,,,,,,,,,,,,,,,,,,,,,,,,,False,,,,State,,,,,,City,State,Region,Service,Contract Owner,Service Provider,Manager,Reporting Super,Reviewing Super,Tier 10,Tier 11,Tier 12,,0,True,,
501,Norcross,Georgia,Southeast,Out of Scope,SMFM,3rd Party Subcontractor,None,None,None,None,None,None,True,8/22/2025 2:09:34 PM,,Amazon - Project - Crane IFS,,6325 Regency Pkwy Ste 840,,Norcross,GA,30071-2339,4,,1,3,,,False,False,1,True,,,1,,6,0,1,,,,,,,,,,True,True,False,True,True,,,,,,,,,,,,,,,,,,22,False,,,,False,,"Indstrl, Mnftng, Warehouse",Subcontracted,,None,,Operations,1,Crane Integrated Facility Services Inc.,,,Amazon,GA,,,GA,No,No,Standard,TeamTime,,,,,,,,,,,,,,,,,,,,,,,,,,,,,,,,,,,,,,,,,,,,,,,,,,,,,,,,,,,,,,,,,,,,,,,,,,,,,,,,False,,,,State,,,,,,City,State,Region,Service,Contract Owner,Service Provider,Manager,Reporting Super,Reviewing Super,Tier 10,Tier 11,Tier 12,,0,True,,
506,Norcross,Georgia,Southeast,None,SMFM,Self-Service,None,None,None,None,None,None,True,10/28/2025 12:02:44 PM,,Amazon - Mgmt,,6325 Regency Pkwy Ste 840,,Norcross,GA,30071-2339,0,,1,3,,,False,False,1,True,,,1,,1,0,2,,,,,,,,,,True,True,False,True,True,,,,,,,,,,,,,,,,,,2,False,,,,False,,None,Any - Admin,,None,,Administration,1,Crane Integrated Facility Services Inc.,,,Amazon,GA,,,GA,No,No,Standard,eHub Mobile Timekeeping,,,,,,,,,,,,,,,,,,,,,,,,,,,,,,,,,,,,,,,,,,,,,,,,,,,,,,,,,,,,,,,,,,,,,,,,,,,,,,,,False,,,,State,,,,,,City,State,Region,Service,Contract Owner,Service Provider,Manager,Reporting Super,Reviewing Super,Tier 10,Tier 11,Tier 12,,0,True,,
146,Rancho Cordova,California,West,Contract Janitorial,SMFM,Self-Service,None,None,None,None,None,None,True,7/16/2025 7:31:06 PM,3/11/2026 3:54:26 PM,Amazon - MCC1,,3300 Rancho Cordova Pkwy,,Rancho Cordova,CA,95742,4,,1,2,,,False,False,1,True,,,1,,6,49,8,,,,,,,,,,True,True,True,True,True,,,,,,,,,,,,,,,,,,4,False,,,,False,,"Indstrl, Mnftng, Warehouse",CA - Janitorial Service,,Joselyn Mayoral Salas,,Operations CA w/ M&R,2,Crane West Opco LLC,,,Amazon,CA,,,CA,No,No,Standard,TeamTime,,,,,,,,,,,,,,,,,,,,,,,,,,,,,,,,,,,,,,,,,,,,,,,,,,,,,,,,,,,,,,,,,,,,,,,,,,,,,,,146,False,,,,State,,,,,,City,State,Region,Service,Contract Owner,Service Provider,Manager,Reporting Super,Reviewing Super,Tier 10,Tier 11,Tier 12,,0,True,,
500,Eastvale,California,West,Contract Janitorial,SMFM,Self-Service,None,None,None,None,None,None,True,8/7/2025 6:36:35 AM,3/30/2026 2:29:57 PM,Amazon - LGB3,,4950 Goodman Rd,,Eastvale,CA,91752-5087,4,,1,2,,,False,False,1,True,,,1,,6,50,8,,,,,,,,,,True,True,False,True,True,,,5,,,,,,,,,,,,,,,4,False,,,,False,,"Indstrl, Mnftng, Warehouse",CA - Janitorial Service,,Isabel Coulter,Semi-Monthly,Operations CA w/ M&R,2,Crane West Opco LLC,,,Amazon,CA,,,CA,No,No,Standard,TeamTime,,,,,,,,,,,,,,,,,,,,,,,,,,,,,,,,,,,,,,,,,,,,,,,,,,,,,,,,,,,,,,,,,,,,,,,,,,,,,,,500,False,,,,State,,,,,,City,State,Region,Service,Contract Owner,Service Provider,Manager,Reporting Super,Reviewing Super,Tier 10,Tier 11,Tier 12,,0,True,,
519,Round Rock,Texas,Southwest,Contract Janitorial,SMFM,Franchise Subcontractor,Joemaine Spears,None,None,None,None,None,True,5/4/2026 9:07:01 AM,5/4/2026 9:08:52 AM,Amazon - DUA3,,2525 County Road 172,,Round Rock,TX,78681-1300,4,,1,6,,,False,False,1,True,,,1,,1,0,1,,,,,,,,,,True,True,False,True,True,,,5,,,,,,,,,,,,,,,20,False,,,,False,,"Indstrl, Mnftng, Warehouse",NY - Operations,,None,Semi-Monthly,Operations,1,Crane Integrated Facility Services Inc.,,,Amazon,OH,,,TX,No,No,Standard,eHub Mobile Timekeeping,,,,,,,,,,,,,,,,,,,,,,,,,,,,,,,,,,,,,,,,,,,,,,,,,,,,,,,,,,,,,,,,,,,,,,,,,,,,,,,519,False,,,,State,,,,,,City,State,Region,Service,Contract Owner,Service Provider,Manager,Reporting Super,Reviewing Super,Tier 10,Tier 11,Tier 12,,0,True,,
4,Detroit,Michigan,Midwest,Contract Janitorial,SMFM,Self-Service,None,None,None,None,None,None,True,4/24/2025 3:21:23 PM,2/8/2026 7:36:47 PM,Amazon - DTW1,,32801 Ecorse Rd,,Romulus,MI,48174-1628,4,,1,5,,,True,False,1,False,,,1,,6,42,1,7.0000,13.0000,0.5000,,,,,,,True,True,True,True,True,,18,,,,,,,,,,,,,,,,9,False,,,,False,,"Indstrl, Mnftng, Warehouse",MI - Operations,,Nicole Reynosa,,Operations,1,Crane Integrated Facility Services Inc.,,,Amazon,MI,,,MI,Yes,No,Standard,TeamTime,,,,,,,,,,,,,,,,,,,,,,,,,,,,,,,,,,,,,,,,,,,,,,,,,,,,,,,,,,,,,,,,,,,,,,,,,,,,,,,4,True,,,,State,,,,,,City,State,Region,Service,Contract Owner,Service Provider,Manager,Reporting Super,Reviewing Super,Tier 10,Tier 11,Tier 12,,0,True,,
518,St. Cloud,Minnesota,Midwest,Contract Janitorial,SMFM,Franchise Subcontractor,Geff Borges,None,None,None,None,None,True,4/6/2026 12:19:38 PM,,Amazon - DMP4,,11300 Hudson Road,,Saint Paul,MN,55129,4,,1,6,,,False,False,1,True,,,1,,1,0,1,,,,,,,,,,True,True,False,True,True,,,5,,,,,,,,,,,,,,,20,False,,,,False,,"Indstrl, Mnftng, Warehouse",NY - Operations,,None,Semi-Monthly,Operations,1,Crane Integrated Facility Services Inc.,,,Amazon,OH,,,MN,No,No,Standard,eHub Mobile Timekeeping,,,,,,,,,,,,,,,,,,,,,,,,,,,,,,,,,,,,,,,,,,,,,,,,,,,,,,,,,,,,,,,,,,,,,,,,,,,,,,,,False,,,,State,,,,,,City,State,Region,Service,Contract Owner,Service Provider,Manager,Reporting Super,Reviewing Super,Tier 10,Tier 11,Tier 12,,0,True,,
507,Detroit,Michigan,Midwest,Contract Janitorial,SMFM,Self-Service,None,None,None,None,None,None,True,11/10/2025 1:12:33 PM,11/10/2025 1:12:41 PM,Amazon - DET6 MM,,20110 Woodward Ave,,Detroit,MI,48203-1083,4,,1,5,,,True,False,1,False,,,1,,6,6,1,7.0000,13.0000,0.5000,,,,,,,True,True,True,True,True,,18,,,,,,,,,,,,,,,,9,False,,,,False,,"Indstrl, Mnftng, Warehouse",MI - Operations,,Chris Bales,,Operations,1,Crane Integrated Facility Services Inc.,,,Amazon,MI,,,MI,Yes,No,Standard,TeamTime,,,,,,,,,,,,,,,,,,,,,,,,,,,,,,,,,,,,,,,,,,,,,,,,,,,,,,,,,,,,,,,,,,,,,,,,,,,,,,,507,True,,,,State,,,,,,City,State,Region,Service,Contract Owner,Service Provider,Manager,Reporting Super,Reviewing Super,Tier 10,Tier 11,Tier 12,,0,True,,
3,Detroit,Michigan,Midwest,Contract Janitorial,SMFM,Self-Service,None,None,None,None,None,None,True,4/24/2025 3:21:23 PM,2/17/2026 3:03:25 PM,Amazon - DET6,,20110 Woodward Ave,,Detroit,MI,48203-1083,4,,1,5,,,True,False,1,False,,,1,,6,47,1,7.0000,13.0000,0.5000,,,,,,,True,True,True,True,True,,18,,,,,,,,,,,,,,,,9,False,,,,False,,"Indstrl, Mnftng, Warehouse",MI - Operations,,Laura Parra,,Operations,1,Crane Integrated Facility Services Inc.,,,Amazon,MI,,,MI,Yes,No,Standard,TeamTime,,,,,,,,,,,,,,,,,,,,,,,,,,,,,,,,,,,,,,,,,,,,,,,,,,,,,,,,,,,,,,,,,,,,,,,,,,,,,,,3,True,,,,State,,,,,,City,State,Region,Service,Contract Owner,Service Provider,Manager,Reporting Super,Reviewing Super,Tier 10,Tier 11,Tier 12,,0,True,,
503,Pontiac,Michigan,Midwest,Contract Janitorial,SMFM,Self-Service,None,None,None,None,None,None,True,8/26/2025 4:07:41 PM,4/1/2026 7:54:09 PM,Amazon - DET3,,1220 Featherstone Rd,,Pontiac,MI,48342,4,,1,5,,,False,False,1,True,,,1,,6,42,1,7.0000,13.0000,0.5000,,,,,,,True,True,False,True,True,,,5,,,,,,,,,,,,,,,9,False,,,,False,,"Indstrl, Mnftng, Warehouse",MI - Operations,,Nicole Reynosa,Semi-Monthly,Operations,1,Crane Integrated Facility Services Inc.,,,Amazon,MI,,,MI,No,No,Standard,TeamTime,,,,,,,,,,,,,,,,,,,,,,,,,,,,,,,,,,,,,,,,,,,,,,,,,,,,,,,,,,,,,,,,,,,,,,,,,,,,,,,503,False,,,,State,,,,,,City,State,Region,Service,Contract Owner,Service Provider,Manager,Reporting Super,Reviewing Super,Tier 10,Tier 11,Tier 12,,0,True,,
505,Vacaville,California,West,Contract Janitorial,SMFM,Self-Service,Gabriel Vasquez,None,None,None,None,None,True,10/22/2025 11:41:04 AM,4/10/2026 2:32:19 PM,Amazon - APC2,,920 Eubanks Drive,,Vacaville,CA,95688,4,,1,2,,,False,False,1,True,,,1,,6,49,8,,,,,,,,,,True,True,False,True,True,,,5,,,,,,,,,,,,,,,4,False,,,,False,,"Indstrl, Mnftng, Warehouse",CA - Janitorial Service,,Joselyn Mayoral Salas,Semi-Monthly,Operations CA w/ M&R,2,Crane West Opco LLC,,,Amazon,CA,,,CA,No,No,Standard,TeamTime,,,,,,,,,,,,,,,,,,,,,,,,,,,,,,,,,,,,,,,,,,,,,,,,,,,,,,,,,,,,,,,,,,,,,,,,,,,,,,,505,False,,,,State,,,,,,City,State,Region,Service,Contract Owner,Service Provider,Manager,Reporting Super,Reviewing Super,Tier 10,Tier 11,Tier 12,,0,True,,
2,Norcross,Georgia,Southeast,Contract Janitorial,House Account,Self-Service,Joemaine Spears,None,None,None,None,None,True,4/24/2025 3:21:23 PM,2/2/2026 8:45:57 AM,Allstate Electrical,,6110 Northbelt Pkwy Ste D,,Norcross,GA,30071-4639,5,,1,3,,,True,False,1,False,,,1,,6,26,1,,,,,,,,,,True,True,True,True,True,,8,,,,,,,,,,,,,,,,6,False,,,,False,,Internal Department,GA - Operations,,Silvestre Perez,,Operations,1,Crane Integrated Facility Services Inc.,,,Main,GA,,,GA,Yes,No,Standard,TeamTime,,,,,,,,,,,,,,,,,,,,,,,,,,,,,,,,,,,,,,,,,,,,,,,,,,,,,,,,,,,,,,,,,,,,,,,,,,,,,,,2,True,,,,State,,,,,,City,State,Region,Service,Contract Owner,Service Provider,Manager,Reporting Super,Reviewing Super,Tier 10,Tier 11,Tier 12,,0,True,,
164,Petersburg,Virginia,Southeast,Contract Janitorial,Crane,Self-Service,Joemaine Spears,None,None,None,None,None,True,5/19/2026 9:05:14 AM,6/12/2026 12:19:46 PM,"ALDI, Inc. - Petersburg",,6801 Aldi Way,,Petersburg,VA,23803-6752,11,,1,10,,,False,False,1,True,,,1,,1,66,1,,,,,,,,,,True,True,False,True,True,,,5,,,,,,,,,,,,,,6/1/2026,16,False,,,,False,,Retail,VA - Operations,,Roman Lorenzo,Semi-Monthly,Operations,1,Crane Integrated Facility Services Inc.,,,Main,VA,,,VA,No,No,Standard,eHub Mobile Timekeeping,,,,,,,,,,,,,,,,,,,,,,,,,,,,,,,,,,,,,,,,,,,,,,,,,,,,,,,,,,,,,,,,,,,,,,,,,,,,,,,164,False,,,,State,,,,,,City,State,Region,Service,Contract Owner,Service Provider,Manager,Reporting Super,Reviewing Super,Tier 10,Tier 11,Tier 12,,0,True,,
161,Atlanta,Georgia,Southeast,Contract Janitorial,Crane,Self-Service,Brad Jester,None,None,None,None,None,True,4/16/2026 11:42:31 AM,,Akrometrix #2,,3077 McCall Drive,,Atlanta,GA,30340,6,,1,3,,,False,False,1,True,,,1,,1,26,1,,,,,,,,,,True,True,False,True,True,,,5,,,,,,,,,,,,,,,6,False,,,,False,,Office,GA - Operations,,Silvestre Perez,Semi-Monthly,Operations,1,Crane Integrated Facility Services Inc.,,,Main,GA,,,GA,No,No,Standard,eHub Mobile Timekeeping,,,,,,,,,,,,,,,,,,,,,,,,,,,,,,,,,,,,,,,,,,,,,,,,,,,,,,,,,,,,,,,,,,,,,,,,,,,,,,,161,False,,,,State,,,,,,City,State,Region,Service,Contract Owner,Service Provider,Manager,Reporting Super,Reviewing Super,Tier 10,Tier 11,Tier 12,,0,True,,
1,Atlanta,Georgia,Southeast,Contract Janitorial,House Account,Self-Service,Joemaine Spears,None,None,None,None,None,True,4/24/2025 3:21:23 PM,2/2/2026 8:45:45 AM,Akrometrix,,2700 Northeast Expy B 500,,Atlanta,GA,30345,5,,1,3,,,True,False,1,False,,,1,,6,26,1,,,,,,,,,,True,True,True,True,True,,8,,,,,,,,,,,,,,,,6,False,,,,False,,Internal Department,GA - Operations,,Silvestre Perez,,Operations,1,Crane Integrated Facility Services Inc.,,,Main,GA,,,GA,Yes,No,Standard,TeamTime,,,,,,,,,,,,,,,,,,,,,,,,,,,,,,,,,,,,,,,,,,,,,,,,,,,,,,,,,,,,,,,,,,,,,,,,,,,,,,,1,True,,,,State,,,,,,City,State,Region,Service,Contract Owner,Service Provider,Manager,Reporting Super,Reviewing Super,Tier 10,Tier 11,Tier 12,,0,True,,
155,Duluth,Georgia,Southeast,Janitorial Project,Crane,Self-Service,Joemaine Spears,None,None,None,None,None,True,11/7/2025 2:45:38 PM,2/2/2026 8:45:29 AM,"Airgas, Inc.",,3025 Evergreen Drive,,Duluth,GA,30096,6,,1,3,,,False,False,1,True,,,1,,1,0,1,,,,,,,,,,True,True,False,True,True,,,5,,,,,,,,,,,,,,,6,False,,,,False,,Office,GA - Operations,,None,Semi-Monthly,Operations,1,Crane Integrated Facility Services Inc.,,,Main,GA,,,GA,No,No,Standard,eHub Mobile Timekeeping,,,,,,,,,,,,,,,,,,,,,,,,,,,,,,,,,,,,,,,,,,,,,,,,,,,,,,,,,,,,,,,,,,,,,,,,,,,,,,,,False,,,,State,,,,,,City,State,Region,Service,Contract Owner,Service Provider,Manager,Reporting Super,Reviewing Super,Tier 10,Tier 11,Tier 12,,0,True,,
157,Miami Beach,Florida,Southeast,Contract Janitorial,Crane,Self-Service,Joemaine Spears,None,None,None,None,None,True,1/22/2026 6:58:28 AM,4/28/2026 8:23:15 AM,72 Carlyle Showroom Lefferts,,580 72 St,Retail B1,Miami Beach,FL,33141,7,,1,1,,,False,False,1,True,,,1,,6,45,1,,,,,,,,,,True,True,False,True,True,,,,,,,,,,,,,,,,,,5,False,,,,False,,Other,FL - Operations,,Osleidy Jimenez,,Operations,1,Crane Integrated Facility Services Inc.,,,Main,FL,,,FL,No,No,Standard,TeamTime,,,,,,,,,,,,,,,,,,,,,,,,,,,,,,,,,,,,,,,,,,,,,,,,,,,,,,,,,,,,,,,,,,,,,,,,,,,,,,,,False,,,,State,,,,,,City,State,Region,Service,Contract Owner,Service Provider,Manager,Reporting Super,Reviewing Super,Tier 10,Tier 11,Tier 12,,0,True,,